[2026-08-28T15:46:10.514+0000] {processor.py:161} INFO - Started process (PID=165) to work on /opt/airflow/dags/lakehouse_pipeline.py
[2026-08-28T15:46:10.515+0000] {processor.py:830} INFO - Processing file /opt/airflow/dags/lakehouse_pipeline.py for tasks to queue
[2026-08-28T15:46:10.517+0000] {logging_mixin.py:188} INFO - [2026-08-28T15:46:10.517+0000] {dagbag.py:545} INFO - Filling up the DagBag from /opt/airflow/dags/lakehouse_pipeline.py
[2026-08-28T15:46:10.549+0000] {processor.py:840} INFO - DAG(s) 'lakehouse_pipeline' retrieved from /opt/airflow/dags/lakehouse_pipeline.py
[2026-08-28T15:46:10.946+0000] {logging_mixin.py:188} INFO - [2026-08-28T15:46:10.946+0000] {dag.py:3089} INFO - Sync 1 DAGs
[2026-08-28T15:46:10.957+0000] {logging_mixin.py:188} INFO - [2026-08-28T15:46:10.957+0000] {dag.py:3947} INFO - Setting next_dagrun for lakehouse_pipeline to None, run_after=None
[2026-08-28T15:46:10.982+0000] {processor.py:183} INFO - Processing /opt/airflow/dags/lakehouse_pipeline.py took 0.474 seconds
[2026-08-28T15:46:41.178+0000] {processor.py:161} INFO - Started process (PID=170) to work on /opt/airflow/dags/lakehouse_pipeline.py
[2026-08-28T15:46:41.179+0000] {processor.py:830} INFO - Processing file /opt/airflow/dags/lakehouse_pipeline.py for tasks to queue
[2026-08-28T15:46:41.180+0000] {logging_mixin.py:188} INFO - [2026-08-28T15:46:41.180+0000] {dagbag.py:545} INFO - Filling up the DagBag from /opt/airflow/dags/lakehouse_pipeline.py
[2026-08-28T15:46:41.202+0000] {processor.py:840} INFO - DAG(s) 'lakehouse_pipeline' retrieved from /opt/airflow/dags/lakehouse_pipeline.py
[2026-08-28T15:46:41.241+0000] {logging_mixin.py:188} INFO - [2026-08-28T15:46:41.241+0000] {dag.py:3089} INFO - Sync 1 DAGs
[2026-08-28T15:46:41.254+0000] {logging_mixin.py:188} INFO - [2026-08-28T15:46:41.253+0000] {dag.py:3947} INFO - Setting next_dagrun for lakehouse_pipeline to None, run_after=None
[2026-08-28T15:46:41.272+0000] {processor.py:183} INFO - Processing /opt/airflow/dags/lakehouse_pipeline.py took 0.101 seconds
[2026-08-28T15:47:11.379+0000] {processor.py:161} INFO - Started process (PID=175) to work on /opt/airflow/dags/lakehouse_pipeline.py
[2026-08-28T15:47:11.380+0000] {processor.py:830} INFO - Processing file /opt/airflow/dags/lakehouse_pipeline.py for tasks to queue
[2026-08-28T15:47:11.382+0000] {logging_mixin.py:188} INFO - [2026-08-28T15:47:11.382+0000] {dagbag.py:545} INFO - Filling up the DagBag from /opt/airflow/dags/lakehouse_pipeline.py
[2026-08-28T15:47:11.401+0000] {processor.py:840} INFO - DAG(s) 'lakehouse_pipeline' retrieved from /opt/airflow/dags/lakehouse_pipeline.py
[2026-08-28T15:47:11.440+0000] {logging_mixin.py:188} INFO - [2026-08-28T15:47:11.440+0000] {dag.py:3089} INFO - Sync 1 DAGs
[2026-08-28T15:47:11.453+0000] {logging_mixin.py:188} INFO - [2026-08-28T15:47:11.453+0000] {dag.py:3947} INFO - Setting next_dagrun for lakehouse_pipeline to None, run_after=None
[2026-08-28T15:47:11.471+0000] {processor.py:183} INFO - Processing /opt/airflow/dags/lakehouse_pipeline.py took 0.098 seconds
[2026-08-28T15:47:41.730+0000] {processor.py:161} INFO - Started process (PID=180) to work on /opt/airflow/dags/lakehouse_pipeline.py
[2026-08-28T15:47:41.731+0000] {processor.py:830} INFO - Processing file /opt/airflow/dags/lakehouse_pipeline.py for tasks to queue
[2026-08-28T15:47:41.733+0000] {logging_mixin.py:188} INFO - [2026-08-28T15:47:41.732+0000] {dagbag.py:545} INFO - Filling up the DagBag from /opt/airflow/dags/lakehouse_pipeline.py
[2026-08-28T15:47:41.752+0000] {processor.py:840} INFO - DAG(s) 'lakehouse_pipeline' retrieved from /opt/airflow/dags/lakehouse_pipeline.py
[2026-08-28T15:47:41.790+0000] {logging_mixin.py:188} INFO - [2026-08-28T15:47:41.790+0000] {dag.py:3089} INFO - Sync 1 DAGs
[2026-08-28T15:47:41.803+0000] {logging_mixin.py:188} INFO - [2026-08-28T15:47:41.802+0000] {dag.py:3947} INFO - Setting next_dagrun for lakehouse_pipeline to None, run_after=None
[2026-08-28T15:47:41.822+0000] {processor.py:183} INFO - Processing /opt/airflow/dags/lakehouse_pipeline.py took 0.097 seconds
[2026-08-28T15:48:11.995+0000] {processor.py:161} INFO - Started process (PID=185) to work on /opt/airflow/dags/lakehouse_pipeline.py
[2026-08-28T15:48:11.995+0000] {processor.py:830} INFO - Processing file /opt/airflow/dags/lakehouse_pipeline.py for tasks to queue
[2026-08-28T15:48:11.997+0000] {logging_mixin.py:188} INFO - [2026-08-28T15:48:11.997+0000] {dagbag.py:545} INFO - Filling up the DagBag from /opt/airflow/dags/lakehouse_pipeline.py
[2026-08-28T15:48:12.020+0000] {processor.py:840} INFO - DAG(s) 'lakehouse_pipeline' retrieved from /opt/airflow/dags/lakehouse_pipeline.py
[2026-08-28T15:48:12.062+0000] {logging_mixin.py:188} INFO - [2026-08-28T15:48:12.062+0000] {dag.py:3089} INFO - Sync 1 DAGs
[2026-08-28T15:48:12.076+0000] {logging_mixin.py:188} INFO - [2026-08-28T15:48:12.076+0000] {dag.py:3947} INFO - Setting next_dagrun for lakehouse_pipeline to None, run_after=None
[2026-08-28T15:48:12.096+0000] {processor.py:183} INFO - Processing /opt/airflow/dags/lakehouse_pipeline.py took 0.107 seconds
[2026-08-28T15:48:42.374+0000] {processor.py:161} INFO - Started process (PID=1116) to work on /opt/airflow/dags/lakehouse_pipeline.py
[2026-08-28T15:48:42.374+0000] {processor.py:830} INFO - Processing file /opt/airflow/dags/lakehouse_pipeline.py for tasks to queue
[2026-08-28T15:48:42.378+0000] {logging_mixin.py:188} INFO - [2026-08-28T15:48:42.376+0000] {dagbag.py:545} INFO - Filling up the DagBag from /opt/airflow/dags/lakehouse_pipeline.py
[2026-08-28T15:48:42.410+0000] {processor.py:840} INFO - DAG(s) 'lakehouse_pipeline' retrieved from /opt/airflow/dags/lakehouse_pipeline.py
[2026-08-28T15:48:42.457+0000] {logging_mixin.py:188} INFO - [2026-08-28T15:48:42.457+0000] {dag.py:3089} INFO - Sync 1 DAGs
[2026-08-28T15:48:42.472+0000] {logging_mixin.py:188} INFO - [2026-08-28T15:48:42.472+0000] {dag.py:3947} INFO - Setting next_dagrun for lakehouse_pipeline to None, run_after=None
[2026-08-28T15:48:42.492+0000] {processor.py:183} INFO - Processing /opt/airflow/dags/lakehouse_pipeline.py took 0.124 seconds
[2026-08-28T15:49:12.607+0000] {processor.py:161} INFO - Started process (PID=1121) to work on /opt/airflow/dags/lakehouse_pipeline.py
[2026-08-28T15:49:12.608+0000] {processor.py:830} INFO - Processing file /opt/airflow/dags/lakehouse_pipeline.py for tasks to queue
[2026-08-28T15:49:12.610+0000] {logging_mixin.py:188} INFO - [2026-08-28T15:49:12.610+0000] {dagbag.py:545} INFO - Filling up the DagBag from /opt/airflow/dags/lakehouse_pipeline.py
[2026-08-28T15:49:12.630+0000] {processor.py:840} INFO - DAG(s) 'lakehouse_pipeline' retrieved from /opt/airflow/dags/lakehouse_pipeline.py
[2026-08-28T15:49:12.671+0000] {logging_mixin.py:188} INFO - [2026-08-28T15:49:12.671+0000] {dag.py:3089} INFO - Sync 1 DAGs
[2026-08-28T15:49:12.685+0000] {logging_mixin.py:188} INFO - [2026-08-28T15:49:12.684+0000] {dag.py:3947} INFO - Setting next_dagrun for lakehouse_pipeline to None, run_after=None
[2026-08-28T15:49:12.713+0000] {processor.py:183} INFO - Processing /opt/airflow/dags/lakehouse_pipeline.py took 0.112 seconds
[2026-08-28T15:49:42.951+0000] {processor.py:161} INFO - Started process (PID=1126) to work on /opt/airflow/dags/lakehouse_pipeline.py
[2026-08-28T15:49:42.952+0000] {processor.py:830} INFO - Processing file /opt/airflow/dags/lakehouse_pipeline.py for tasks to queue
[2026-08-28T15:49:42.954+0000] {logging_mixin.py:188} INFO - [2026-08-28T15:49:42.954+0000] {dagbag.py:545} INFO - Filling up the DagBag from /opt/airflow/dags/lakehouse_pipeline.py
[2026-08-28T15:49:42.974+0000] {processor.py:840} INFO - DAG(s) 'lakehouse_pipeline' retrieved from /opt/airflow/dags/lakehouse_pipeline.py
[2026-08-28T15:49:43.018+0000] {logging_mixin.py:188} INFO - [2026-08-28T15:49:43.018+0000] {dag.py:3089} INFO - Sync 1 DAGs
[2026-08-28T15:49:43.031+0000] {logging_mixin.py:188} INFO - [2026-08-28T15:49:43.031+0000] {dag.py:3947} INFO - Setting next_dagrun for lakehouse_pipeline to None, run_after=None
[2026-08-28T15:49:43.050+0000] {processor.py:183} INFO - Processing /opt/airflow/dags/lakehouse_pipeline.py took 0.105 seconds
[2026-08-28T15:50:13.156+0000] {processor.py:161} INFO - Started process (PID=1131) to work on /opt/airflow/dags/lakehouse_pipeline.py
[2026-08-28T15:50:13.157+0000] {processor.py:830} INFO - Processing file /opt/airflow/dags/lakehouse_pipeline.py for tasks to queue
[2026-08-28T15:50:13.158+0000] {logging_mixin.py:188} INFO - [2026-08-28T15:50:13.158+0000] {dagbag.py:545} INFO - Filling up the DagBag from /opt/airflow/dags/lakehouse_pipeline.py
[2026-08-28T15:50:13.178+0000] {processor.py:840} INFO - DAG(s) 'lakehouse_pipeline' retrieved from /opt/airflow/dags/lakehouse_pipeline.py
[2026-08-28T15:50:13.217+0000] {logging_mixin.py:188} INFO - [2026-08-28T15:50:13.217+0000] {dag.py:3089} INFO - Sync 1 DAGs
[2026-08-28T15:50:13.230+0000] {logging_mixin.py:188} INFO - [2026-08-28T15:50:13.230+0000] {dag.py:3947} INFO - Setting next_dagrun for lakehouse_pipeline to None, run_after=None
[2026-08-28T15:50:13.247+0000] {processor.py:183} INFO - Processing /opt/airflow/dags/lakehouse_pipeline.py took 0.098 seconds
[2026-08-28T15:50:43.516+0000] {processor.py:161} INFO - Started process (PID=1136) to work on /opt/airflow/dags/lakehouse_pipeline.py
[2026-08-28T15:50:43.517+0000] {processor.py:830} INFO - Processing file /opt/airflow/dags/lakehouse_pipeline.py for tasks to queue
[2026-08-28T15:50:43.519+0000] {logging_mixin.py:188} INFO - [2026-08-28T15:50:43.519+0000] {dagbag.py:545} INFO - Filling up the DagBag from /opt/airflow/dags/lakehouse_pipeline.py
[2026-08-28T15:50:43.538+0000] {processor.py:840} INFO - DAG(s) 'lakehouse_pipeline' retrieved from /opt/airflow/dags/lakehouse_pipeline.py
[2026-08-28T15:50:43.577+0000] {logging_mixin.py:188} INFO - [2026-08-28T15:50:43.577+0000] {dag.py:3089} INFO - Sync 1 DAGs
[2026-08-28T15:50:43.590+0000] {logging_mixin.py:188} INFO - [2026-08-28T15:50:43.590+0000] {dag.py:3947} INFO - Setting next_dagrun for lakehouse_pipeline to None, run_after=None
[2026-08-28T15:50:43.617+0000] {processor.py:183} INFO - Processing /opt/airflow/dags/lakehouse_pipeline.py took 0.107 seconds
[2026-08-28T15:51:13.773+0000] {processor.py:161} INFO - Started process (PID=1141) to work on /opt/airflow/dags/lakehouse_pipeline.py
[2026-08-28T15:51:13.774+0000] {processor.py:830} INFO - Processing file /opt/airflow/dags/lakehouse_pipeline.py for tasks to queue
[2026-08-28T15:51:13.775+0000] {logging_mixin.py:188} INFO - [2026-08-28T15:51:13.775+0000] {dagbag.py:545} INFO - Filling up the DagBag from /opt/airflow/dags/lakehouse_pipeline.py
[2026-08-28T15:51:13.795+0000] {processor.py:840} INFO - DAG(s) 'lakehouse_pipeline' retrieved from /opt/airflow/dags/lakehouse_pipeline.py
[2026-08-28T15:51:13.841+0000] {logging_mixin.py:188} INFO - [2026-08-28T15:51:13.841+0000] {dag.py:3089} INFO - Sync 1 DAGs
[2026-08-28T15:51:13.856+0000] {logging_mixin.py:188} INFO - [2026-08-28T15:51:13.856+0000] {dag.py:3947} INFO - Setting next_dagrun for lakehouse_pipeline to None, run_after=None
[2026-08-28T15:51:13.878+0000] {processor.py:183} INFO - Processing /opt/airflow/dags/lakehouse_pipeline.py took 0.111 seconds
[2026-08-28T15:51:44.076+0000] {processor.py:161} INFO - Started process (PID=1146) to work on /opt/airflow/dags/lakehouse_pipeline.py
[2026-08-28T15:51:44.077+0000] {processor.py:830} INFO - Processing file /opt/airflow/dags/lakehouse_pipeline.py for tasks to queue
[2026-08-28T15:51:44.079+0000] {logging_mixin.py:188} INFO - [2026-08-28T15:51:44.078+0000] {dagbag.py:545} INFO - Filling up the DagBag from /opt/airflow/dags/lakehouse_pipeline.py
[2026-08-28T15:51:44.099+0000] {processor.py:840} INFO - DAG(s) 'lakehouse_pipeline' retrieved from /opt/airflow/dags/lakehouse_pipeline.py
[2026-08-28T15:51:44.138+0000] {logging_mixin.py:188} INFO - [2026-08-28T15:51:44.137+0000] {dag.py:3089} INFO - Sync 1 DAGs
[2026-08-28T15:51:44.150+0000] {logging_mixin.py:188} INFO - [2026-08-28T15:51:44.150+0000] {dag.py:3947} INFO - Setting next_dagrun for lakehouse_pipeline to None, run_after=None
[2026-08-28T15:51:44.169+0000] {processor.py:183} INFO - Processing /opt/airflow/dags/lakehouse_pipeline.py took 0.100 seconds
[2026-08-28T15:52:14.352+0000] {processor.py:161} INFO - Started process (PID=1151) to work on /opt/airflow/dags/lakehouse_pipeline.py
[2026-08-28T15:52:14.353+0000] {processor.py:830} INFO - Processing file /opt/airflow/dags/lakehouse_pipeline.py for tasks to queue
[2026-08-28T15:52:14.355+0000] {logging_mixin.py:188} INFO - [2026-08-28T15:52:14.354+0000] {dagbag.py:545} INFO - Filling up the DagBag from /opt/airflow/dags/lakehouse_pipeline.py
[2026-08-28T15:52:14.375+0000] {processor.py:840} INFO - DAG(s) 'lakehouse_pipeline' retrieved from /opt/airflow/dags/lakehouse_pipeline.py
[2026-08-28T15:52:14.413+0000] {logging_mixin.py:188} INFO - [2026-08-28T15:52:14.413+0000] {dag.py:3089} INFO - Sync 1 DAGs
[2026-08-28T15:52:14.426+0000] {logging_mixin.py:188} INFO - [2026-08-28T15:52:14.426+0000] {dag.py:3947} INFO - Setting next_dagrun for lakehouse_pipeline to None, run_after=None
[2026-08-28T15:52:14.445+0000] {processor.py:183} INFO - Processing /opt/airflow/dags/lakehouse_pipeline.py took 0.100 seconds
[2026-08-28T15:52:44.606+0000] {processor.py:161} INFO - Started process (PID=1156) to work on /opt/airflow/dags/lakehouse_pipeline.py
[2026-08-28T15:52:44.607+0000] {processor.py:830} INFO - Processing file /opt/airflow/dags/lakehouse_pipeline.py for tasks to queue
[2026-08-28T15:52:44.608+0000] {logging_mixin.py:188} INFO - [2026-08-28T15:52:44.608+0000] {dagbag.py:545} INFO - Filling up the DagBag from /opt/airflow/dags/lakehouse_pipeline.py
[2026-08-28T15:52:44.628+0000] {processor.py:840} INFO - DAG(s) 'lakehouse_pipeline' retrieved from /opt/airflow/dags/lakehouse_pipeline.py
[2026-08-28T15:52:44.667+0000] {logging_mixin.py:188} INFO - [2026-08-28T15:52:44.667+0000] {dag.py:3089} INFO - Sync 1 DAGs
[2026-08-28T15:52:44.680+0000] {logging_mixin.py:188} INFO - [2026-08-28T15:52:44.680+0000] {dag.py:3947} INFO - Setting next_dagrun for lakehouse_pipeline to None, run_after=None
[2026-08-28T15:52:44.708+0000] {processor.py:183} INFO - Processing /opt/airflow/dags/lakehouse_pipeline.py took 0.109 seconds
[2026-08-28T15:53:14.882+0000] {processor.py:161} INFO - Started process (PID=1161) to work on /opt/airflow/dags/lakehouse_pipeline.py
[2026-08-28T15:53:14.882+0000] {processor.py:830} INFO - Processing file /opt/airflow/dags/lakehouse_pipeline.py for tasks to queue
[2026-08-28T15:53:14.884+0000] {logging_mixin.py:188} INFO - [2026-08-28T15:53:14.884+0000] {dagbag.py:545} INFO - Filling up the DagBag from /opt/airflow/dags/lakehouse_pipeline.py
[2026-08-28T15:53:14.904+0000] {processor.py:840} INFO - DAG(s) 'lakehouse_pipeline' retrieved from /opt/airflow/dags/lakehouse_pipeline.py
[2026-08-28T15:53:14.944+0000] {logging_mixin.py:188} INFO - [2026-08-28T15:53:14.943+0000] {dag.py:3089} INFO - Sync 1 DAGs
[2026-08-28T15:53:14.956+0000] {logging_mixin.py:188} INFO - [2026-08-28T15:53:14.956+0000] {dag.py:3947} INFO - Setting next_dagrun for lakehouse_pipeline to None, run_after=None
[2026-08-28T15:53:14.974+0000] {processor.py:183} INFO - Processing /opt/airflow/dags/lakehouse_pipeline.py took 0.098 seconds
[2026-08-28T15:53:45.171+0000] {processor.py:161} INFO - Started process (PID=1166) to work on /opt/airflow/dags/lakehouse_pipeline.py
[2026-08-28T15:53:45.172+0000] {processor.py:830} INFO - Processing file /opt/airflow/dags/lakehouse_pipeline.py for tasks to queue
[2026-08-28T15:53:45.174+0000] {logging_mixin.py:188} INFO - [2026-08-28T15:53:45.174+0000] {dagbag.py:545} INFO - Filling up the DagBag from /opt/airflow/dags/lakehouse_pipeline.py
[2026-08-28T15:53:45.195+0000] {processor.py:840} INFO - DAG(s) 'lakehouse_pipeline' retrieved from /opt/airflow/dags/lakehouse_pipeline.py
[2026-08-28T15:53:45.245+0000] {logging_mixin.py:188} INFO - [2026-08-28T15:53:45.244+0000] {dag.py:3089} INFO - Sync 1 DAGs
[2026-08-28T15:53:45.261+0000] {logging_mixin.py:188} INFO - [2026-08-28T15:53:45.259+0000] {dag.py:3947} INFO - Setting next_dagrun for lakehouse_pipeline to None, run_after=None
[2026-08-28T15:53:45.283+0000] {processor.py:183} INFO - Processing /opt/airflow/dags/lakehouse_pipeline.py took 0.120 seconds
[2026-08-28T15:54:15.505+0000] {processor.py:161} INFO - Started process (PID=1171) to work on /opt/airflow/dags/lakehouse_pipeline.py
[2026-08-28T15:54:15.506+0000] {processor.py:830} INFO - Processing file /opt/airflow/dags/lakehouse_pipeline.py for tasks to queue
[2026-08-28T15:54:15.509+0000] {logging_mixin.py:188} INFO - [2026-08-28T15:54:15.509+0000] {dagbag.py:545} INFO - Filling up the DagBag from /opt/airflow/dags/lakehouse_pipeline.py
[2026-08-28T15:54:15.540+0000] {processor.py:840} INFO - DAG(s) 'lakehouse_pipeline' retrieved from /opt/airflow/dags/lakehouse_pipeline.py
[2026-08-28T15:54:15.670+0000] {logging_mixin.py:188} INFO - [2026-08-28T15:54:15.669+0000] {dag.py:3089} INFO - Sync 1 DAGs
[2026-08-28T15:54:15.688+0000] {logging_mixin.py:188} INFO - [2026-08-28T15:54:15.688+0000] {dag.py:3947} INFO - Setting next_dagrun for lakehouse_pipeline to None, run_after=None
[2026-08-28T15:54:15.707+0000] {processor.py:183} INFO - Processing /opt/airflow/dags/lakehouse_pipeline.py took 0.214 seconds
[2026-08-28T15:54:45.771+0000] {processor.py:161} INFO - Started process (PID=1176) to work on /opt/airflow/dags/lakehouse_pipeline.py
[2026-08-28T15:54:45.772+0000] {processor.py:830} INFO - Processing file /opt/airflow/dags/lakehouse_pipeline.py for tasks to queue
[2026-08-28T15:54:45.774+0000] {logging_mixin.py:188} INFO - [2026-08-28T15:54:45.774+0000] {dagbag.py:545} INFO - Filling up the DagBag from /opt/airflow/dags/lakehouse_pipeline.py
[2026-08-28T15:54:45.794+0000] {processor.py:840} INFO - DAG(s) 'lakehouse_pipeline' retrieved from /opt/airflow/dags/lakehouse_pipeline.py
[2026-08-28T15:54:45.835+0000] {logging_mixin.py:188} INFO - [2026-08-28T15:54:45.835+0000] {dag.py:3089} INFO - Sync 1 DAGs
[2026-08-28T15:54:45.850+0000] {logging_mixin.py:188} INFO - [2026-08-28T15:54:45.850+0000] {dag.py:3947} INFO - Setting next_dagrun for lakehouse_pipeline to None, run_after=None
[2026-08-28T15:54:45.869+0000] {processor.py:183} INFO - Processing /opt/airflow/dags/lakehouse_pipeline.py took 0.104 seconds
[2026-08-28T15:55:15.963+0000] {processor.py:161} INFO - Started process (PID=1181) to work on /opt/airflow/dags/lakehouse_pipeline.py
[2026-08-28T15:55:15.963+0000] {processor.py:830} INFO - Processing file /opt/airflow/dags/lakehouse_pipeline.py for tasks to queue
[2026-08-28T15:55:15.965+0000] {logging_mixin.py:188} INFO - [2026-08-28T15:55:15.965+0000] {dagbag.py:545} INFO - Filling up the DagBag from /opt/airflow/dags/lakehouse_pipeline.py
[2026-08-28T15:55:15.985+0000] {processor.py:840} INFO - DAG(s) 'lakehouse_pipeline' retrieved from /opt/airflow/dags/lakehouse_pipeline.py
[2026-08-28T15:55:16.025+0000] {logging_mixin.py:188} INFO - [2026-08-28T15:55:16.025+0000] {dag.py:3089} INFO - Sync 1 DAGs
[2026-08-28T15:55:16.038+0000] {logging_mixin.py:188} INFO - [2026-08-28T15:55:16.038+0000] {dag.py:3947} INFO - Setting next_dagrun for lakehouse_pipeline to None, run_after=None
[2026-08-28T15:55:16.058+0000] {processor.py:183} INFO - Processing /opt/airflow/dags/lakehouse_pipeline.py took 0.102 seconds
[2026-08-28T15:55:46.171+0000] {processor.py:161} INFO - Started process (PID=1186) to work on /opt/airflow/dags/lakehouse_pipeline.py
[2026-08-28T15:55:46.172+0000] {processor.py:830} INFO - Processing file /opt/airflow/dags/lakehouse_pipeline.py for tasks to queue
[2026-08-28T15:55:46.173+0000] {logging_mixin.py:188} INFO - [2026-08-28T15:55:46.173+0000] {dagbag.py:545} INFO - Filling up the DagBag from /opt/airflow/dags/lakehouse_pipeline.py
[2026-08-28T15:55:46.195+0000] {processor.py:840} INFO - DAG(s) 'lakehouse_pipeline' retrieved from /opt/airflow/dags/lakehouse_pipeline.py
[2026-08-28T15:55:46.236+0000] {logging_mixin.py:188} INFO - [2026-08-28T15:55:46.236+0000] {dag.py:3089} INFO - Sync 1 DAGs
[2026-08-28T15:55:46.255+0000] {logging_mixin.py:188} INFO - [2026-08-28T15:55:46.254+0000] {dag.py:3947} INFO - Setting next_dagrun for lakehouse_pipeline to None, run_after=None
[2026-08-28T15:55:46.273+0000] {processor.py:183} INFO - Processing /opt/airflow/dags/lakehouse_pipeline.py took 0.109 seconds
[2026-08-28T15:56:16.528+0000] {processor.py:161} INFO - Started process (PID=1191) to work on /opt/airflow/dags/lakehouse_pipeline.py
[2026-08-28T15:56:16.529+0000] {processor.py:830} INFO - Processing file /opt/airflow/dags/lakehouse_pipeline.py for tasks to queue
[2026-08-28T15:56:16.531+0000] {logging_mixin.py:188} INFO - [2026-08-28T15:56:16.531+0000] {dagbag.py:545} INFO - Filling up the DagBag from /opt/airflow/dags/lakehouse_pipeline.py
[2026-08-28T15:56:16.551+0000] {processor.py:840} INFO - DAG(s) 'lakehouse_pipeline' retrieved from /opt/airflow/dags/lakehouse_pipeline.py
[2026-08-28T15:56:16.590+0000] {logging_mixin.py:188} INFO - [2026-08-28T15:56:16.589+0000] {dag.py:3089} INFO - Sync 1 DAGs
[2026-08-28T15:56:16.602+0000] {logging_mixin.py:188} INFO - [2026-08-28T15:56:16.602+0000] {dag.py:3947} INFO - Setting next_dagrun for lakehouse_pipeline to None, run_after=None
[2026-08-28T15:56:16.621+0000] {processor.py:183} INFO - Processing /opt/airflow/dags/lakehouse_pipeline.py took 0.099 seconds
[2026-08-28T15:56:46.743+0000] {processor.py:161} INFO - Started process (PID=1202) to work on /opt/airflow/dags/lakehouse_pipeline.py
[2026-08-28T15:56:46.744+0000] {processor.py:830} INFO - Processing file /opt/airflow/dags/lakehouse_pipeline.py for tasks to queue
[2026-08-28T15:56:46.745+0000] {logging_mixin.py:188} INFO - [2026-08-28T15:56:46.745+0000] {dagbag.py:545} INFO - Filling up the DagBag from /opt/airflow/dags/lakehouse_pipeline.py
[2026-08-28T15:56:46.767+0000] {processor.py:840} INFO - DAG(s) 'lakehouse_pipeline' retrieved from /opt/airflow/dags/lakehouse_pipeline.py
[2026-08-28T15:56:46.809+0000] {logging_mixin.py:188} INFO - [2026-08-28T15:56:46.808+0000] {dag.py:3089} INFO - Sync 1 DAGs
[2026-08-28T15:56:46.823+0000] {logging_mixin.py:188} INFO - [2026-08-28T15:56:46.823+0000] {dag.py:3947} INFO - Setting next_dagrun for lakehouse_pipeline to None, run_after=None
[2026-08-28T15:56:46.843+0000] {processor.py:183} INFO - Processing /opt/airflow/dags/lakehouse_pipeline.py took 0.107 seconds
[2026-08-28T15:57:17.074+0000] {processor.py:161} INFO - Started process (PID=1207) to work on /opt/airflow/dags/lakehouse_pipeline.py
[2026-08-28T15:57:17.075+0000] {processor.py:830} INFO - Processing file /opt/airflow/dags/lakehouse_pipeline.py for tasks to queue
[2026-08-28T15:57:17.076+0000] {logging_mixin.py:188} INFO - [2026-08-28T15:57:17.076+0000] {dagbag.py:545} INFO - Filling up the DagBag from /opt/airflow/dags/lakehouse_pipeline.py
[2026-08-28T15:57:17.096+0000] {processor.py:840} INFO - DAG(s) 'lakehouse_pipeline' retrieved from /opt/airflow/dags/lakehouse_pipeline.py
[2026-08-28T15:57:17.137+0000] {logging_mixin.py:188} INFO - [2026-08-28T15:57:17.136+0000] {dag.py:3089} INFO - Sync 1 DAGs
[2026-08-28T15:57:17.150+0000] {logging_mixin.py:188} INFO - [2026-08-28T15:57:17.150+0000] {dag.py:3947} INFO - Setting next_dagrun for lakehouse_pipeline to None, run_after=None
[2026-08-28T15:57:17.168+0000] {processor.py:183} INFO - Processing /opt/airflow/dags/lakehouse_pipeline.py took 0.100 seconds
[2026-08-28T15:57:47.281+0000] {processor.py:161} INFO - Started process (PID=1212) to work on /opt/airflow/dags/lakehouse_pipeline.py
[2026-08-28T15:57:47.282+0000] {processor.py:830} INFO - Processing file /opt/airflow/dags/lakehouse_pipeline.py for tasks to queue
[2026-08-28T15:57:47.284+0000] {logging_mixin.py:188} INFO - [2026-08-28T15:57:47.283+0000] {dagbag.py:545} INFO - Filling up the DagBag from /opt/airflow/dags/lakehouse_pipeline.py
[2026-08-28T15:57:47.305+0000] {processor.py:840} INFO - DAG(s) 'lakehouse_pipeline' retrieved from /opt/airflow/dags/lakehouse_pipeline.py
[2026-08-28T15:57:47.345+0000] {logging_mixin.py:188} INFO - [2026-08-28T15:57:47.345+0000] {dag.py:3089} INFO - Sync 1 DAGs
[2026-08-28T15:57:47.358+0000] {logging_mixin.py:188} INFO - [2026-08-28T15:57:47.358+0000] {dag.py:3947} INFO - Setting next_dagrun for lakehouse_pipeline to None, run_after=None
[2026-08-28T15:57:47.376+0000] {processor.py:183} INFO - Processing /opt/airflow/dags/lakehouse_pipeline.py took 0.101 seconds
[2026-08-28T15:58:17.570+0000] {processor.py:161} INFO - Started process (PID=1217) to work on /opt/airflow/dags/lakehouse_pipeline.py
[2026-08-28T15:58:17.571+0000] {processor.py:830} INFO - Processing file /opt/airflow/dags/lakehouse_pipeline.py for tasks to queue
[2026-08-28T15:58:17.573+0000] {logging_mixin.py:188} INFO - [2026-08-28T15:58:17.572+0000] {dagbag.py:545} INFO - Filling up the DagBag from /opt/airflow/dags/lakehouse_pipeline.py
[2026-08-28T15:58:17.594+0000] {processor.py:840} INFO - DAG(s) 'lakehouse_pipeline' retrieved from /opt/airflow/dags/lakehouse_pipeline.py
[2026-08-28T15:58:17.633+0000] {logging_mixin.py:188} INFO - [2026-08-28T15:58:17.633+0000] {dag.py:3089} INFO - Sync 1 DAGs
[2026-08-28T15:58:17.647+0000] {logging_mixin.py:188} INFO - [2026-08-28T15:58:17.646+0000] {dag.py:3947} INFO - Setting next_dagrun for lakehouse_pipeline to None, run_after=None
[2026-08-28T15:58:17.665+0000] {processor.py:183} INFO - Processing /opt/airflow/dags/lakehouse_pipeline.py took 0.101 seconds
[2026-08-28T15:58:47.799+0000] {processor.py:161} INFO - Started process (PID=1222) to work on /opt/airflow/dags/lakehouse_pipeline.py
[2026-08-28T15:58:47.800+0000] {processor.py:830} INFO - Processing file /opt/airflow/dags/lakehouse_pipeline.py for tasks to queue
[2026-08-28T15:58:47.802+0000] {logging_mixin.py:188} INFO - [2026-08-28T15:58:47.802+0000] {dagbag.py:545} INFO - Filling up the DagBag from /opt/airflow/dags/lakehouse_pipeline.py
[2026-08-28T15:58:47.823+0000] {processor.py:840} INFO - DAG(s) 'lakehouse_pipeline' retrieved from /opt/airflow/dags/lakehouse_pipeline.py
[2026-08-28T15:58:47.887+0000] {logging_mixin.py:188} INFO - [2026-08-28T15:58:47.887+0000] {dag.py:3089} INFO - Sync 1 DAGs
[2026-08-28T15:58:47.901+0000] {logging_mixin.py:188} INFO - [2026-08-28T15:58:47.900+0000] {dag.py:3947} INFO - Setting next_dagrun for lakehouse_pipeline to None, run_after=None
[2026-08-28T15:58:47.921+0000] {processor.py:183} INFO - Processing /opt/airflow/dags/lakehouse_pipeline.py took 0.129 seconds
[2026-08-28T15:59:18.121+0000] {processor.py:161} INFO - Started process (PID=1227) to work on /opt/airflow/dags/lakehouse_pipeline.py
[2026-08-28T15:59:18.122+0000] {processor.py:830} INFO - Processing file /opt/airflow/dags/lakehouse_pipeline.py for tasks to queue
[2026-08-28T15:59:18.125+0000] {logging_mixin.py:188} INFO - [2026-08-28T15:59:18.125+0000] {dagbag.py:545} INFO - Filling up the DagBag from /opt/airflow/dags/lakehouse_pipeline.py
[2026-08-28T15:59:18.148+0000] {processor.py:840} INFO - DAG(s) 'lakehouse_pipeline' retrieved from /opt/airflow/dags/lakehouse_pipeline.py
[2026-08-28T15:59:18.200+0000] {logging_mixin.py:188} INFO - [2026-08-28T15:59:18.200+0000] {dag.py:3089} INFO - Sync 1 DAGs
[2026-08-28T15:59:18.220+0000] {logging_mixin.py:188} INFO - [2026-08-28T15:59:18.220+0000] {dag.py:3947} INFO - Setting next_dagrun for lakehouse_pipeline to None, run_after=None
[2026-08-28T15:59:18.242+0000] {processor.py:183} INFO - Processing /opt/airflow/dags/lakehouse_pipeline.py took 0.127 seconds
[2026-08-28T15:59:48.415+0000] {processor.py:161} INFO - Started process (PID=1232) to work on /opt/airflow/dags/lakehouse_pipeline.py
[2026-08-28T15:59:48.416+0000] {processor.py:830} INFO - Processing file /opt/airflow/dags/lakehouse_pipeline.py for tasks to queue
[2026-08-28T15:59:48.418+0000] {logging_mixin.py:188} INFO - [2026-08-28T15:59:48.417+0000] {dagbag.py:545} INFO - Filling up the DagBag from /opt/airflow/dags/lakehouse_pipeline.py
[2026-08-28T15:59:48.438+0000] {processor.py:840} INFO - DAG(s) 'lakehouse_pipeline' retrieved from /opt/airflow/dags/lakehouse_pipeline.py
[2026-08-28T15:59:48.477+0000] {logging_mixin.py:188} INFO - [2026-08-28T15:59:48.477+0000] {dag.py:3089} INFO - Sync 1 DAGs
[2026-08-28T15:59:48.491+0000] {logging_mixin.py:188} INFO - [2026-08-28T15:59:48.491+0000] {dag.py:3947} INFO - Setting next_dagrun for lakehouse_pipeline to None, run_after=None
[2026-08-28T15:59:48.509+0000] {processor.py:183} INFO - Processing /opt/airflow/dags/lakehouse_pipeline.py took 0.100 seconds
[2026-08-28T16:00:18.748+0000] {processor.py:161} INFO - Started process (PID=1237) to work on /opt/airflow/dags/lakehouse_pipeline.py
[2026-08-28T16:00:18.748+0000] {processor.py:830} INFO - Processing file /opt/airflow/dags/lakehouse_pipeline.py for tasks to queue
[2026-08-28T16:00:18.750+0000] {logging_mixin.py:188} INFO - [2026-08-28T16:00:18.750+0000] {dagbag.py:545} INFO - Filling up the DagBag from /opt/airflow/dags/lakehouse_pipeline.py
[2026-08-28T16:00:18.771+0000] {processor.py:840} INFO - DAG(s) 'lakehouse_pipeline' retrieved from /opt/airflow/dags/lakehouse_pipeline.py
[2026-08-28T16:00:18.810+0000] {logging_mixin.py:188} INFO - [2026-08-28T16:00:18.810+0000] {dag.py:3089} INFO - Sync 1 DAGs
[2026-08-28T16:00:18.823+0000] {logging_mixin.py:188} INFO - [2026-08-28T16:00:18.822+0000] {dag.py:3947} INFO - Setting next_dagrun for lakehouse_pipeline to None, run_after=None
[2026-08-28T16:00:18.841+0000] {processor.py:183} INFO - Processing /opt/airflow/dags/lakehouse_pipeline.py took 0.099 seconds
[2026-08-28T16:00:49.006+0000] {processor.py:161} INFO - Started process (PID=1242) to work on /opt/airflow/dags/lakehouse_pipeline.py
[2026-08-28T16:00:49.007+0000] {processor.py:830} INFO - Processing file /opt/airflow/dags/lakehouse_pipeline.py for tasks to queue
[2026-08-28T16:00:49.009+0000] {logging_mixin.py:188} INFO - [2026-08-28T16:00:49.009+0000] {dagbag.py:545} INFO - Filling up the DagBag from /opt/airflow/dags/lakehouse_pipeline.py
[2026-08-28T16:00:49.029+0000] {processor.py:840} INFO - DAG(s) 'lakehouse_pipeline' retrieved from /opt/airflow/dags/lakehouse_pipeline.py
[2026-08-28T16:00:49.069+0000] {logging_mixin.py:188} INFO - [2026-08-28T16:00:49.068+0000] {dag.py:3089} INFO - Sync 1 DAGs
[2026-08-28T16:00:49.082+0000] {logging_mixin.py:188} INFO - [2026-08-28T16:00:49.082+0000] {dag.py:3947} INFO - Setting next_dagrun for lakehouse_pipeline to None, run_after=None
[2026-08-28T16:00:49.101+0000] {processor.py:183} INFO - Processing /opt/airflow/dags/lakehouse_pipeline.py took 0.101 seconds
[2026-08-28T16:01:19.295+0000] {processor.py:161} INFO - Started process (PID=1247) to work on /opt/airflow/dags/lakehouse_pipeline.py
[2026-08-28T16:01:19.296+0000] {processor.py:830} INFO - Processing file /opt/airflow/dags/lakehouse_pipeline.py for tasks to queue
[2026-08-28T16:01:19.299+0000] {logging_mixin.py:188} INFO - [2026-08-28T16:01:19.298+0000] {dagbag.py:545} INFO - Filling up the DagBag from /opt/airflow/dags/lakehouse_pipeline.py
[2026-08-28T16:01:19.329+0000] {processor.py:840} INFO - DAG(s) 'lakehouse_pipeline' retrieved from /opt/airflow/dags/lakehouse_pipeline.py
[2026-08-28T16:01:19.379+0000] {logging_mixin.py:188} INFO - [2026-08-28T16:01:19.378+0000] {dag.py:3089} INFO - Sync 1 DAGs
[2026-08-28T16:01:19.395+0000] {logging_mixin.py:188} INFO - [2026-08-28T16:01:19.394+0000] {dag.py:3947} INFO - Setting next_dagrun for lakehouse_pipeline to None, run_after=None
[2026-08-28T16:01:19.417+0000] {processor.py:183} INFO - Processing /opt/airflow/dags/lakehouse_pipeline.py took 0.131 seconds
[2026-08-28T16:01:49.575+0000] {processor.py:161} INFO - Started process (PID=1252) to work on /opt/airflow/dags/lakehouse_pipeline.py
[2026-08-28T16:01:49.576+0000] {processor.py:830} INFO - Processing file /opt/airflow/dags/lakehouse_pipeline.py for tasks to queue
[2026-08-28T16:01:49.578+0000] {logging_mixin.py:188} INFO - [2026-08-28T16:01:49.578+0000] {dagbag.py:545} INFO - Filling up the DagBag from /opt/airflow/dags/lakehouse_pipeline.py
[2026-08-28T16:01:49.611+0000] {processor.py:840} INFO - DAG(s) 'lakehouse_pipeline' retrieved from /opt/airflow/dags/lakehouse_pipeline.py
[2026-08-28T16:01:49.669+0000] {logging_mixin.py:188} INFO - [2026-08-28T16:01:49.669+0000] {dag.py:3089} INFO - Sync 1 DAGs
[2026-08-28T16:01:49.688+0000] {logging_mixin.py:188} INFO - [2026-08-28T16:01:49.688+0000] {dag.py:3947} INFO - Setting next_dagrun for lakehouse_pipeline to None, run_after=None
[2026-08-28T16:01:49.707+0000] {processor.py:183} INFO - Processing /opt/airflow/dags/lakehouse_pipeline.py took 0.138 seconds
[2026-08-28T16:02:19.859+0000] {processor.py:161} INFO - Started process (PID=1257) to work on /opt/airflow/dags/lakehouse_pipeline.py
[2026-08-28T16:02:19.860+0000] {processor.py:830} INFO - Processing file /opt/airflow/dags/lakehouse_pipeline.py for tasks to queue
[2026-08-28T16:02:19.862+0000] {logging_mixin.py:188} INFO - [2026-08-28T16:02:19.862+0000] {dagbag.py:545} INFO - Filling up the DagBag from /opt/airflow/dags/lakehouse_pipeline.py
[2026-08-28T16:02:19.891+0000] {processor.py:840} INFO - DAG(s) 'lakehouse_pipeline' retrieved from /opt/airflow/dags/lakehouse_pipeline.py
[2026-08-28T16:02:19.940+0000] {logging_mixin.py:188} INFO - [2026-08-28T16:02:19.940+0000] {dag.py:3089} INFO - Sync 1 DAGs
[2026-08-28T16:02:19.963+0000] {logging_mixin.py:188} INFO - [2026-08-28T16:02:19.962+0000] {dag.py:3947} INFO - Setting next_dagrun for lakehouse_pipeline to None, run_after=None
[2026-08-28T16:02:20.016+0000] {processor.py:183} INFO - Processing /opt/airflow/dags/lakehouse_pipeline.py took 0.166 seconds
[2026-08-28T16:02:50.142+0000] {processor.py:161} INFO - Started process (PID=1262) to work on /opt/airflow/dags/lakehouse_pipeline.py
[2026-08-28T16:02:50.144+0000] {processor.py:830} INFO - Processing file /opt/airflow/dags/lakehouse_pipeline.py for tasks to queue
[2026-08-28T16:02:50.147+0000] {logging_mixin.py:188} INFO - [2026-08-28T16:02:50.147+0000] {dagbag.py:545} INFO - Filling up the DagBag from /opt/airflow/dags/lakehouse_pipeline.py
[2026-08-28T16:02:50.186+0000] {processor.py:840} INFO - DAG(s) 'lakehouse_pipeline' retrieved from /opt/airflow/dags/lakehouse_pipeline.py
[2026-08-28T16:02:50.285+0000] {logging_mixin.py:188} INFO - [2026-08-28T16:02:50.285+0000] {dag.py:3089} INFO - Sync 1 DAGs
[2026-08-28T16:02:50.322+0000] {logging_mixin.py:188} INFO - [2026-08-28T16:02:50.320+0000] {dag.py:3947} INFO - Setting next_dagrun for lakehouse_pipeline to None, run_after=None
[2026-08-28T16:02:50.383+0000] {processor.py:183} INFO - Processing /opt/airflow/dags/lakehouse_pipeline.py took 0.254 seconds
[2026-08-28T16:03:20.510+0000] {processor.py:161} INFO - Started process (PID=1267) to work on /opt/airflow/dags/lakehouse_pipeline.py
[2026-08-28T16:03:20.512+0000] {processor.py:830} INFO - Processing file /opt/airflow/dags/lakehouse_pipeline.py for tasks to queue
[2026-08-28T16:03:20.516+0000] {logging_mixin.py:188} INFO - [2026-08-28T16:03:20.516+0000] {dagbag.py:545} INFO - Filling up the DagBag from /opt/airflow/dags/lakehouse_pipeline.py
[2026-08-28T16:03:20.557+0000] {processor.py:840} INFO - DAG(s) 'lakehouse_pipeline' retrieved from /opt/airflow/dags/lakehouse_pipeline.py
[2026-08-28T16:03:20.658+0000] {logging_mixin.py:188} INFO - [2026-08-28T16:03:20.658+0000] {dag.py:3089} INFO - Sync 1 DAGs
[2026-08-28T16:03:20.688+0000] {logging_mixin.py:188} INFO - [2026-08-28T16:03:20.687+0000] {dag.py:3947} INFO - Setting next_dagrun for lakehouse_pipeline to None, run_after=None
[2026-08-28T16:03:20.735+0000] {processor.py:183} INFO - Processing /opt/airflow/dags/lakehouse_pipeline.py took 0.240 seconds
[2026-08-28T16:03:50.943+0000] {processor.py:161} INFO - Started process (PID=1272) to work on /opt/airflow/dags/lakehouse_pipeline.py
[2026-08-28T16:03:50.945+0000] {processor.py:830} INFO - Processing file /opt/airflow/dags/lakehouse_pipeline.py for tasks to queue
[2026-08-28T16:03:50.947+0000] {logging_mixin.py:188} INFO - [2026-08-28T16:03:50.946+0000] {dagbag.py:545} INFO - Filling up the DagBag from /opt/airflow/dags/lakehouse_pipeline.py
[2026-08-28T16:03:50.977+0000] {processor.py:840} INFO - DAG(s) 'lakehouse_pipeline' retrieved from /opt/airflow/dags/lakehouse_pipeline.py
[2026-08-28T16:03:51.030+0000] {logging_mixin.py:188} INFO - [2026-08-28T16:03:51.029+0000] {dag.py:3089} INFO - Sync 1 DAGs
[2026-08-28T16:03:51.049+0000] {logging_mixin.py:188} INFO - [2026-08-28T16:03:51.049+0000] {dag.py:3947} INFO - Setting next_dagrun for lakehouse_pipeline to None, run_after=None
[2026-08-28T16:03:51.074+0000] {processor.py:183} INFO - Processing /opt/airflow/dags/lakehouse_pipeline.py took 0.144 seconds
[2026-08-28T16:04:21.315+0000] {processor.py:161} INFO - Started process (PID=1277) to work on /opt/airflow/dags/lakehouse_pipeline.py
[2026-08-28T16:04:21.316+0000] {processor.py:830} INFO - Processing file /opt/airflow/dags/lakehouse_pipeline.py for tasks to queue
[2026-08-28T16:04:21.319+0000] {logging_mixin.py:188} INFO - [2026-08-28T16:04:21.318+0000] {dagbag.py:545} INFO - Filling up the DagBag from /opt/airflow/dags/lakehouse_pipeline.py
[2026-08-28T16:04:21.363+0000] {processor.py:840} INFO - DAG(s) 'lakehouse_pipeline' retrieved from /opt/airflow/dags/lakehouse_pipeline.py
[2026-08-28T16:04:21.411+0000] {logging_mixin.py:188} INFO - [2026-08-28T16:04:21.411+0000] {dag.py:3089} INFO - Sync 1 DAGs
[2026-08-28T16:04:21.432+0000] {logging_mixin.py:188} INFO - [2026-08-28T16:04:21.432+0000] {dag.py:3947} INFO - Setting next_dagrun for lakehouse_pipeline to None, run_after=None
[2026-08-28T16:04:21.459+0000] {processor.py:183} INFO - Processing /opt/airflow/dags/lakehouse_pipeline.py took 0.151 seconds
[2026-08-28T16:04:51.661+0000] {processor.py:161} INFO - Started process (PID=1282) to work on /opt/airflow/dags/lakehouse_pipeline.py
[2026-08-28T16:04:51.662+0000] {processor.py:830} INFO - Processing file /opt/airflow/dags/lakehouse_pipeline.py for tasks to queue
[2026-08-28T16:04:51.668+0000] {logging_mixin.py:188} INFO - [2026-08-28T16:04:51.667+0000] {dagbag.py:545} INFO - Filling up the DagBag from /opt/airflow/dags/lakehouse_pipeline.py
[2026-08-28T16:04:51.711+0000] {processor.py:840} INFO - DAG(s) 'lakehouse_pipeline' retrieved from /opt/airflow/dags/lakehouse_pipeline.py
[2026-08-28T16:04:51.806+0000] {logging_mixin.py:188} INFO - [2026-08-28T16:04:51.805+0000] {dag.py:3089} INFO - Sync 1 DAGs
[2026-08-28T16:04:51.836+0000] {logging_mixin.py:188} INFO - [2026-08-28T16:04:51.835+0000] {dag.py:3947} INFO - Setting next_dagrun for lakehouse_pipeline to None, run_after=None
[2026-08-28T16:04:51.886+0000] {processor.py:183} INFO - Processing /opt/airflow/dags/lakehouse_pipeline.py took 0.236 seconds
[2026-08-28T16:05:22.073+0000] {processor.py:161} INFO - Started process (PID=1287) to work on /opt/airflow/dags/lakehouse_pipeline.py
[2026-08-28T16:05:22.074+0000] {processor.py:830} INFO - Processing file /opt/airflow/dags/lakehouse_pipeline.py for tasks to queue
[2026-08-28T16:05:22.077+0000] {logging_mixin.py:188} INFO - [2026-08-28T16:05:22.077+0000] {dagbag.py:545} INFO - Filling up the DagBag from /opt/airflow/dags/lakehouse_pipeline.py
[2026-08-28T16:05:22.100+0000] {processor.py:840} INFO - DAG(s) 'lakehouse_pipeline' retrieved from /opt/airflow/dags/lakehouse_pipeline.py
[2026-08-28T16:05:22.159+0000] {logging_mixin.py:188} INFO - [2026-08-28T16:05:22.159+0000] {dag.py:3089} INFO - Sync 1 DAGs
[2026-08-28T16:05:22.181+0000] {logging_mixin.py:188} INFO - [2026-08-28T16:05:22.181+0000] {dag.py:3947} INFO - Setting next_dagrun for lakehouse_pipeline to None, run_after=None
[2026-08-28T16:05:22.206+0000] {processor.py:183} INFO - Processing /opt/airflow/dags/lakehouse_pipeline.py took 0.140 seconds
[2026-08-28T16:06:05.755+0000] {processor.py:161} INFO - Started process (PID=164) to work on /opt/airflow/dags/lakehouse_pipeline.py
[2026-08-28T16:06:05.757+0000] {processor.py:830} INFO - Processing file /opt/airflow/dags/lakehouse_pipeline.py for tasks to queue
[2026-08-28T16:06:05.763+0000] {logging_mixin.py:188} INFO - [2026-08-28T16:06:05.762+0000] {dagbag.py:545} INFO - Filling up the DagBag from /opt/airflow/dags/lakehouse_pipeline.py
[2026-08-28T16:06:05.846+0000] {processor.py:840} INFO - DAG(s) 'lakehouse_pipeline' retrieved from /opt/airflow/dags/lakehouse_pipeline.py
[2026-08-28T16:06:06.266+0000] {logging_mixin.py:188} INFO - [2026-08-28T16:06:06.265+0000] {dag.py:3089} INFO - Sync 1 DAGs
[2026-08-28T16:06:06.282+0000] {logging_mixin.py:188} INFO - [2026-08-28T16:06:06.282+0000] {dag.py:3947} INFO - Setting next_dagrun for lakehouse_pipeline to None, run_after=None
[2026-08-28T16:06:06.310+0000] {processor.py:183} INFO - Processing /opt/airflow/dags/lakehouse_pipeline.py took 0.568 seconds
[2026-08-28T16:06:36.523+0000] {processor.py:161} INFO - Started process (PID=169) to work on /opt/airflow/dags/lakehouse_pipeline.py
[2026-08-28T16:06:36.524+0000] {processor.py:830} INFO - Processing file /opt/airflow/dags/lakehouse_pipeline.py for tasks to queue
[2026-08-28T16:06:36.527+0000] {logging_mixin.py:188} INFO - [2026-08-28T16:06:36.526+0000] {dagbag.py:545} INFO - Filling up the DagBag from /opt/airflow/dags/lakehouse_pipeline.py
[2026-08-28T16:06:36.549+0000] {processor.py:840} INFO - DAG(s) 'lakehouse_pipeline' retrieved from /opt/airflow/dags/lakehouse_pipeline.py
[2026-08-28T16:06:36.615+0000] {logging_mixin.py:188} INFO - [2026-08-28T16:06:36.615+0000] {dag.py:3089} INFO - Sync 1 DAGs
[2026-08-28T16:06:36.628+0000] {logging_mixin.py:188} INFO - [2026-08-28T16:06:36.628+0000] {dag.py:3947} INFO - Setting next_dagrun for lakehouse_pipeline to None, run_after=None
[2026-08-28T16:06:36.652+0000] {processor.py:183} INFO - Processing /opt/airflow/dags/lakehouse_pipeline.py took 0.135 seconds
[2026-08-28T16:07:06.864+0000] {processor.py:161} INFO - Started process (PID=833) to work on /opt/airflow/dags/lakehouse_pipeline.py
[2026-08-28T16:07:06.867+0000] {processor.py:830} INFO - Processing file /opt/airflow/dags/lakehouse_pipeline.py for tasks to queue
[2026-08-28T16:07:06.870+0000] {logging_mixin.py:188} INFO - [2026-08-28T16:07:06.870+0000] {dagbag.py:545} INFO - Filling up the DagBag from /opt/airflow/dags/lakehouse_pipeline.py
[2026-08-28T16:07:06.944+0000] {processor.py:840} INFO - DAG(s) 'lakehouse_pipeline' retrieved from /opt/airflow/dags/lakehouse_pipeline.py
[2026-08-28T16:07:07.137+0000] {logging_mixin.py:188} INFO - [2026-08-28T16:07:07.124+0000] {dag.py:3089} INFO - Sync 1 DAGs
[2026-08-28T16:07:07.254+0000] {logging_mixin.py:188} INFO - [2026-08-28T16:07:07.254+0000] {dag.py:3947} INFO - Setting next_dagrun for lakehouse_pipeline to None, run_after=None
[2026-08-28T16:07:07.319+0000] {processor.py:183} INFO - Processing /opt/airflow/dags/lakehouse_pipeline.py took 0.468 seconds
[2026-08-28T16:07:37.576+0000] {processor.py:161} INFO - Started process (PID=1090) to work on /opt/airflow/dags/lakehouse_pipeline.py
[2026-08-28T16:07:37.577+0000] {processor.py:830} INFO - Processing file /opt/airflow/dags/lakehouse_pipeline.py for tasks to queue
[2026-08-28T16:07:37.579+0000] {logging_mixin.py:188} INFO - [2026-08-28T16:07:37.579+0000] {dagbag.py:545} INFO - Filling up the DagBag from /opt/airflow/dags/lakehouse_pipeline.py
[2026-08-28T16:07:37.607+0000] {processor.py:840} INFO - DAG(s) 'lakehouse_pipeline' retrieved from /opt/airflow/dags/lakehouse_pipeline.py
[2026-08-28T16:07:37.659+0000] {logging_mixin.py:188} INFO - [2026-08-28T16:07:37.659+0000] {dag.py:3089} INFO - Sync 1 DAGs
[2026-08-28T16:07:37.675+0000] {logging_mixin.py:188} INFO - [2026-08-28T16:07:37.675+0000] {dag.py:3947} INFO - Setting next_dagrun for lakehouse_pipeline to None, run_after=None
[2026-08-28T16:07:38.772+0000] {processor.py:183} INFO - Processing /opt/airflow/dags/lakehouse_pipeline.py took 1.206 seconds
[2026-08-28T16:08:09.105+0000] {processor.py:161} INFO - Started process (PID=1095) to work on /opt/airflow/dags/lakehouse_pipeline.py
[2026-08-28T16:08:09.106+0000] {processor.py:830} INFO - Processing file /opt/airflow/dags/lakehouse_pipeline.py for tasks to queue
[2026-08-28T16:08:09.108+0000] {logging_mixin.py:188} INFO - [2026-08-28T16:08:09.108+0000] {dagbag.py:545} INFO - Filling up the DagBag from /opt/airflow/dags/lakehouse_pipeline.py
[2026-08-28T16:08:09.127+0000] {processor.py:840} INFO - DAG(s) 'lakehouse_pipeline' retrieved from /opt/airflow/dags/lakehouse_pipeline.py
[2026-08-28T16:08:09.165+0000] {logging_mixin.py:188} INFO - [2026-08-28T16:08:09.164+0000] {dag.py:3089} INFO - Sync 1 DAGs
[2026-08-28T16:08:09.177+0000] {logging_mixin.py:188} INFO - [2026-08-28T16:08:09.176+0000] {dag.py:3947} INFO - Setting next_dagrun for lakehouse_pipeline to None, run_after=None
[2026-08-28T16:08:09.193+0000] {processor.py:183} INFO - Processing /opt/airflow/dags/lakehouse_pipeline.py took 0.095 seconds
[2026-08-28T16:08:39.373+0000] {processor.py:161} INFO - Started process (PID=1100) to work on /opt/airflow/dags/lakehouse_pipeline.py
[2026-08-28T16:08:39.374+0000] {processor.py:830} INFO - Processing file /opt/airflow/dags/lakehouse_pipeline.py for tasks to queue
[2026-08-28T16:08:39.377+0000] {logging_mixin.py:188} INFO - [2026-08-28T16:08:39.376+0000] {dagbag.py:545} INFO - Filling up the DagBag from /opt/airflow/dags/lakehouse_pipeline.py
[2026-08-28T16:08:39.401+0000] {processor.py:840} INFO - DAG(s) 'lakehouse_pipeline' retrieved from /opt/airflow/dags/lakehouse_pipeline.py
[2026-08-28T16:08:39.445+0000] {logging_mixin.py:188} INFO - [2026-08-28T16:08:39.444+0000] {dag.py:3089} INFO - Sync 1 DAGs
[2026-08-28T16:08:39.460+0000] {logging_mixin.py:188} INFO - [2026-08-28T16:08:39.460+0000] {dag.py:3947} INFO - Setting next_dagrun for lakehouse_pipeline to None, run_after=None
[2026-08-28T16:08:39.482+0000] {processor.py:183} INFO - Processing /opt/airflow/dags/lakehouse_pipeline.py took 0.116 seconds
[2026-08-28T16:09:09.761+0000] {processor.py:161} INFO - Started process (PID=1105) to work on /opt/airflow/dags/lakehouse_pipeline.py
[2026-08-28T16:09:09.762+0000] {processor.py:830} INFO - Processing file /opt/airflow/dags/lakehouse_pipeline.py for tasks to queue
[2026-08-28T16:09:09.764+0000] {logging_mixin.py:188} INFO - [2026-08-28T16:09:09.764+0000] {dagbag.py:545} INFO - Filling up the DagBag from /opt/airflow/dags/lakehouse_pipeline.py
[2026-08-28T16:09:09.786+0000] {processor.py:840} INFO - DAG(s) 'lakehouse_pipeline' retrieved from /opt/airflow/dags/lakehouse_pipeline.py
[2026-08-28T16:09:09.830+0000] {logging_mixin.py:188} INFO - [2026-08-28T16:09:09.830+0000] {dag.py:3089} INFO - Sync 1 DAGs
[2026-08-28T16:09:09.844+0000] {logging_mixin.py:188} INFO - [2026-08-28T16:09:09.844+0000] {dag.py:3947} INFO - Setting next_dagrun for lakehouse_pipeline to None, run_after=None
[2026-08-28T16:09:09.877+0000] {processor.py:183} INFO - Processing /opt/airflow/dags/lakehouse_pipeline.py took 0.123 seconds
[2026-08-28T16:09:40.010+0000] {processor.py:161} INFO - Started process (PID=1110) to work on /opt/airflow/dags/lakehouse_pipeline.py
[2026-08-28T16:09:40.011+0000] {processor.py:830} INFO - Processing file /opt/airflow/dags/lakehouse_pipeline.py for tasks to queue
[2026-08-28T16:09:40.013+0000] {logging_mixin.py:188} INFO - [2026-08-28T16:09:40.012+0000] {dagbag.py:545} INFO - Filling up the DagBag from /opt/airflow/dags/lakehouse_pipeline.py
[2026-08-28T16:09:40.033+0000] {processor.py:840} INFO - DAG(s) 'lakehouse_pipeline' retrieved from /opt/airflow/dags/lakehouse_pipeline.py
[2026-08-28T16:09:40.071+0000] {logging_mixin.py:188} INFO - [2026-08-28T16:09:40.071+0000] {dag.py:3089} INFO - Sync 1 DAGs
[2026-08-28T16:09:40.083+0000] {logging_mixin.py:188} INFO - [2026-08-28T16:09:40.082+0000] {dag.py:3947} INFO - Setting next_dagrun for lakehouse_pipeline to None, run_after=None
[2026-08-28T16:09:40.108+0000] {processor.py:183} INFO - Processing /opt/airflow/dags/lakehouse_pipeline.py took 0.105 seconds
[2026-08-28T16:09:58.259+0000] {processor.py:161} INFO - Started process (PID=1115) to work on /opt/airflow/dags/lakehouse_pipeline.py
[2026-08-28T16:09:58.260+0000] {processor.py:830} INFO - Processing file /opt/airflow/dags/lakehouse_pipeline.py for tasks to queue
[2026-08-28T16:09:58.262+0000] {logging_mixin.py:188} INFO - [2026-08-28T16:09:58.262+0000] {dagbag.py:545} INFO - Filling up the DagBag from /opt/airflow/dags/lakehouse_pipeline.py
[2026-08-28T16:09:58.296+0000] {processor.py:840} INFO - DAG(s) 'lakehouse_pipeline' retrieved from /opt/airflow/dags/lakehouse_pipeline.py
[2026-08-28T16:09:58.445+0000] {logging_mixin.py:188} INFO - [2026-08-28T16:09:58.445+0000] {dag.py:3089} INFO - Sync 1 DAGs
[2026-08-28T16:09:58.457+0000] {logging_mixin.py:188} INFO - [2026-08-28T16:09:58.457+0000] {dag.py:3947} INFO - Setting next_dagrun for lakehouse_pipeline to None, run_after=None
[2026-08-28T16:09:58.487+0000] {processor.py:183} INFO - Processing /opt/airflow/dags/lakehouse_pipeline.py took 0.238 seconds
[2026-08-28T16:10:07.356+0000] {processor.py:161} INFO - Started process (PID=1120) to work on /opt/airflow/dags/lakehouse_pipeline.py
[2026-08-28T16:10:07.357+0000] {processor.py:830} INFO - Processing file /opt/airflow/dags/lakehouse_pipeline.py for tasks to queue
[2026-08-28T16:10:07.359+0000] {logging_mixin.py:188} INFO - [2026-08-28T16:10:07.359+0000] {dagbag.py:545} INFO - Filling up the DagBag from /opt/airflow/dags/lakehouse_pipeline.py
[2026-08-28T16:10:07.390+0000] {processor.py:840} INFO - DAG(s) 'lakehouse_pipeline' retrieved from /opt/airflow/dags/lakehouse_pipeline.py
[2026-08-28T16:10:07.411+0000] {logging_mixin.py:188} INFO - [2026-08-28T16:10:07.410+0000] {dag.py:3089} INFO - Sync 1 DAGs
[2026-08-28T16:10:07.424+0000] {logging_mixin.py:188} INFO - [2026-08-28T16:10:07.424+0000] {dag.py:3947} INFO - Setting next_dagrun for lakehouse_pipeline to None, run_after=None
[2026-08-28T16:10:07.449+0000] {processor.py:183} INFO - Processing /opt/airflow/dags/lakehouse_pipeline.py took 0.101 seconds
[2026-08-28T16:10:19.582+0000] {processor.py:161} INFO - Started process (PID=1125) to work on /opt/airflow/dags/lakehouse_pipeline.py
[2026-08-28T16:10:19.583+0000] {processor.py:830} INFO - Processing file /opt/airflow/dags/lakehouse_pipeline.py for tasks to queue
[2026-08-28T16:10:19.585+0000] {logging_mixin.py:188} INFO - [2026-08-28T16:10:19.584+0000] {dagbag.py:545} INFO - Filling up the DagBag from /opt/airflow/dags/lakehouse_pipeline.py
[2026-08-28T16:10:19.614+0000] {processor.py:840} INFO - DAG(s) 'lakehouse_pipeline' retrieved from /opt/airflow/dags/lakehouse_pipeline.py
[2026-08-28T16:10:19.631+0000] {logging_mixin.py:188} INFO - [2026-08-28T16:10:19.631+0000] {dag.py:3089} INFO - Sync 1 DAGs
[2026-08-28T16:10:19.645+0000] {logging_mixin.py:188} INFO - [2026-08-28T16:10:19.644+0000] {dag.py:3947} INFO - Setting next_dagrun for lakehouse_pipeline to None, run_after=None
[2026-08-28T16:10:19.669+0000] {processor.py:183} INFO - Processing /opt/airflow/dags/lakehouse_pipeline.py took 0.095 seconds
[2026-08-28T16:10:49.809+0000] {processor.py:161} INFO - Started process (PID=1130) to work on /opt/airflow/dags/lakehouse_pipeline.py
[2026-08-28T16:10:49.810+0000] {processor.py:830} INFO - Processing file /opt/airflow/dags/lakehouse_pipeline.py for tasks to queue
[2026-08-28T16:10:49.812+0000] {logging_mixin.py:188} INFO - [2026-08-28T16:10:49.812+0000] {dagbag.py:545} INFO - Filling up the DagBag from /opt/airflow/dags/lakehouse_pipeline.py
[2026-08-28T16:10:49.834+0000] {processor.py:840} INFO - DAG(s) 'lakehouse_pipeline' retrieved from /opt/airflow/dags/lakehouse_pipeline.py
[2026-08-28T16:10:49.873+0000] {logging_mixin.py:188} INFO - [2026-08-28T16:10:49.873+0000] {dag.py:3089} INFO - Sync 1 DAGs
[2026-08-28T16:10:49.885+0000] {logging_mixin.py:188} INFO - [2026-08-28T16:10:49.885+0000] {dag.py:3947} INFO - Setting next_dagrun for lakehouse_pipeline to None, run_after=None
[2026-08-28T16:10:49.904+0000] {processor.py:183} INFO - Processing /opt/airflow/dags/lakehouse_pipeline.py took 0.102 seconds
[2026-08-28T16:11:20.173+0000] {processor.py:161} INFO - Started process (PID=1135) to work on /opt/airflow/dags/lakehouse_pipeline.py
[2026-08-28T16:11:20.174+0000] {processor.py:830} INFO - Processing file /opt/airflow/dags/lakehouse_pipeline.py for tasks to queue
[2026-08-28T16:11:20.176+0000] {logging_mixin.py:188} INFO - [2026-08-28T16:11:20.175+0000] {dagbag.py:545} INFO - Filling up the DagBag from /opt/airflow/dags/lakehouse_pipeline.py
[2026-08-28T16:11:20.194+0000] {processor.py:840} INFO - DAG(s) 'lakehouse_pipeline' retrieved from /opt/airflow/dags/lakehouse_pipeline.py
[2026-08-28T16:11:20.234+0000] {logging_mixin.py:188} INFO - [2026-08-28T16:11:20.233+0000] {dag.py:3089} INFO - Sync 1 DAGs
[2026-08-28T16:11:20.247+0000] {logging_mixin.py:188} INFO - [2026-08-28T16:11:20.247+0000] {dag.py:3947} INFO - Setting next_dagrun for lakehouse_pipeline to None, run_after=None
[2026-08-28T16:11:20.265+0000] {processor.py:183} INFO - Processing /opt/airflow/dags/lakehouse_pipeline.py took 0.098 seconds
[2026-08-28T16:11:50.420+0000] {processor.py:161} INFO - Started process (PID=1140) to work on /opt/airflow/dags/lakehouse_pipeline.py
[2026-08-28T16:11:50.421+0000] {processor.py:830} INFO - Processing file /opt/airflow/dags/lakehouse_pipeline.py for tasks to queue
[2026-08-28T16:11:50.423+0000] {logging_mixin.py:188} INFO - [2026-08-28T16:11:50.423+0000] {dagbag.py:545} INFO - Filling up the DagBag from /opt/airflow/dags/lakehouse_pipeline.py
[2026-08-28T16:11:50.443+0000] {processor.py:840} INFO - DAG(s) 'lakehouse_pipeline' retrieved from /opt/airflow/dags/lakehouse_pipeline.py
[2026-08-28T16:11:50.481+0000] {logging_mixin.py:188} INFO - [2026-08-28T16:11:50.480+0000] {dag.py:3089} INFO - Sync 1 DAGs
[2026-08-28T16:11:50.493+0000] {logging_mixin.py:188} INFO - [2026-08-28T16:11:50.493+0000] {dag.py:3947} INFO - Setting next_dagrun for lakehouse_pipeline to None, run_after=None
[2026-08-28T16:11:50.510+0000] {processor.py:183} INFO - Processing /opt/airflow/dags/lakehouse_pipeline.py took 0.098 seconds
[2026-08-28T16:12:20.729+0000] {processor.py:161} INFO - Started process (PID=1145) to work on /opt/airflow/dags/lakehouse_pipeline.py
[2026-08-28T16:12:20.730+0000] {processor.py:830} INFO - Processing file /opt/airflow/dags/lakehouse_pipeline.py for tasks to queue
[2026-08-28T16:12:20.732+0000] {logging_mixin.py:188} INFO - [2026-08-28T16:12:20.731+0000] {dagbag.py:545} INFO - Filling up the DagBag from /opt/airflow/dags/lakehouse_pipeline.py
[2026-08-28T16:12:20.751+0000] {processor.py:840} INFO - DAG(s) 'lakehouse_pipeline' retrieved from /opt/airflow/dags/lakehouse_pipeline.py
[2026-08-28T16:12:20.789+0000] {logging_mixin.py:188} INFO - [2026-08-28T16:12:20.789+0000] {dag.py:3089} INFO - Sync 1 DAGs
[2026-08-28T16:12:20.802+0000] {logging_mixin.py:188} INFO - [2026-08-28T16:12:20.801+0000] {dag.py:3947} INFO - Setting next_dagrun for lakehouse_pipeline to None, run_after=None
[2026-08-28T16:12:20.824+0000] {processor.py:183} INFO - Processing /opt/airflow/dags/lakehouse_pipeline.py took 0.101 seconds
[2026-08-28T16:12:50.950+0000] {processor.py:161} INFO - Started process (PID=1150) to work on /opt/airflow/dags/lakehouse_pipeline.py
[2026-08-28T16:12:50.952+0000] {processor.py:830} INFO - Processing file /opt/airflow/dags/lakehouse_pipeline.py for tasks to queue
[2026-08-28T16:12:50.955+0000] {logging_mixin.py:188} INFO - [2026-08-28T16:12:50.954+0000] {dagbag.py:545} INFO - Filling up the DagBag from /opt/airflow/dags/lakehouse_pipeline.py
[2026-08-28T16:12:50.990+0000] {processor.py:840} INFO - DAG(s) 'lakehouse_pipeline' retrieved from /opt/airflow/dags/lakehouse_pipeline.py
[2026-08-28T16:12:51.045+0000] {logging_mixin.py:188} INFO - [2026-08-28T16:12:51.044+0000] {dag.py:3089} INFO - Sync 1 DAGs
[2026-08-28T16:12:51.059+0000] {logging_mixin.py:188} INFO - [2026-08-28T16:12:51.058+0000] {dag.py:3947} INFO - Setting next_dagrun for lakehouse_pipeline to None, run_after=None
[2026-08-28T16:12:51.086+0000] {processor.py:183} INFO - Processing /opt/airflow/dags/lakehouse_pipeline.py took 0.144 seconds
[2026-08-28T16:13:21.357+0000] {processor.py:161} INFO - Started process (PID=2075) to work on /opt/airflow/dags/lakehouse_pipeline.py
[2026-08-28T16:13:21.358+0000] {processor.py:830} INFO - Processing file /opt/airflow/dags/lakehouse_pipeline.py for tasks to queue
[2026-08-28T16:13:21.360+0000] {logging_mixin.py:188} INFO - [2026-08-28T16:13:21.360+0000] {dagbag.py:545} INFO - Filling up the DagBag from /opt/airflow/dags/lakehouse_pipeline.py
[2026-08-28T16:13:21.379+0000] {processor.py:840} INFO - DAG(s) 'lakehouse_pipeline' retrieved from /opt/airflow/dags/lakehouse_pipeline.py
[2026-08-28T16:13:21.416+0000] {logging_mixin.py:188} INFO - [2026-08-28T16:13:21.416+0000] {dag.py:3089} INFO - Sync 1 DAGs
[2026-08-28T16:13:21.428+0000] {logging_mixin.py:188} INFO - [2026-08-28T16:13:21.428+0000] {dag.py:3947} INFO - Setting next_dagrun for lakehouse_pipeline to None, run_after=None
[2026-08-28T16:13:21.446+0000] {processor.py:183} INFO - Processing /opt/airflow/dags/lakehouse_pipeline.py took 0.095 seconds
[2026-08-28T16:13:51.597+0000] {processor.py:161} INFO - Started process (PID=2080) to work on /opt/airflow/dags/lakehouse_pipeline.py
[2026-08-28T16:13:51.598+0000] {processor.py:830} INFO - Processing file /opt/airflow/dags/lakehouse_pipeline.py for tasks to queue
[2026-08-28T16:13:51.600+0000] {logging_mixin.py:188} INFO - [2026-08-28T16:13:51.600+0000] {dagbag.py:545} INFO - Filling up the DagBag from /opt/airflow/dags/lakehouse_pipeline.py
[2026-08-28T16:13:51.629+0000] {processor.py:840} INFO - DAG(s) 'lakehouse_pipeline' retrieved from /opt/airflow/dags/lakehouse_pipeline.py
[2026-08-28T16:13:51.700+0000] {logging_mixin.py:188} INFO - [2026-08-28T16:13:51.699+0000] {dag.py:3089} INFO - Sync 1 DAGs
[2026-08-28T16:13:51.714+0000] {logging_mixin.py:188} INFO - [2026-08-28T16:13:51.714+0000] {dag.py:3947} INFO - Setting next_dagrun for lakehouse_pipeline to None, run_after=None
[2026-08-28T16:13:51.735+0000] {processor.py:183} INFO - Processing /opt/airflow/dags/lakehouse_pipeline.py took 0.146 seconds
[2026-08-28T16:14:21.972+0000] {processor.py:161} INFO - Started process (PID=2085) to work on /opt/airflow/dags/lakehouse_pipeline.py
[2026-08-28T16:14:21.974+0000] {processor.py:830} INFO - Processing file /opt/airflow/dags/lakehouse_pipeline.py for tasks to queue
[2026-08-28T16:14:21.977+0000] {logging_mixin.py:188} INFO - [2026-08-28T16:14:21.977+0000] {dagbag.py:545} INFO - Filling up the DagBag from /opt/airflow/dags/lakehouse_pipeline.py
[2026-08-28T16:14:22.014+0000] {processor.py:840} INFO - DAG(s) 'lakehouse_pipeline' retrieved from /opt/airflow/dags/lakehouse_pipeline.py
[2026-08-28T16:14:22.063+0000] {logging_mixin.py:188} INFO - [2026-08-28T16:14:22.063+0000] {dag.py:3089} INFO - Sync 1 DAGs
[2026-08-28T16:14:22.080+0000] {logging_mixin.py:188} INFO - [2026-08-28T16:14:22.080+0000] {dag.py:3947} INFO - Setting next_dagrun for lakehouse_pipeline to None, run_after=None
[2026-08-28T16:14:22.099+0000] {processor.py:183} INFO - Processing /opt/airflow/dags/lakehouse_pipeline.py took 0.147 seconds
[2026-08-28T16:14:52.168+0000] {processor.py:161} INFO - Started process (PID=2090) to work on /opt/airflow/dags/lakehouse_pipeline.py
[2026-08-28T16:14:52.169+0000] {processor.py:830} INFO - Processing file /opt/airflow/dags/lakehouse_pipeline.py for tasks to queue
[2026-08-28T16:14:52.171+0000] {logging_mixin.py:188} INFO - [2026-08-28T16:14:52.170+0000] {dagbag.py:545} INFO - Filling up the DagBag from /opt/airflow/dags/lakehouse_pipeline.py
[2026-08-28T16:14:52.191+0000] {processor.py:840} INFO - DAG(s) 'lakehouse_pipeline' retrieved from /opt/airflow/dags/lakehouse_pipeline.py
[2026-08-28T16:14:52.232+0000] {logging_mixin.py:188} INFO - [2026-08-28T16:14:52.232+0000] {dag.py:3089} INFO - Sync 1 DAGs
[2026-08-28T16:14:52.244+0000] {logging_mixin.py:188} INFO - [2026-08-28T16:14:52.243+0000] {dag.py:3947} INFO - Setting next_dagrun for lakehouse_pipeline to None, run_after=None
[2026-08-28T16:14:52.263+0000] {processor.py:183} INFO - Processing /opt/airflow/dags/lakehouse_pipeline.py took 0.103 seconds
[2026-08-28T16:15:22.418+0000] {processor.py:161} INFO - Started process (PID=2095) to work on /opt/airflow/dags/lakehouse_pipeline.py
[2026-08-28T16:15:22.419+0000] {processor.py:830} INFO - Processing file /opt/airflow/dags/lakehouse_pipeline.py for tasks to queue
[2026-08-28T16:15:22.421+0000] {logging_mixin.py:188} INFO - [2026-08-28T16:15:22.421+0000] {dagbag.py:545} INFO - Filling up the DagBag from /opt/airflow/dags/lakehouse_pipeline.py
[2026-08-28T16:15:22.441+0000] {processor.py:840} INFO - DAG(s) 'lakehouse_pipeline' retrieved from /opt/airflow/dags/lakehouse_pipeline.py
[2026-08-28T16:15:22.481+0000] {logging_mixin.py:188} INFO - [2026-08-28T16:15:22.481+0000] {dag.py:3089} INFO - Sync 1 DAGs
[2026-08-28T16:15:22.493+0000] {logging_mixin.py:188} INFO - [2026-08-28T16:15:22.493+0000] {dag.py:3947} INFO - Setting next_dagrun for lakehouse_pipeline to None, run_after=None
[2026-08-28T16:15:22.512+0000] {processor.py:183} INFO - Processing /opt/airflow/dags/lakehouse_pipeline.py took 0.102 seconds
[2026-08-28T16:15:52.776+0000] {processor.py:161} INFO - Started process (PID=2100) to work on /opt/airflow/dags/lakehouse_pipeline.py
[2026-08-28T16:15:52.777+0000] {processor.py:830} INFO - Processing file /opt/airflow/dags/lakehouse_pipeline.py for tasks to queue
[2026-08-28T16:15:52.780+0000] {logging_mixin.py:188} INFO - [2026-08-28T16:15:52.780+0000] {dagbag.py:545} INFO - Filling up the DagBag from /opt/airflow/dags/lakehouse_pipeline.py
[2026-08-28T16:15:52.811+0000] {processor.py:840} INFO - DAG(s) 'lakehouse_pipeline' retrieved from /opt/airflow/dags/lakehouse_pipeline.py
[2026-08-28T16:15:52.958+0000] {logging_mixin.py:188} INFO - [2026-08-28T16:15:52.957+0000] {dag.py:3089} INFO - Sync 1 DAGs
[2026-08-28T16:15:52.969+0000] {logging_mixin.py:188} INFO - [2026-08-28T16:15:52.969+0000] {dag.py:3947} INFO - Setting next_dagrun for lakehouse_pipeline to None, run_after=None
[2026-08-28T16:15:53.002+0000] {processor.py:183} INFO - Processing /opt/airflow/dags/lakehouse_pipeline.py took 0.233 seconds
[2026-08-28T16:15:53.799+0000] {processor.py:161} INFO - Started process (PID=2105) to work on /opt/airflow/dags/lakehouse_pipeline.py
[2026-08-28T16:15:53.800+0000] {processor.py:830} INFO - Processing file /opt/airflow/dags/lakehouse_pipeline.py for tasks to queue
[2026-08-28T16:15:53.803+0000] {logging_mixin.py:188} INFO - [2026-08-28T16:15:53.802+0000] {dagbag.py:545} INFO - Filling up the DagBag from /opt/airflow/dags/lakehouse_pipeline.py
[2026-08-28T16:15:53.833+0000] {processor.py:840} INFO - DAG(s) 'lakehouse_pipeline' retrieved from /opt/airflow/dags/lakehouse_pipeline.py
[2026-08-28T16:15:53.850+0000] {logging_mixin.py:188} INFO - [2026-08-28T16:15:53.850+0000] {dag.py:3089} INFO - Sync 1 DAGs
[2026-08-28T16:15:53.863+0000] {logging_mixin.py:188} INFO - [2026-08-28T16:15:53.862+0000] {dag.py:3947} INFO - Setting next_dagrun for lakehouse_pipeline to None, run_after=None
[2026-08-28T16:15:53.886+0000] {processor.py:183} INFO - Processing /opt/airflow/dags/lakehouse_pipeline.py took 0.095 seconds
[2026-08-28T16:15:56.848+0000] {processor.py:161} INFO - Started process (PID=2110) to work on /opt/airflow/dags/lakehouse_pipeline.py
[2026-08-28T16:15:56.849+0000] {processor.py:830} INFO - Processing file /opt/airflow/dags/lakehouse_pipeline.py for tasks to queue
[2026-08-28T16:15:56.851+0000] {logging_mixin.py:188} INFO - [2026-08-28T16:15:56.851+0000] {dagbag.py:545} INFO - Filling up the DagBag from /opt/airflow/dags/lakehouse_pipeline.py
[2026-08-28T16:15:56.904+0000] {processor.py:840} INFO - DAG(s) 'lakehouse_pipeline' retrieved from /opt/airflow/dags/lakehouse_pipeline.py
[2026-08-28T16:15:56.926+0000] {logging_mixin.py:188} INFO - [2026-08-28T16:15:56.926+0000] {dag.py:3089} INFO - Sync 1 DAGs
[2026-08-28T16:15:56.941+0000] {logging_mixin.py:188} INFO - [2026-08-28T16:15:56.941+0000] {dag.py:3947} INFO - Setting next_dagrun for lakehouse_pipeline to None, run_after=None
[2026-08-28T16:15:56.964+0000] {processor.py:183} INFO - Processing /opt/airflow/dags/lakehouse_pipeline.py took 0.123 seconds
[2026-08-28T16:16:27.149+0000] {processor.py:161} INFO - Started process (PID=2115) to work on /opt/airflow/dags/lakehouse_pipeline.py
[2026-08-28T16:16:27.151+0000] {processor.py:830} INFO - Processing file /opt/airflow/dags/lakehouse_pipeline.py for tasks to queue
[2026-08-28T16:16:27.153+0000] {logging_mixin.py:188} INFO - [2026-08-28T16:16:27.152+0000] {dagbag.py:545} INFO - Filling up the DagBag from /opt/airflow/dags/lakehouse_pipeline.py
[2026-08-28T16:16:27.174+0000] {processor.py:840} INFO - DAG(s) 'lakehouse_pipeline' retrieved from /opt/airflow/dags/lakehouse_pipeline.py
[2026-08-28T16:16:27.216+0000] {logging_mixin.py:188} INFO - [2026-08-28T16:16:27.215+0000] {dag.py:3089} INFO - Sync 1 DAGs
[2026-08-28T16:16:27.228+0000] {logging_mixin.py:188} INFO - [2026-08-28T16:16:27.228+0000] {dag.py:3947} INFO - Setting next_dagrun for lakehouse_pipeline to None, run_after=None
[2026-08-28T16:16:27.262+0000] {processor.py:183} INFO - Processing /opt/airflow/dags/lakehouse_pipeline.py took 0.120 seconds
[2026-08-28T16:16:57.442+0000] {processor.py:161} INFO - Started process (PID=2120) to work on /opt/airflow/dags/lakehouse_pipeline.py
[2026-08-28T16:16:57.443+0000] {processor.py:830} INFO - Processing file /opt/airflow/dags/lakehouse_pipeline.py for tasks to queue
[2026-08-28T16:16:57.446+0000] {logging_mixin.py:188} INFO - [2026-08-28T16:16:57.445+0000] {dagbag.py:545} INFO - Filling up the DagBag from /opt/airflow/dags/lakehouse_pipeline.py
[2026-08-28T16:16:57.475+0000] {processor.py:840} INFO - DAG(s) 'lakehouse_pipeline' retrieved from /opt/airflow/dags/lakehouse_pipeline.py
[2026-08-28T16:16:57.523+0000] {logging_mixin.py:188} INFO - [2026-08-28T16:16:57.523+0000] {dag.py:3089} INFO - Sync 1 DAGs
[2026-08-28T16:16:57.538+0000] {logging_mixin.py:188} INFO - [2026-08-28T16:16:57.538+0000] {dag.py:3947} INFO - Setting next_dagrun for lakehouse_pipeline to None, run_after=None
[2026-08-28T16:16:57.557+0000] {processor.py:183} INFO - Processing /opt/airflow/dags/lakehouse_pipeline.py took 0.123 seconds
[2026-08-28T16:17:27.749+0000] {processor.py:161} INFO - Started process (PID=2125) to work on /opt/airflow/dags/lakehouse_pipeline.py
[2026-08-28T16:17:27.750+0000] {processor.py:830} INFO - Processing file /opt/airflow/dags/lakehouse_pipeline.py for tasks to queue
[2026-08-28T16:17:27.752+0000] {logging_mixin.py:188} INFO - [2026-08-28T16:17:27.752+0000] {dagbag.py:545} INFO - Filling up the DagBag from /opt/airflow/dags/lakehouse_pipeline.py
[2026-08-28T16:17:27.781+0000] {processor.py:840} INFO - DAG(s) 'lakehouse_pipeline' retrieved from /opt/airflow/dags/lakehouse_pipeline.py
[2026-08-28T16:17:27.835+0000] {logging_mixin.py:188} INFO - [2026-08-28T16:17:27.835+0000] {dag.py:3089} INFO - Sync 1 DAGs
[2026-08-28T16:17:27.852+0000] {logging_mixin.py:188} INFO - [2026-08-28T16:17:27.851+0000] {dag.py:3947} INFO - Setting next_dagrun for lakehouse_pipeline to None, run_after=None
[2026-08-28T16:17:27.878+0000] {processor.py:183} INFO - Processing /opt/airflow/dags/lakehouse_pipeline.py took 0.138 seconds
[2026-08-28T16:17:58.012+0000] {processor.py:161} INFO - Started process (PID=2130) to work on /opt/airflow/dags/lakehouse_pipeline.py
[2026-08-28T16:17:58.014+0000] {processor.py:830} INFO - Processing file /opt/airflow/dags/lakehouse_pipeline.py for tasks to queue
[2026-08-28T16:17:58.016+0000] {logging_mixin.py:188} INFO - [2026-08-28T16:17:58.016+0000] {dagbag.py:545} INFO - Filling up the DagBag from /opt/airflow/dags/lakehouse_pipeline.py
[2026-08-28T16:17:58.037+0000] {processor.py:840} INFO - DAG(s) 'lakehouse_pipeline' retrieved from /opt/airflow/dags/lakehouse_pipeline.py
[2026-08-28T16:17:58.078+0000] {logging_mixin.py:188} INFO - [2026-08-28T16:17:58.078+0000] {dag.py:3089} INFO - Sync 1 DAGs
[2026-08-28T16:17:58.090+0000] {logging_mixin.py:188} INFO - [2026-08-28T16:17:58.090+0000] {dag.py:3947} INFO - Setting next_dagrun for lakehouse_pipeline to None, run_after=None
[2026-08-28T16:17:58.120+0000] {processor.py:183} INFO - Processing /opt/airflow/dags/lakehouse_pipeline.py took 0.115 seconds
[2026-08-28T16:18:28.345+0000] {processor.py:161} INFO - Started process (PID=2135) to work on /opt/airflow/dags/lakehouse_pipeline.py
[2026-08-28T16:18:28.346+0000] {processor.py:830} INFO - Processing file /opt/airflow/dags/lakehouse_pipeline.py for tasks to queue
[2026-08-28T16:18:28.348+0000] {logging_mixin.py:188} INFO - [2026-08-28T16:18:28.348+0000] {dagbag.py:545} INFO - Filling up the DagBag from /opt/airflow/dags/lakehouse_pipeline.py
[2026-08-28T16:18:28.369+0000] {processor.py:840} INFO - DAG(s) 'lakehouse_pipeline' retrieved from /opt/airflow/dags/lakehouse_pipeline.py
[2026-08-28T16:18:28.408+0000] {logging_mixin.py:188} INFO - [2026-08-28T16:18:28.408+0000] {dag.py:3089} INFO - Sync 1 DAGs
[2026-08-28T16:18:28.420+0000] {logging_mixin.py:188} INFO - [2026-08-28T16:18:28.420+0000] {dag.py:3947} INFO - Setting next_dagrun for lakehouse_pipeline to None, run_after=None
[2026-08-28T16:18:28.440+0000] {processor.py:183} INFO - Processing /opt/airflow/dags/lakehouse_pipeline.py took 0.101 seconds
[2026-08-28T16:18:58.667+0000] {processor.py:161} INFO - Started process (PID=3072) to work on /opt/airflow/dags/lakehouse_pipeline.py
[2026-08-28T16:18:58.669+0000] {processor.py:830} INFO - Processing file /opt/airflow/dags/lakehouse_pipeline.py for tasks to queue
[2026-08-28T16:18:58.671+0000] {logging_mixin.py:188} INFO - [2026-08-28T16:18:58.670+0000] {dagbag.py:545} INFO - Filling up the DagBag from /opt/airflow/dags/lakehouse_pipeline.py
[2026-08-28T16:18:58.691+0000] {processor.py:840} INFO - DAG(s) 'lakehouse_pipeline' retrieved from /opt/airflow/dags/lakehouse_pipeline.py
[2026-08-28T16:18:58.732+0000] {logging_mixin.py:188} INFO - [2026-08-28T16:18:58.732+0000] {dag.py:3089} INFO - Sync 1 DAGs
[2026-08-28T16:18:58.744+0000] {logging_mixin.py:188} INFO - [2026-08-28T16:18:58.744+0000] {dag.py:3947} INFO - Setting next_dagrun for lakehouse_pipeline to None, run_after=None
[2026-08-28T16:18:58.772+0000] {processor.py:183} INFO - Processing /opt/airflow/dags/lakehouse_pipeline.py took 0.112 seconds
[2026-08-28T16:19:28.992+0000] {processor.py:161} INFO - Started process (PID=3077) to work on /opt/airflow/dags/lakehouse_pipeline.py
[2026-08-28T16:19:28.994+0000] {processor.py:830} INFO - Processing file /opt/airflow/dags/lakehouse_pipeline.py for tasks to queue
[2026-08-28T16:19:28.998+0000] {logging_mixin.py:188} INFO - [2026-08-28T16:19:28.997+0000] {dagbag.py:545} INFO - Filling up the DagBag from /opt/airflow/dags/lakehouse_pipeline.py
[2026-08-28T16:19:29.032+0000] {processor.py:840} INFO - DAG(s) 'lakehouse_pipeline' retrieved from /opt/airflow/dags/lakehouse_pipeline.py
[2026-08-28T16:19:29.105+0000] {logging_mixin.py:188} INFO - [2026-08-28T16:19:29.105+0000] {dag.py:3089} INFO - Sync 1 DAGs
[2026-08-28T16:19:29.120+0000] {logging_mixin.py:188} INFO - [2026-08-28T16:19:29.120+0000] {dag.py:3947} INFO - Setting next_dagrun for lakehouse_pipeline to None, run_after=None
[2026-08-28T16:19:29.143+0000] {processor.py:183} INFO - Processing /opt/airflow/dags/lakehouse_pipeline.py took 0.163 seconds
[2026-08-28T16:19:59.208+0000] {processor.py:161} INFO - Started process (PID=3082) to work on /opt/airflow/dags/lakehouse_pipeline.py
[2026-08-28T16:19:59.210+0000] {processor.py:830} INFO - Processing file /opt/airflow/dags/lakehouse_pipeline.py for tasks to queue
[2026-08-28T16:19:59.213+0000] {logging_mixin.py:188} INFO - [2026-08-28T16:19:59.212+0000] {dagbag.py:545} INFO - Filling up the DagBag from /opt/airflow/dags/lakehouse_pipeline.py
[2026-08-28T16:19:59.239+0000] {processor.py:840} INFO - DAG(s) 'lakehouse_pipeline' retrieved from /opt/airflow/dags/lakehouse_pipeline.py
[2026-08-28T16:19:59.282+0000] {logging_mixin.py:188} INFO - [2026-08-28T16:19:59.282+0000] {dag.py:3089} INFO - Sync 1 DAGs
[2026-08-28T16:19:59.297+0000] {logging_mixin.py:188} INFO - [2026-08-28T16:19:59.297+0000] {dag.py:3947} INFO - Setting next_dagrun for lakehouse_pipeline to None, run_after=None
[2026-08-28T16:19:59.327+0000] {processor.py:183} INFO - Processing /opt/airflow/dags/lakehouse_pipeline.py took 0.129 seconds
[2026-08-28T16:20:29.430+0000] {processor.py:161} INFO - Started process (PID=3087) to work on /opt/airflow/dags/lakehouse_pipeline.py
[2026-08-28T16:20:29.432+0000] {processor.py:830} INFO - Processing file /opt/airflow/dags/lakehouse_pipeline.py for tasks to queue
[2026-08-28T16:20:29.435+0000] {logging_mixin.py:188} INFO - [2026-08-28T16:20:29.434+0000] {dagbag.py:545} INFO - Filling up the DagBag from /opt/airflow/dags/lakehouse_pipeline.py
[2026-08-28T16:20:29.461+0000] {processor.py:840} INFO - DAG(s) 'lakehouse_pipeline' retrieved from /opt/airflow/dags/lakehouse_pipeline.py
[2026-08-28T16:20:29.505+0000] {logging_mixin.py:188} INFO - [2026-08-28T16:20:29.505+0000] {dag.py:3089} INFO - Sync 1 DAGs
[2026-08-28T16:20:29.517+0000] {logging_mixin.py:188} INFO - [2026-08-28T16:20:29.517+0000] {dag.py:3947} INFO - Setting next_dagrun for lakehouse_pipeline to None, run_after=None
[2026-08-28T16:20:29.537+0000] {processor.py:183} INFO - Processing /opt/airflow/dags/lakehouse_pipeline.py took 0.116 seconds
[2026-08-28T16:20:59.725+0000] {processor.py:161} INFO - Started process (PID=3092) to work on /opt/airflow/dags/lakehouse_pipeline.py
[2026-08-28T16:20:59.726+0000] {processor.py:830} INFO - Processing file /opt/airflow/dags/lakehouse_pipeline.py for tasks to queue
[2026-08-28T16:20:59.728+0000] {logging_mixin.py:188} INFO - [2026-08-28T16:20:59.728+0000] {dagbag.py:545} INFO - Filling up the DagBag from /opt/airflow/dags/lakehouse_pipeline.py
[2026-08-28T16:20:59.755+0000] {processor.py:840} INFO - DAG(s) 'lakehouse_pipeline' retrieved from /opt/airflow/dags/lakehouse_pipeline.py
[2026-08-28T16:20:59.804+0000] {logging_mixin.py:188} INFO - [2026-08-28T16:20:59.803+0000] {dag.py:3089} INFO - Sync 1 DAGs
[2026-08-28T16:20:59.821+0000] {logging_mixin.py:188} INFO - [2026-08-28T16:20:59.820+0000] {dag.py:3947} INFO - Setting next_dagrun for lakehouse_pipeline to None, run_after=None
[2026-08-28T16:20:59.847+0000] {processor.py:183} INFO - Processing /opt/airflow/dags/lakehouse_pipeline.py took 0.132 seconds
[2026-08-28T16:21:36.812+0000] {processor.py:161} INFO - Started process (PID=165) to work on /opt/airflow/dags/lakehouse_pipeline.py
[2026-08-28T16:21:36.814+0000] {processor.py:830} INFO - Processing file /opt/airflow/dags/lakehouse_pipeline.py for tasks to queue
[2026-08-28T16:21:36.819+0000] {logging_mixin.py:188} INFO - [2026-08-28T16:21:36.819+0000] {dagbag.py:545} INFO - Filling up the DagBag from /opt/airflow/dags/lakehouse_pipeline.py
[2026-08-28T16:21:36.864+0000] {processor.py:840} INFO - DAG(s) 'lakehouse_pipeline' retrieved from /opt/airflow/dags/lakehouse_pipeline.py
[2026-08-28T16:21:37.127+0000] {logging_mixin.py:188} INFO - [2026-08-28T16:21:37.127+0000] {dag.py:3089} INFO - Sync 1 DAGs
[2026-08-28T16:21:37.137+0000] {logging_mixin.py:188} INFO - [2026-08-28T16:21:37.137+0000] {dag.py:3947} INFO - Setting next_dagrun for lakehouse_pipeline to None, run_after=None
[2026-08-28T16:21:37.163+0000] {processor.py:183} INFO - Processing /opt/airflow/dags/lakehouse_pipeline.py took 0.356 seconds
[2026-08-28T16:22:07.354+0000] {processor.py:161} INFO - Started process (PID=170) to work on /opt/airflow/dags/lakehouse_pipeline.py
[2026-08-28T16:22:07.356+0000] {processor.py:830} INFO - Processing file /opt/airflow/dags/lakehouse_pipeline.py for tasks to queue
[2026-08-28T16:22:07.358+0000] {logging_mixin.py:188} INFO - [2026-08-28T16:22:07.357+0000] {dagbag.py:545} INFO - Filling up the DagBag from /opt/airflow/dags/lakehouse_pipeline.py
[2026-08-28T16:22:07.379+0000] {processor.py:840} INFO - DAG(s) 'lakehouse_pipeline' retrieved from /opt/airflow/dags/lakehouse_pipeline.py
[2026-08-28T16:22:07.427+0000] {logging_mixin.py:188} INFO - [2026-08-28T16:22:07.427+0000] {dag.py:3089} INFO - Sync 1 DAGs
[2026-08-28T16:22:07.443+0000] {logging_mixin.py:188} INFO - [2026-08-28T16:22:07.443+0000] {dag.py:3947} INFO - Setting next_dagrun for lakehouse_pipeline to None, run_after=None
[2026-08-28T16:22:07.470+0000] {processor.py:183} INFO - Processing /opt/airflow/dags/lakehouse_pipeline.py took 0.123 seconds
[2026-08-28T16:22:37.556+0000] {processor.py:161} INFO - Started process (PID=175) to work on /opt/airflow/dags/lakehouse_pipeline.py
[2026-08-28T16:22:37.557+0000] {processor.py:830} INFO - Processing file /opt/airflow/dags/lakehouse_pipeline.py for tasks to queue
[2026-08-28T16:22:37.559+0000] {logging_mixin.py:188} INFO - [2026-08-28T16:22:37.559+0000] {dagbag.py:545} INFO - Filling up the DagBag from /opt/airflow/dags/lakehouse_pipeline.py
[2026-08-28T16:22:37.579+0000] {processor.py:840} INFO - DAG(s) 'lakehouse_pipeline' retrieved from /opt/airflow/dags/lakehouse_pipeline.py
[2026-08-28T16:22:37.618+0000] {logging_mixin.py:188} INFO - [2026-08-28T16:22:37.617+0000] {dag.py:3089} INFO - Sync 1 DAGs
[2026-08-28T16:22:37.629+0000] {logging_mixin.py:188} INFO - [2026-08-28T16:22:37.628+0000] {dag.py:3947} INFO - Setting next_dagrun for lakehouse_pipeline to None, run_after=None
[2026-08-28T16:22:37.646+0000] {processor.py:183} INFO - Processing /opt/airflow/dags/lakehouse_pipeline.py took 0.097 seconds
[2026-08-28T16:23:07.836+0000] {processor.py:161} INFO - Started process (PID=353) to work on /opt/airflow/dags/lakehouse_pipeline.py
[2026-08-28T16:23:07.837+0000] {processor.py:830} INFO - Processing file /opt/airflow/dags/lakehouse_pipeline.py for tasks to queue
[2026-08-28T16:23:07.845+0000] {logging_mixin.py:188} INFO - [2026-08-28T16:23:07.844+0000] {dagbag.py:545} INFO - Filling up the DagBag from /opt/airflow/dags/lakehouse_pipeline.py
[2026-08-28T16:23:07.908+0000] {processor.py:840} INFO - DAG(s) 'lakehouse_pipeline' retrieved from /opt/airflow/dags/lakehouse_pipeline.py
[2026-08-28T16:23:07.994+0000] {logging_mixin.py:188} INFO - [2026-08-28T16:23:07.993+0000] {dag.py:3089} INFO - Sync 1 DAGs
[2026-08-28T16:23:08.042+0000] {logging_mixin.py:188} INFO - [2026-08-28T16:23:08.041+0000] {dag.py:3947} INFO - Setting next_dagrun for lakehouse_pipeline to None, run_after=None
[2026-08-28T16:23:08.128+0000] {processor.py:183} INFO - Processing /opt/airflow/dags/lakehouse_pipeline.py took 0.313 seconds
[2026-08-28T16:23:38.442+0000] {processor.py:161} INFO - Started process (PID=754) to work on /opt/airflow/dags/lakehouse_pipeline.py
[2026-08-28T16:23:38.444+0000] {processor.py:830} INFO - Processing file /opt/airflow/dags/lakehouse_pipeline.py for tasks to queue
[2026-08-28T16:23:38.449+0000] {logging_mixin.py:188} INFO - [2026-08-28T16:23:38.448+0000] {dagbag.py:545} INFO - Filling up the DagBag from /opt/airflow/dags/lakehouse_pipeline.py
[2026-08-28T16:23:39.032+0000] {processor.py:840} INFO - DAG(s) 'lakehouse_pipeline' retrieved from /opt/airflow/dags/lakehouse_pipeline.py
[2026-08-28T16:23:39.798+0000] {logging_mixin.py:188} INFO - [2026-08-28T16:23:39.798+0000] {dag.py:3089} INFO - Sync 1 DAGs
[2026-08-28T16:23:40.058+0000] {logging_mixin.py:188} INFO - [2026-08-28T16:23:40.057+0000] {dag.py:3947} INFO - Setting next_dagrun for lakehouse_pipeline to None, run_after=None
[2026-08-28T16:23:40.136+0000] {processor.py:183} INFO - Processing /opt/airflow/dags/lakehouse_pipeline.py took 1.741 seconds
[2026-08-28T16:24:10.771+0000] {processor.py:161} INFO - Started process (PID=919) to work on /opt/airflow/dags/lakehouse_pipeline.py
[2026-08-28T16:24:10.777+0000] {processor.py:830} INFO - Processing file /opt/airflow/dags/lakehouse_pipeline.py for tasks to queue
[2026-08-28T16:24:10.804+0000] {logging_mixin.py:188} INFO - [2026-08-28T16:24:10.800+0000] {dagbag.py:545} INFO - Filling up the DagBag from /opt/airflow/dags/lakehouse_pipeline.py
[2026-08-28T16:24:10.943+0000] {processor.py:840} INFO - DAG(s) 'lakehouse_pipeline' retrieved from /opt/airflow/dags/lakehouse_pipeline.py
[2026-08-28T16:24:11.141+0000] {logging_mixin.py:188} INFO - [2026-08-28T16:24:11.140+0000] {dag.py:3089} INFO - Sync 1 DAGs
[2026-08-28T16:24:11.230+0000] {logging_mixin.py:188} INFO - [2026-08-28T16:24:11.229+0000] {dag.py:3947} INFO - Setting next_dagrun for lakehouse_pipeline to None, run_after=None
[2026-08-28T16:24:11.292+0000] {processor.py:183} INFO - Processing /opt/airflow/dags/lakehouse_pipeline.py took 0.676 seconds
[2026-08-28T16:24:41.397+0000] {processor.py:161} INFO - Started process (PID=1148) to work on /opt/airflow/dags/lakehouse_pipeline.py
[2026-08-28T16:24:41.400+0000] {processor.py:830} INFO - Processing file /opt/airflow/dags/lakehouse_pipeline.py for tasks to queue
[2026-08-28T16:24:41.404+0000] {logging_mixin.py:188} INFO - [2026-08-28T16:24:41.404+0000] {dagbag.py:545} INFO - Filling up the DagBag from /opt/airflow/dags/lakehouse_pipeline.py
[2026-08-28T16:24:41.471+0000] {processor.py:840} INFO - DAG(s) 'lakehouse_pipeline' retrieved from /opt/airflow/dags/lakehouse_pipeline.py
[2026-08-28T16:24:41.582+0000] {logging_mixin.py:188} INFO - [2026-08-28T16:24:41.582+0000] {dag.py:3089} INFO - Sync 1 DAGs
[2026-08-28T16:24:41.617+0000] {logging_mixin.py:188} INFO - [2026-08-28T16:24:41.616+0000] {dag.py:3947} INFO - Setting next_dagrun for lakehouse_pipeline to None, run_after=None
[2026-08-28T16:24:41.702+0000] {processor.py:183} INFO - Processing /opt/airflow/dags/lakehouse_pipeline.py took 0.322 seconds
[2026-08-28T16:25:12.131+0000] {processor.py:161} INFO - Started process (PID=1401) to work on /opt/airflow/dags/lakehouse_pipeline.py
[2026-08-28T16:25:12.132+0000] {processor.py:830} INFO - Processing file /opt/airflow/dags/lakehouse_pipeline.py for tasks to queue
[2026-08-28T16:25:12.137+0000] {logging_mixin.py:188} INFO - [2026-08-28T16:25:12.136+0000] {dagbag.py:545} INFO - Filling up the DagBag from /opt/airflow/dags/lakehouse_pipeline.py
[2026-08-28T16:25:12.191+0000] {processor.py:840} INFO - DAG(s) 'lakehouse_pipeline' retrieved from /opt/airflow/dags/lakehouse_pipeline.py
[2026-08-28T16:25:12.298+0000] {logging_mixin.py:188} INFO - [2026-08-28T16:25:12.298+0000] {dag.py:3089} INFO - Sync 1 DAGs
[2026-08-28T16:25:12.397+0000] {logging_mixin.py:188} INFO - [2026-08-28T16:25:12.396+0000] {dag.py:3947} INFO - Setting next_dagrun for lakehouse_pipeline to None, run_after=None
[2026-08-28T16:25:12.469+0000] {processor.py:183} INFO - Processing /opt/airflow/dags/lakehouse_pipeline.py took 0.351 seconds
[2026-08-28T16:25:42.696+0000] {processor.py:161} INFO - Started process (PID=1526) to work on /opt/airflow/dags/lakehouse_pipeline.py
[2026-08-28T16:25:42.701+0000] {processor.py:830} INFO - Processing file /opt/airflow/dags/lakehouse_pipeline.py for tasks to queue
[2026-08-28T16:25:42.719+0000] {logging_mixin.py:188} INFO - [2026-08-28T16:25:42.718+0000] {dagbag.py:545} INFO - Filling up the DagBag from /opt/airflow/dags/lakehouse_pipeline.py
[2026-08-28T16:25:42.787+0000] {processor.py:840} INFO - DAG(s) 'lakehouse_pipeline' retrieved from /opt/airflow/dags/lakehouse_pipeline.py
[2026-08-28T16:25:42.881+0000] {logging_mixin.py:188} INFO - [2026-08-28T16:25:42.881+0000] {dag.py:3089} INFO - Sync 1 DAGs
[2026-08-28T16:25:42.911+0000] {logging_mixin.py:188} INFO - [2026-08-28T16:25:42.911+0000] {dag.py:3947} INFO - Setting next_dagrun for lakehouse_pipeline to None, run_after=None
[2026-08-28T16:25:42.979+0000] {processor.py:183} INFO - Processing /opt/airflow/dags/lakehouse_pipeline.py took 0.310 seconds
[2026-08-28T16:26:13.175+0000] {processor.py:161} INFO - Started process (PID=1669) to work on /opt/airflow/dags/lakehouse_pipeline.py
[2026-08-28T16:26:13.186+0000] {processor.py:830} INFO - Processing file /opt/airflow/dags/lakehouse_pipeline.py for tasks to queue
[2026-08-28T16:26:13.194+0000] {logging_mixin.py:188} INFO - [2026-08-28T16:26:13.192+0000] {dagbag.py:545} INFO - Filling up the DagBag from /opt/airflow/dags/lakehouse_pipeline.py
[2026-08-28T16:26:13.300+0000] {processor.py:840} INFO - DAG(s) 'lakehouse_pipeline' retrieved from /opt/airflow/dags/lakehouse_pipeline.py
[2026-08-28T16:26:13.415+0000] {logging_mixin.py:188} INFO - [2026-08-28T16:26:13.415+0000] {dag.py:3089} INFO - Sync 1 DAGs
[2026-08-28T16:26:13.441+0000] {logging_mixin.py:188} INFO - [2026-08-28T16:26:13.441+0000] {dag.py:3947} INFO - Setting next_dagrun for lakehouse_pipeline to None, run_after=None
[2026-08-28T16:26:13.502+0000] {processor.py:183} INFO - Processing /opt/airflow/dags/lakehouse_pipeline.py took 0.356 seconds
[2026-08-28T16:26:43.866+0000] {processor.py:161} INFO - Started process (PID=1826) to work on /opt/airflow/dags/lakehouse_pipeline.py
[2026-08-28T16:26:43.869+0000] {processor.py:830} INFO - Processing file /opt/airflow/dags/lakehouse_pipeline.py for tasks to queue
[2026-08-28T16:26:43.875+0000] {logging_mixin.py:188} INFO - [2026-08-28T16:26:43.874+0000] {dagbag.py:545} INFO - Filling up the DagBag from /opt/airflow/dags/lakehouse_pipeline.py
[2026-08-28T16:26:43.956+0000] {processor.py:840} INFO - DAG(s) 'lakehouse_pipeline' retrieved from /opt/airflow/dags/lakehouse_pipeline.py
[2026-08-28T16:26:44.084+0000] {logging_mixin.py:188} INFO - [2026-08-28T16:26:44.083+0000] {dag.py:3089} INFO - Sync 1 DAGs
[2026-08-28T16:26:44.109+0000] {logging_mixin.py:188} INFO - [2026-08-28T16:26:44.108+0000] {dag.py:3947} INFO - Setting next_dagrun for lakehouse_pipeline to None, run_after=None
[2026-08-28T16:26:44.150+0000] {processor.py:183} INFO - Processing /opt/airflow/dags/lakehouse_pipeline.py took 0.299 seconds
[2026-08-28T16:27:14.389+0000] {processor.py:161} INFO - Started process (PID=1899) to work on /opt/airflow/dags/lakehouse_pipeline.py
[2026-08-28T16:27:14.390+0000] {processor.py:830} INFO - Processing file /opt/airflow/dags/lakehouse_pipeline.py for tasks to queue
[2026-08-28T16:27:14.393+0000] {logging_mixin.py:188} INFO - [2026-08-28T16:27:14.393+0000] {dagbag.py:545} INFO - Filling up the DagBag from /opt/airflow/dags/lakehouse_pipeline.py
[2026-08-28T16:27:14.419+0000] {processor.py:840} INFO - DAG(s) 'lakehouse_pipeline' retrieved from /opt/airflow/dags/lakehouse_pipeline.py
[2026-08-28T16:27:14.466+0000] {logging_mixin.py:188} INFO - [2026-08-28T16:27:14.466+0000] {dag.py:3089} INFO - Sync 1 DAGs
[2026-08-28T16:27:14.488+0000] {logging_mixin.py:188} INFO - [2026-08-28T16:27:14.488+0000] {dag.py:3947} INFO - Setting next_dagrun for lakehouse_pipeline to None, run_after=None
[2026-08-28T16:27:14.533+0000] {processor.py:183} INFO - Processing /opt/airflow/dags/lakehouse_pipeline.py took 0.152 seconds
[2026-08-28T16:27:44.591+0000] {processor.py:161} INFO - Started process (PID=1904) to work on /opt/airflow/dags/lakehouse_pipeline.py
[2026-08-28T16:27:44.592+0000] {processor.py:830} INFO - Processing file /opt/airflow/dags/lakehouse_pipeline.py for tasks to queue
[2026-08-28T16:27:44.595+0000] {logging_mixin.py:188} INFO - [2026-08-28T16:27:44.594+0000] {dagbag.py:545} INFO - Filling up the DagBag from /opt/airflow/dags/lakehouse_pipeline.py
[2026-08-28T16:27:44.618+0000] {processor.py:840} INFO - DAG(s) 'lakehouse_pipeline' retrieved from /opt/airflow/dags/lakehouse_pipeline.py
[2026-08-28T16:27:44.675+0000] {logging_mixin.py:188} INFO - [2026-08-28T16:27:44.675+0000] {dag.py:3089} INFO - Sync 1 DAGs
[2026-08-28T16:27:44.690+0000] {logging_mixin.py:188} INFO - [2026-08-28T16:27:44.690+0000] {dag.py:3947} INFO - Setting next_dagrun for lakehouse_pipeline to None, run_after=None
[2026-08-28T16:27:44.716+0000] {processor.py:183} INFO - Processing /opt/airflow/dags/lakehouse_pipeline.py took 0.135 seconds
[2026-08-28T16:28:14.789+0000] {processor.py:161} INFO - Started process (PID=1909) to work on /opt/airflow/dags/lakehouse_pipeline.py
[2026-08-28T16:28:14.790+0000] {processor.py:830} INFO - Processing file /opt/airflow/dags/lakehouse_pipeline.py for tasks to queue
[2026-08-28T16:28:14.793+0000] {logging_mixin.py:188} INFO - [2026-08-28T16:28:14.792+0000] {dagbag.py:545} INFO - Filling up the DagBag from /opt/airflow/dags/lakehouse_pipeline.py
[2026-08-28T16:28:14.817+0000] {processor.py:840} INFO - DAG(s) 'lakehouse_pipeline' retrieved from /opt/airflow/dags/lakehouse_pipeline.py
[2026-08-28T16:28:14.875+0000] {logging_mixin.py:188} INFO - [2026-08-28T16:28:14.875+0000] {dag.py:3089} INFO - Sync 1 DAGs
[2026-08-28T16:28:14.891+0000] {logging_mixin.py:188} INFO - [2026-08-28T16:28:14.890+0000] {dag.py:3947} INFO - Setting next_dagrun for lakehouse_pipeline to None, run_after=None
[2026-08-28T16:28:14.916+0000] {processor.py:183} INFO - Processing /opt/airflow/dags/lakehouse_pipeline.py took 0.136 seconds
[2026-08-28T16:28:23.036+0000] {processor.py:161} INFO - Started process (PID=1914) to work on /opt/airflow/dags/lakehouse_pipeline.py
[2026-08-28T16:28:23.037+0000] {processor.py:830} INFO - Processing file /opt/airflow/dags/lakehouse_pipeline.py for tasks to queue
[2026-08-28T16:28:23.039+0000] {logging_mixin.py:188} INFO - [2026-08-28T16:28:23.039+0000] {dagbag.py:545} INFO - Filling up the DagBag from /opt/airflow/dags/lakehouse_pipeline.py
[2026-08-28T16:28:23.067+0000] {processor.py:840} INFO - DAG(s) 'lakehouse_pipeline' retrieved from /opt/airflow/dags/lakehouse_pipeline.py
[2026-08-28T16:28:23.375+0000] {logging_mixin.py:188} INFO - [2026-08-28T16:28:23.374+0000] {dag.py:3089} INFO - Sync 1 DAGs
[2026-08-28T16:28:23.385+0000] {logging_mixin.py:188} INFO - [2026-08-28T16:28:23.385+0000] {dag.py:3947} INFO - Setting next_dagrun for lakehouse_pipeline to None, run_after=None
[2026-08-28T16:28:23.410+0000] {processor.py:183} INFO - Processing /opt/airflow/dags/lakehouse_pipeline.py took 0.381 seconds
[2026-08-28T16:28:53.714+0000] {processor.py:161} INFO - Started process (PID=1919) to work on /opt/airflow/dags/lakehouse_pipeline.py
[2026-08-28T16:28:53.715+0000] {processor.py:830} INFO - Processing file /opt/airflow/dags/lakehouse_pipeline.py for tasks to queue
[2026-08-28T16:28:53.718+0000] {logging_mixin.py:188} INFO - [2026-08-28T16:28:53.717+0000] {dagbag.py:545} INFO - Filling up the DagBag from /opt/airflow/dags/lakehouse_pipeline.py
[2026-08-28T16:28:53.743+0000] {processor.py:840} INFO - DAG(s) 'lakehouse_pipeline' retrieved from /opt/airflow/dags/lakehouse_pipeline.py
[2026-08-28T16:28:53.797+0000] {logging_mixin.py:188} INFO - [2026-08-28T16:28:53.796+0000] {dag.py:3089} INFO - Sync 1 DAGs
[2026-08-28T16:28:53.815+0000] {logging_mixin.py:188} INFO - [2026-08-28T16:28:53.814+0000] {dag.py:3947} INFO - Setting next_dagrun for lakehouse_pipeline to None, run_after=None
[2026-08-28T16:28:53.848+0000] {processor.py:183} INFO - Processing /opt/airflow/dags/lakehouse_pipeline.py took 0.142 seconds
[2026-08-28T16:28:56.744+0000] {processor.py:161} INFO - Started process (PID=1924) to work on /opt/airflow/dags/lakehouse_pipeline.py
[2026-08-28T16:28:56.745+0000] {processor.py:830} INFO - Processing file /opt/airflow/dags/lakehouse_pipeline.py for tasks to queue
[2026-08-28T16:28:56.747+0000] {logging_mixin.py:188} INFO - [2026-08-28T16:28:56.747+0000] {dagbag.py:545} INFO - Filling up the DagBag from /opt/airflow/dags/lakehouse_pipeline.py
[2026-08-28T16:28:56.773+0000] {processor.py:840} INFO - DAG(s) 'lakehouse_pipeline' retrieved from /opt/airflow/dags/lakehouse_pipeline.py
[2026-08-28T16:28:56.826+0000] {logging_mixin.py:188} INFO - [2026-08-28T16:28:56.826+0000] {dag.py:3089} INFO - Sync 1 DAGs
[2026-08-28T16:28:56.838+0000] {logging_mixin.py:188} INFO - [2026-08-28T16:28:56.838+0000] {dag.py:3947} INFO - Setting next_dagrun for lakehouse_pipeline to None, run_after=None
[2026-08-28T16:28:56.867+0000] {processor.py:183} INFO - Processing /opt/airflow/dags/lakehouse_pipeline.py took 0.132 seconds
[2026-08-28T16:29:27.003+0000] {processor.py:161} INFO - Started process (PID=1929) to work on /opt/airflow/dags/lakehouse_pipeline.py
[2026-08-28T16:29:27.004+0000] {processor.py:830} INFO - Processing file /opt/airflow/dags/lakehouse_pipeline.py for tasks to queue
[2026-08-28T16:29:27.007+0000] {logging_mixin.py:188} INFO - [2026-08-28T16:29:27.006+0000] {dagbag.py:545} INFO - Filling up the DagBag from /opt/airflow/dags/lakehouse_pipeline.py
[2026-08-28T16:29:27.031+0000] {processor.py:840} INFO - DAG(s) 'lakehouse_pipeline' retrieved from /opt/airflow/dags/lakehouse_pipeline.py
[2026-08-28T16:29:27.076+0000] {logging_mixin.py:188} INFO - [2026-08-28T16:29:27.076+0000] {dag.py:3089} INFO - Sync 1 DAGs
[2026-08-28T16:29:27.090+0000] {logging_mixin.py:188} INFO - [2026-08-28T16:29:27.090+0000] {dag.py:3947} INFO - Setting next_dagrun for lakehouse_pipeline to None, run_after=None
[2026-08-28T16:29:27.113+0000] {processor.py:183} INFO - Processing /opt/airflow/dags/lakehouse_pipeline.py took 0.120 seconds
[2026-08-28T16:29:57.349+0000] {processor.py:161} INFO - Started process (PID=1934) to work on /opt/airflow/dags/lakehouse_pipeline.py
[2026-08-28T16:29:57.350+0000] {processor.py:830} INFO - Processing file /opt/airflow/dags/lakehouse_pipeline.py for tasks to queue
[2026-08-28T16:29:57.353+0000] {logging_mixin.py:188} INFO - [2026-08-28T16:29:57.352+0000] {dagbag.py:545} INFO - Filling up the DagBag from /opt/airflow/dags/lakehouse_pipeline.py
[2026-08-28T16:29:57.375+0000] {processor.py:840} INFO - DAG(s) 'lakehouse_pipeline' retrieved from /opt/airflow/dags/lakehouse_pipeline.py
[2026-08-28T16:29:57.415+0000] {logging_mixin.py:188} INFO - [2026-08-28T16:29:57.415+0000] {dag.py:3089} INFO - Sync 1 DAGs
[2026-08-28T16:29:57.428+0000] {logging_mixin.py:188} INFO - [2026-08-28T16:29:57.427+0000] {dag.py:3947} INFO - Setting next_dagrun for lakehouse_pipeline to None, run_after=None
[2026-08-28T16:29:57.449+0000] {processor.py:183} INFO - Processing /opt/airflow/dags/lakehouse_pipeline.py took 0.107 seconds
[2026-08-28T16:30:27.580+0000] {processor.py:161} INFO - Started process (PID=1939) to work on /opt/airflow/dags/lakehouse_pipeline.py
[2026-08-28T16:30:27.581+0000] {processor.py:830} INFO - Processing file /opt/airflow/dags/lakehouse_pipeline.py for tasks to queue
[2026-08-28T16:30:27.583+0000] {logging_mixin.py:188} INFO - [2026-08-28T16:30:27.583+0000] {dagbag.py:545} INFO - Filling up the DagBag from /opt/airflow/dags/lakehouse_pipeline.py
[2026-08-28T16:30:27.603+0000] {processor.py:840} INFO - DAG(s) 'lakehouse_pipeline' retrieved from /opt/airflow/dags/lakehouse_pipeline.py
[2026-08-28T16:30:27.645+0000] {logging_mixin.py:188} INFO - [2026-08-28T16:30:27.644+0000] {dag.py:3089} INFO - Sync 1 DAGs
[2026-08-28T16:30:27.656+0000] {logging_mixin.py:188} INFO - [2026-08-28T16:30:27.656+0000] {dag.py:3947} INFO - Setting next_dagrun for lakehouse_pipeline to None, run_after=None
[2026-08-28T16:30:27.673+0000] {processor.py:183} INFO - Processing /opt/airflow/dags/lakehouse_pipeline.py took 0.101 seconds
[2026-08-28T16:30:58.284+0000] {processor.py:161} INFO - Started process (PID=2568) to work on /opt/airflow/dags/lakehouse_pipeline.py
[2026-08-28T16:30:58.287+0000] {processor.py:830} INFO - Processing file /opt/airflow/dags/lakehouse_pipeline.py for tasks to queue
[2026-08-28T16:30:58.296+0000] {logging_mixin.py:188} INFO - [2026-08-28T16:30:58.295+0000] {dagbag.py:545} INFO - Filling up the DagBag from /opt/airflow/dags/lakehouse_pipeline.py
[2026-08-28T16:30:58.351+0000] {processor.py:840} INFO - DAG(s) 'lakehouse_pipeline' retrieved from /opt/airflow/dags/lakehouse_pipeline.py
[2026-08-28T16:30:58.497+0000] {logging_mixin.py:188} INFO - [2026-08-28T16:30:58.496+0000] {dag.py:3089} INFO - Sync 1 DAGs
[2026-08-28T16:30:58.551+0000] {logging_mixin.py:188} INFO - [2026-08-28T16:30:58.550+0000] {dag.py:3947} INFO - Setting next_dagrun for lakehouse_pipeline to None, run_after=None
[2026-08-28T16:30:58.597+0000] {processor.py:183} INFO - Processing /opt/airflow/dags/lakehouse_pipeline.py took 0.339 seconds
[2026-08-28T16:31:28.920+0000] {processor.py:161} INFO - Started process (PID=2740) to work on /opt/airflow/dags/lakehouse_pipeline.py
[2026-08-28T16:31:28.922+0000] {processor.py:830} INFO - Processing file /opt/airflow/dags/lakehouse_pipeline.py for tasks to queue
[2026-08-28T16:31:29.001+0000] {logging_mixin.py:188} INFO - [2026-08-28T16:31:28.961+0000] {dagbag.py:545} INFO - Filling up the DagBag from /opt/airflow/dags/lakehouse_pipeline.py
[2026-08-28T16:31:30.006+0000] {processor.py:840} INFO - DAG(s) 'lakehouse_pipeline' retrieved from /opt/airflow/dags/lakehouse_pipeline.py
[2026-08-28T16:31:32.700+0000] {logging_mixin.py:188} INFO - [2026-08-28T16:31:32.699+0000] {dag.py:3089} INFO - Sync 1 DAGs
[2026-08-28T16:31:33.937+0000] {logging_mixin.py:188} INFO - [2026-08-28T16:31:33.933+0000] {dag.py:3947} INFO - Setting next_dagrun for lakehouse_pipeline to None, run_after=None
[2026-08-28T16:31:34.414+0000] {processor.py:183} INFO - Processing /opt/airflow/dags/lakehouse_pipeline.py took 5.536 seconds
[2026-08-28T16:42:11.123+0000] {processor.py:161} INFO - Started process (PID=163) to work on /opt/airflow/dags/lakehouse_pipeline.py
[2026-08-28T16:42:11.125+0000] {processor.py:830} INFO - Processing file /opt/airflow/dags/lakehouse_pipeline.py for tasks to queue
[2026-08-28T16:42:11.128+0000] {logging_mixin.py:188} INFO - [2026-08-28T16:42:11.127+0000] {dagbag.py:545} INFO - Filling up the DagBag from /opt/airflow/dags/lakehouse_pipeline.py
[2026-08-28T16:42:11.166+0000] {processor.py:840} INFO - DAG(s) 'lakehouse_pipeline' retrieved from /opt/airflow/dags/lakehouse_pipeline.py
[2026-08-28T16:42:11.371+0000] {logging_mixin.py:188} INFO - [2026-08-28T16:42:11.371+0000] {dag.py:3089} INFO - Sync 1 DAGs
[2026-08-28T16:42:11.391+0000] {logging_mixin.py:188} INFO - [2026-08-28T16:42:11.391+0000] {dag.py:3947} INFO - Setting next_dagrun for lakehouse_pipeline to None, run_after=None
[2026-08-28T16:42:11.424+0000] {processor.py:183} INFO - Processing /opt/airflow/dags/lakehouse_pipeline.py took 0.310 seconds
[2026-08-28T16:42:41.693+0000] {processor.py:161} INFO - Started process (PID=760) to work on /opt/airflow/dags/lakehouse_pipeline.py
[2026-08-28T16:42:41.701+0000] {processor.py:830} INFO - Processing file /opt/airflow/dags/lakehouse_pipeline.py for tasks to queue
[2026-08-28T16:42:41.704+0000] {logging_mixin.py:188} INFO - [2026-08-28T16:42:41.703+0000] {dagbag.py:545} INFO - Filling up the DagBag from /opt/airflow/dags/lakehouse_pipeline.py
[2026-08-28T16:42:41.768+0000] {processor.py:840} INFO - DAG(s) 'lakehouse_pipeline' retrieved from /opt/airflow/dags/lakehouse_pipeline.py
[2026-08-28T16:42:42.023+0000] {logging_mixin.py:188} INFO - [2026-08-28T16:42:42.022+0000] {dag.py:3089} INFO - Sync 1 DAGs
[2026-08-28T16:42:42.060+0000] {logging_mixin.py:188} INFO - [2026-08-28T16:42:42.060+0000] {dag.py:3947} INFO - Setting next_dagrun for lakehouse_pipeline to None, run_after=None
[2026-08-28T16:42:42.098+0000] {processor.py:183} INFO - Processing /opt/airflow/dags/lakehouse_pipeline.py took 0.433 seconds
[2026-08-28T16:43:13.419+0000] {processor.py:161} INFO - Started process (PID=899) to work on /opt/airflow/dags/lakehouse_pipeline.py
[2026-08-28T16:43:13.473+0000] {processor.py:830} INFO - Processing file /opt/airflow/dags/lakehouse_pipeline.py for tasks to queue
[2026-08-28T16:43:13.559+0000] {logging_mixin.py:188} INFO - [2026-08-28T16:43:13.537+0000] {dagbag.py:545} INFO - Filling up the DagBag from /opt/airflow/dags/lakehouse_pipeline.py
[2026-08-28T16:43:14.795+0000] {processor.py:840} INFO - DAG(s) 'lakehouse_pipeline' retrieved from /opt/airflow/dags/lakehouse_pipeline.py
[2026-08-28T16:43:15.525+0000] {logging_mixin.py:188} INFO - [2026-08-28T16:43:15.525+0000] {dag.py:3089} INFO - Sync 1 DAGs
[2026-08-28T16:43:15.685+0000] {logging_mixin.py:188} INFO - [2026-08-28T16:43:15.685+0000] {dag.py:3947} INFO - Setting next_dagrun for lakehouse_pipeline to None, run_after=None
[2026-08-28T16:43:16.261+0000] {processor.py:183} INFO - Processing /opt/airflow/dags/lakehouse_pipeline.py took 2.987 seconds
[2026-08-28T18:53:39.132+0000] {processor.py:161} INFO - Started process (PID=166) to work on /opt/airflow/dags/lakehouse_pipeline.py
[2026-08-28T18:53:39.134+0000] {processor.py:830} INFO - Processing file /opt/airflow/dags/lakehouse_pipeline.py for tasks to queue
[2026-08-28T18:53:39.139+0000] {logging_mixin.py:188} INFO - [2026-08-28T18:53:39.138+0000] {dagbag.py:545} INFO - Filling up the DagBag from /opt/airflow/dags/lakehouse_pipeline.py
[2026-08-28T18:53:39.176+0000] {processor.py:840} INFO - DAG(s) 'lakehouse_pipeline' retrieved from /opt/airflow/dags/lakehouse_pipeline.py
[2026-08-28T18:53:39.546+0000] {logging_mixin.py:188} INFO - [2026-08-28T18:53:39.546+0000] {dag.py:3089} INFO - Sync 1 DAGs
[2026-08-28T18:53:39.567+0000] {logging_mixin.py:188} INFO - [2026-08-28T18:53:39.567+0000] {dag.py:3947} INFO - Setting next_dagrun for lakehouse_pipeline to None, run_after=None
[2026-08-28T18:53:39.606+0000] {processor.py:183} INFO - Processing /opt/airflow/dags/lakehouse_pipeline.py took 0.487 seconds
[2026-08-28T18:54:10.588+0000] {processor.py:161} INFO - Started process (PID=766) to work on /opt/airflow/dags/lakehouse_pipeline.py
[2026-08-28T18:54:10.600+0000] {processor.py:830} INFO - Processing file /opt/airflow/dags/lakehouse_pipeline.py for tasks to queue
[2026-08-28T18:54:10.650+0000] {logging_mixin.py:188} INFO - [2026-08-28T18:54:10.646+0000] {dagbag.py:545} INFO - Filling up the DagBag from /opt/airflow/dags/lakehouse_pipeline.py
[2026-08-28T18:54:11.750+0000] {processor.py:840} INFO - DAG(s) 'lakehouse_pipeline' retrieved from /opt/airflow/dags/lakehouse_pipeline.py
[2026-08-28T18:54:12.155+0000] {logging_mixin.py:188} INFO - [2026-08-28T18:54:12.155+0000] {dag.py:3089} INFO - Sync 1 DAGs
[2026-08-28T18:54:12.616+0000] {logging_mixin.py:188} INFO - [2026-08-28T18:54:12.616+0000] {dag.py:3947} INFO - Setting next_dagrun for lakehouse_pipeline to None, run_after=None
[2026-08-28T18:54:12.810+0000] {processor.py:183} INFO - Processing /opt/airflow/dags/lakehouse_pipeline.py took 2.293 seconds
[2026-08-28T18:54:44.500+0000] {processor.py:161} INFO - Started process (PID=927) to work on /opt/airflow/dags/lakehouse_pipeline.py
[2026-08-28T18:54:44.984+0000] {processor.py:830} INFO - Processing file /opt/airflow/dags/lakehouse_pipeline.py for tasks to queue
[2026-08-28T18:54:45.639+0000] {logging_mixin.py:188} INFO - [2026-08-28T18:54:45.630+0000] {dagbag.py:545} INFO - Filling up the DagBag from /opt/airflow/dags/lakehouse_pipeline.py
[2026-08-28T18:54:46.207+0000] {processor.py:840} INFO - DAG(s) 'lakehouse_pipeline' retrieved from /opt/airflow/dags/lakehouse_pipeline.py
[2026-08-28T18:54:47.214+0000] {logging_mixin.py:188} INFO - [2026-08-28T18:54:47.213+0000] {dag.py:3089} INFO - Sync 1 DAGs
[2026-08-28T18:54:47.518+0000] {logging_mixin.py:188} INFO - [2026-08-28T18:54:47.518+0000] {dag.py:3947} INFO - Setting next_dagrun for lakehouse_pipeline to None, run_after=None
[2026-08-28T18:54:47.927+0000] {processor.py:183} INFO - Processing /opt/airflow/dags/lakehouse_pipeline.py took 3.887 seconds
[2026-08-28T18:55:20.839+0000] {processor.py:161} INFO - Started process (PID=971) to work on /opt/airflow/dags/lakehouse_pipeline.py
[2026-08-28T18:55:20.981+0000] {processor.py:830} INFO - Processing file /opt/airflow/dags/lakehouse_pipeline.py for tasks to queue
[2026-08-28T18:55:21.240+0000] {logging_mixin.py:188} INFO - [2026-08-28T18:55:21.185+0000] {dagbag.py:545} INFO - Filling up the DagBag from /opt/airflow/dags/lakehouse_pipeline.py
[2026-08-28T18:55:23.051+0000] {processor.py:840} INFO - DAG(s) 'lakehouse_pipeline' retrieved from /opt/airflow/dags/lakehouse_pipeline.py
[2026-08-28T19:00:20.239+0000] {processor.py:161} INFO - Started process (PID=164) to work on /opt/airflow/dags/lakehouse_pipeline.py
[2026-08-28T19:00:20.243+0000] {processor.py:830} INFO - Processing file /opt/airflow/dags/lakehouse_pipeline.py for tasks to queue
[2026-08-28T19:00:20.248+0000] {logging_mixin.py:188} INFO - [2026-08-28T19:00:20.248+0000] {dagbag.py:545} INFO - Filling up the DagBag from /opt/airflow/dags/lakehouse_pipeline.py
[2026-08-28T19:00:20.299+0000] {processor.py:840} INFO - DAG(s) 'lakehouse_pipeline' retrieved from /opt/airflow/dags/lakehouse_pipeline.py
[2026-08-28T19:00:20.708+0000] {logging_mixin.py:188} INFO - [2026-08-28T19:00:20.707+0000] {override.py:1858} INFO - Created Permission View: can read on DAG:lakehouse_pipeline
[2026-08-28T19:00:20.720+0000] {logging_mixin.py:188} INFO - [2026-08-28T19:00:20.720+0000] {override.py:1858} INFO - Created Permission View: can edit on DAG:lakehouse_pipeline
[2026-08-28T19:00:20.733+0000] {logging_mixin.py:188} INFO - [2026-08-28T19:00:20.732+0000] {override.py:1858} INFO - Created Permission View: can delete on DAG:lakehouse_pipeline
[2026-08-28T19:00:20.733+0000] {logging_mixin.py:188} INFO - [2026-08-28T19:00:20.733+0000] {dag.py:3089} INFO - Sync 1 DAGs
[2026-08-28T19:00:20.747+0000] {logging_mixin.py:188} INFO - [2026-08-28T19:00:20.746+0000] {dag.py:3111} INFO - Creating ORM DAG for lakehouse_pipeline
[2026-08-28T19:00:20.748+0000] {logging_mixin.py:188} INFO - [2026-08-28T19:00:20.748+0000] {dag.py:3947} INFO - Setting next_dagrun for lakehouse_pipeline to None, run_after=None
[2026-08-28T19:00:20.774+0000] {processor.py:183} INFO - Processing /opt/airflow/dags/lakehouse_pipeline.py took 0.543 seconds
[2026-08-28T19:00:51.069+0000] {processor.py:161} INFO - Started process (PID=169) to work on /opt/airflow/dags/lakehouse_pipeline.py
[2026-08-28T19:00:51.071+0000] {processor.py:830} INFO - Processing file /opt/airflow/dags/lakehouse_pipeline.py for tasks to queue
[2026-08-28T19:00:51.074+0000] {logging_mixin.py:188} INFO - [2026-08-28T19:00:51.074+0000] {dagbag.py:545} INFO - Filling up the DagBag from /opt/airflow/dags/lakehouse_pipeline.py
[2026-08-28T19:00:51.106+0000] {processor.py:840} INFO - DAG(s) 'lakehouse_pipeline' retrieved from /opt/airflow/dags/lakehouse_pipeline.py
[2026-08-28T19:00:51.167+0000] {logging_mixin.py:188} INFO - [2026-08-28T19:00:51.167+0000] {dag.py:3089} INFO - Sync 1 DAGs
[2026-08-28T19:00:51.193+0000] {logging_mixin.py:188} INFO - [2026-08-28T19:00:51.193+0000] {dag.py:3947} INFO - Setting next_dagrun for lakehouse_pipeline to None, run_after=None
[2026-08-28T19:00:51.226+0000] {processor.py:183} INFO - Processing /opt/airflow/dags/lakehouse_pipeline.py took 0.171 seconds
[2026-08-28T19:01:21.456+0000] {processor.py:161} INFO - Started process (PID=174) to work on /opt/airflow/dags/lakehouse_pipeline.py
[2026-08-28T19:01:21.457+0000] {processor.py:830} INFO - Processing file /opt/airflow/dags/lakehouse_pipeline.py for tasks to queue
[2026-08-28T19:01:21.459+0000] {logging_mixin.py:188} INFO - [2026-08-28T19:01:21.459+0000] {dagbag.py:545} INFO - Filling up the DagBag from /opt/airflow/dags/lakehouse_pipeline.py
[2026-08-28T19:01:21.478+0000] {processor.py:840} INFO - DAG(s) 'lakehouse_pipeline' retrieved from /opt/airflow/dags/lakehouse_pipeline.py
[2026-08-28T19:01:21.521+0000] {logging_mixin.py:188} INFO - [2026-08-28T19:01:21.521+0000] {dag.py:3089} INFO - Sync 1 DAGs
[2026-08-28T19:01:21.534+0000] {logging_mixin.py:188} INFO - [2026-08-28T19:01:21.534+0000] {dag.py:3947} INFO - Setting next_dagrun for lakehouse_pipeline to None, run_after=None
[2026-08-28T19:01:21.553+0000] {processor.py:183} INFO - Processing /opt/airflow/dags/lakehouse_pipeline.py took 0.103 seconds
[2026-08-28T19:01:51.660+0000] {processor.py:161} INFO - Started process (PID=179) to work on /opt/airflow/dags/lakehouse_pipeline.py
[2026-08-28T19:01:51.661+0000] {processor.py:830} INFO - Processing file /opt/airflow/dags/lakehouse_pipeline.py for tasks to queue
[2026-08-28T19:01:51.663+0000] {logging_mixin.py:188} INFO - [2026-08-28T19:01:51.662+0000] {dagbag.py:545} INFO - Filling up the DagBag from /opt/airflow/dags/lakehouse_pipeline.py
[2026-08-28T19:01:51.684+0000] {processor.py:840} INFO - DAG(s) 'lakehouse_pipeline' retrieved from /opt/airflow/dags/lakehouse_pipeline.py
[2026-08-28T19:01:51.722+0000] {logging_mixin.py:188} INFO - [2026-08-28T19:01:51.722+0000] {dag.py:3089} INFO - Sync 1 DAGs
[2026-08-28T19:01:51.733+0000] {logging_mixin.py:188} INFO - [2026-08-28T19:01:51.733+0000] {dag.py:3947} INFO - Setting next_dagrun for lakehouse_pipeline to None, run_after=None
[2026-08-28T19:01:51.753+0000] {processor.py:183} INFO - Processing /opt/airflow/dags/lakehouse_pipeline.py took 0.100 seconds
[2026-08-28T19:02:22.003+0000] {processor.py:161} INFO - Started process (PID=184) to work on /opt/airflow/dags/lakehouse_pipeline.py
[2026-08-28T19:02:22.004+0000] {processor.py:830} INFO - Processing file /opt/airflow/dags/lakehouse_pipeline.py for tasks to queue
[2026-08-28T19:02:22.006+0000] {logging_mixin.py:188} INFO - [2026-08-28T19:02:22.006+0000] {dagbag.py:545} INFO - Filling up the DagBag from /opt/airflow/dags/lakehouse_pipeline.py
[2026-08-28T19:02:22.027+0000] {processor.py:840} INFO - DAG(s) 'lakehouse_pipeline' retrieved from /opt/airflow/dags/lakehouse_pipeline.py
[2026-08-28T19:02:22.075+0000] {logging_mixin.py:188} INFO - [2026-08-28T19:02:22.075+0000] {dag.py:3089} INFO - Sync 1 DAGs
[2026-08-28T19:02:22.089+0000] {logging_mixin.py:188} INFO - [2026-08-28T19:02:22.089+0000] {dag.py:3947} INFO - Setting next_dagrun for lakehouse_pipeline to None, run_after=None
[2026-08-28T19:02:22.110+0000] {processor.py:183} INFO - Processing /opt/airflow/dags/lakehouse_pipeline.py took 0.115 seconds
[2026-08-28T19:02:52.212+0000] {processor.py:161} INFO - Started process (PID=189) to work on /opt/airflow/dags/lakehouse_pipeline.py
[2026-08-28T19:02:52.213+0000] {processor.py:830} INFO - Processing file /opt/airflow/dags/lakehouse_pipeline.py for tasks to queue
[2026-08-28T19:02:52.215+0000] {logging_mixin.py:188} INFO - [2026-08-28T19:02:52.215+0000] {dagbag.py:545} INFO - Filling up the DagBag from /opt/airflow/dags/lakehouse_pipeline.py
[2026-08-28T19:02:52.234+0000] {processor.py:840} INFO - DAG(s) 'lakehouse_pipeline' retrieved from /opt/airflow/dags/lakehouse_pipeline.py
[2026-08-28T19:02:52.272+0000] {logging_mixin.py:188} INFO - [2026-08-28T19:02:52.272+0000] {dag.py:3089} INFO - Sync 1 DAGs
[2026-08-28T19:02:52.283+0000] {logging_mixin.py:188} INFO - [2026-08-28T19:02:52.283+0000] {dag.py:3947} INFO - Setting next_dagrun for lakehouse_pipeline to None, run_after=None
[2026-08-28T19:02:52.303+0000] {processor.py:183} INFO - Processing /opt/airflow/dags/lakehouse_pipeline.py took 0.097 seconds
[2026-08-28T19:03:22.516+0000] {processor.py:161} INFO - Started process (PID=194) to work on /opt/airflow/dags/lakehouse_pipeline.py
[2026-08-28T19:03:22.517+0000] {processor.py:830} INFO - Processing file /opt/airflow/dags/lakehouse_pipeline.py for tasks to queue
[2026-08-28T19:03:22.519+0000] {logging_mixin.py:188} INFO - [2026-08-28T19:03:22.518+0000] {dagbag.py:545} INFO - Filling up the DagBag from /opt/airflow/dags/lakehouse_pipeline.py
[2026-08-28T19:03:22.540+0000] {processor.py:840} INFO - DAG(s) 'lakehouse_pipeline' retrieved from /opt/airflow/dags/lakehouse_pipeline.py
[2026-08-28T19:03:22.582+0000] {logging_mixin.py:188} INFO - [2026-08-28T19:03:22.581+0000] {dag.py:3089} INFO - Sync 1 DAGs
[2026-08-28T19:03:22.595+0000] {logging_mixin.py:188} INFO - [2026-08-28T19:03:22.595+0000] {dag.py:3947} INFO - Setting next_dagrun for lakehouse_pipeline to None, run_after=None
[2026-08-28T19:03:22.617+0000] {processor.py:183} INFO - Processing /opt/airflow/dags/lakehouse_pipeline.py took 0.108 seconds
[2026-08-28T19:03:52.718+0000] {processor.py:161} INFO - Started process (PID=199) to work on /opt/airflow/dags/lakehouse_pipeline.py
[2026-08-28T19:03:52.719+0000] {processor.py:830} INFO - Processing file /opt/airflow/dags/lakehouse_pipeline.py for tasks to queue
[2026-08-28T19:03:52.721+0000] {logging_mixin.py:188} INFO - [2026-08-28T19:03:52.721+0000] {dagbag.py:545} INFO - Filling up the DagBag from /opt/airflow/dags/lakehouse_pipeline.py
[2026-08-28T19:03:52.743+0000] {processor.py:840} INFO - DAG(s) 'lakehouse_pipeline' retrieved from /opt/airflow/dags/lakehouse_pipeline.py
[2026-08-28T19:03:52.795+0000] {logging_mixin.py:188} INFO - [2026-08-28T19:03:52.795+0000] {dag.py:3089} INFO - Sync 1 DAGs
[2026-08-28T19:03:52.809+0000] {logging_mixin.py:188} INFO - [2026-08-28T19:03:52.809+0000] {dag.py:3947} INFO - Setting next_dagrun for lakehouse_pipeline to None, run_after=None
[2026-08-28T19:03:52.831+0000] {processor.py:183} INFO - Processing /opt/airflow/dags/lakehouse_pipeline.py took 0.121 seconds
[2026-08-28T19:04:23.042+0000] {processor.py:161} INFO - Started process (PID=204) to work on /opt/airflow/dags/lakehouse_pipeline.py
[2026-08-28T19:04:23.043+0000] {processor.py:830} INFO - Processing file /opt/airflow/dags/lakehouse_pipeline.py for tasks to queue
[2026-08-28T19:04:23.044+0000] {logging_mixin.py:188} INFO - [2026-08-28T19:04:23.044+0000] {dagbag.py:545} INFO - Filling up the DagBag from /opt/airflow/dags/lakehouse_pipeline.py
[2026-08-28T19:04:23.063+0000] {processor.py:840} INFO - DAG(s) 'lakehouse_pipeline' retrieved from /opt/airflow/dags/lakehouse_pipeline.py
[2026-08-28T19:04:23.100+0000] {logging_mixin.py:188} INFO - [2026-08-28T19:04:23.100+0000] {dag.py:3089} INFO - Sync 1 DAGs
[2026-08-28T19:04:23.111+0000] {logging_mixin.py:188} INFO - [2026-08-28T19:04:23.111+0000] {dag.py:3947} INFO - Setting next_dagrun for lakehouse_pipeline to None, run_after=None
[2026-08-28T19:04:23.129+0000] {processor.py:183} INFO - Processing /opt/airflow/dags/lakehouse_pipeline.py took 0.093 seconds
[2026-08-28T19:04:53.271+0000] {processor.py:161} INFO - Started process (PID=209) to work on /opt/airflow/dags/lakehouse_pipeline.py
[2026-08-28T19:04:53.272+0000] {processor.py:830} INFO - Processing file /opt/airflow/dags/lakehouse_pipeline.py for tasks to queue
[2026-08-28T19:04:53.274+0000] {logging_mixin.py:188} INFO - [2026-08-28T19:04:53.274+0000] {dagbag.py:545} INFO - Filling up the DagBag from /opt/airflow/dags/lakehouse_pipeline.py
[2026-08-28T19:04:53.293+0000] {processor.py:840} INFO - DAG(s) 'lakehouse_pipeline' retrieved from /opt/airflow/dags/lakehouse_pipeline.py
[2026-08-28T19:04:53.331+0000] {logging_mixin.py:188} INFO - [2026-08-28T19:04:53.331+0000] {dag.py:3089} INFO - Sync 1 DAGs
[2026-08-28T19:04:53.343+0000] {logging_mixin.py:188} INFO - [2026-08-28T19:04:53.343+0000] {dag.py:3947} INFO - Setting next_dagrun for lakehouse_pipeline to None, run_after=None
[2026-08-28T19:04:53.368+0000] {processor.py:183} INFO - Processing /opt/airflow/dags/lakehouse_pipeline.py took 0.103 seconds
[2026-08-28T19:05:23.603+0000] {processor.py:161} INFO - Started process (PID=214) to work on /opt/airflow/dags/lakehouse_pipeline.py
[2026-08-28T19:05:23.605+0000] {processor.py:830} INFO - Processing file /opt/airflow/dags/lakehouse_pipeline.py for tasks to queue
[2026-08-28T19:05:23.607+0000] {logging_mixin.py:188} INFO - [2026-08-28T19:05:23.606+0000] {dagbag.py:545} INFO - Filling up the DagBag from /opt/airflow/dags/lakehouse_pipeline.py
[2026-08-28T19:05:23.627+0000] {processor.py:840} INFO - DAG(s) 'lakehouse_pipeline' retrieved from /opt/airflow/dags/lakehouse_pipeline.py
[2026-08-28T19:05:23.672+0000] {logging_mixin.py:188} INFO - [2026-08-28T19:05:23.672+0000] {dag.py:3089} INFO - Sync 1 DAGs
[2026-08-28T19:05:23.692+0000] {logging_mixin.py:188} INFO - [2026-08-28T19:05:23.692+0000] {dag.py:3947} INFO - Setting next_dagrun for lakehouse_pipeline to None, run_after=None
[2026-08-28T19:05:23.715+0000] {processor.py:183} INFO - Processing /opt/airflow/dags/lakehouse_pipeline.py took 0.120 seconds
[2026-08-28T19:05:53.845+0000] {processor.py:161} INFO - Started process (PID=219) to work on /opt/airflow/dags/lakehouse_pipeline.py
[2026-08-28T19:05:53.846+0000] {processor.py:830} INFO - Processing file /opt/airflow/dags/lakehouse_pipeline.py for tasks to queue
[2026-08-28T19:05:53.848+0000] {logging_mixin.py:188} INFO - [2026-08-28T19:05:53.848+0000] {dagbag.py:545} INFO - Filling up the DagBag from /opt/airflow/dags/lakehouse_pipeline.py
[2026-08-28T19:05:53.867+0000] {processor.py:840} INFO - DAG(s) 'lakehouse_pipeline' retrieved from /opt/airflow/dags/lakehouse_pipeline.py
[2026-08-28T19:05:53.906+0000] {logging_mixin.py:188} INFO - [2026-08-28T19:05:53.906+0000] {dag.py:3089} INFO - Sync 1 DAGs
[2026-08-28T19:05:53.918+0000] {logging_mixin.py:188} INFO - [2026-08-28T19:05:53.918+0000] {dag.py:3947} INFO - Setting next_dagrun for lakehouse_pipeline to None, run_after=None
[2026-08-28T19:05:53.938+0000] {processor.py:183} INFO - Processing /opt/airflow/dags/lakehouse_pipeline.py took 0.099 seconds
[2026-08-28T19:06:24.146+0000] {processor.py:161} INFO - Started process (PID=224) to work on /opt/airflow/dags/lakehouse_pipeline.py
[2026-08-28T19:06:24.147+0000] {processor.py:830} INFO - Processing file /opt/airflow/dags/lakehouse_pipeline.py for tasks to queue
[2026-08-28T19:06:24.149+0000] {logging_mixin.py:188} INFO - [2026-08-28T19:06:24.148+0000] {dagbag.py:545} INFO - Filling up the DagBag from /opt/airflow/dags/lakehouse_pipeline.py
[2026-08-28T19:06:24.168+0000] {processor.py:840} INFO - DAG(s) 'lakehouse_pipeline' retrieved from /opt/airflow/dags/lakehouse_pipeline.py
[2026-08-28T19:06:24.206+0000] {logging_mixin.py:188} INFO - [2026-08-28T19:06:24.205+0000] {dag.py:3089} INFO - Sync 1 DAGs
[2026-08-28T19:06:24.217+0000] {logging_mixin.py:188} INFO - [2026-08-28T19:06:24.216+0000] {dag.py:3947} INFO - Setting next_dagrun for lakehouse_pipeline to None, run_after=None
[2026-08-28T19:06:24.234+0000] {processor.py:183} INFO - Processing /opt/airflow/dags/lakehouse_pipeline.py took 0.094 seconds
[2026-08-28T19:06:54.397+0000] {processor.py:161} INFO - Started process (PID=229) to work on /opt/airflow/dags/lakehouse_pipeline.py
[2026-08-28T19:06:54.398+0000] {processor.py:830} INFO - Processing file /opt/airflow/dags/lakehouse_pipeline.py for tasks to queue
[2026-08-28T19:06:54.401+0000] {logging_mixin.py:188} INFO - [2026-08-28T19:06:54.400+0000] {dagbag.py:545} INFO - Filling up the DagBag from /opt/airflow/dags/lakehouse_pipeline.py
[2026-08-28T19:06:54.427+0000] {processor.py:840} INFO - DAG(s) 'lakehouse_pipeline' retrieved from /opt/airflow/dags/lakehouse_pipeline.py
[2026-08-28T19:06:54.488+0000] {logging_mixin.py:188} INFO - [2026-08-28T19:06:54.488+0000] {dag.py:3089} INFO - Sync 1 DAGs
[2026-08-28T19:06:54.510+0000] {logging_mixin.py:188} INFO - [2026-08-28T19:06:54.509+0000] {dag.py:3947} INFO - Setting next_dagrun for lakehouse_pipeline to None, run_after=None
[2026-08-28T19:06:54.539+0000] {processor.py:183} INFO - Processing /opt/airflow/dags/lakehouse_pipeline.py took 0.151 seconds
[2026-08-28T19:07:24.712+0000] {processor.py:161} INFO - Started process (PID=234) to work on /opt/airflow/dags/lakehouse_pipeline.py
[2026-08-28T19:07:24.713+0000] {processor.py:830} INFO - Processing file /opt/airflow/dags/lakehouse_pipeline.py for tasks to queue
[2026-08-28T19:07:24.715+0000] {logging_mixin.py:188} INFO - [2026-08-28T19:07:24.715+0000] {dagbag.py:545} INFO - Filling up the DagBag from /opt/airflow/dags/lakehouse_pipeline.py
[2026-08-28T19:07:24.734+0000] {processor.py:840} INFO - DAG(s) 'lakehouse_pipeline' retrieved from /opt/airflow/dags/lakehouse_pipeline.py
[2026-08-28T19:07:24.774+0000] {logging_mixin.py:188} INFO - [2026-08-28T19:07:24.773+0000] {dag.py:3089} INFO - Sync 1 DAGs
[2026-08-28T19:07:24.785+0000] {logging_mixin.py:188} INFO - [2026-08-28T19:07:24.784+0000] {dag.py:3947} INFO - Setting next_dagrun for lakehouse_pipeline to None, run_after=None
[2026-08-28T19:07:24.802+0000] {processor.py:183} INFO - Processing /opt/airflow/dags/lakehouse_pipeline.py took 0.097 seconds
[2026-08-28T19:07:54.972+0000] {processor.py:161} INFO - Started process (PID=239) to work on /opt/airflow/dags/lakehouse_pipeline.py
[2026-08-28T19:07:54.973+0000] {processor.py:830} INFO - Processing file /opt/airflow/dags/lakehouse_pipeline.py for tasks to queue
[2026-08-28T19:07:54.975+0000] {logging_mixin.py:188} INFO - [2026-08-28T19:07:54.974+0000] {dagbag.py:545} INFO - Filling up the DagBag from /opt/airflow/dags/lakehouse_pipeline.py
[2026-08-28T19:07:54.997+0000] {processor.py:840} INFO - DAG(s) 'lakehouse_pipeline' retrieved from /opt/airflow/dags/lakehouse_pipeline.py
[2026-08-28T19:07:55.042+0000] {logging_mixin.py:188} INFO - [2026-08-28T19:07:55.042+0000] {dag.py:3089} INFO - Sync 1 DAGs
[2026-08-28T19:07:55.055+0000] {logging_mixin.py:188} INFO - [2026-08-28T19:07:55.055+0000] {dag.py:3947} INFO - Setting next_dagrun for lakehouse_pipeline to None, run_after=None
[2026-08-28T19:07:55.074+0000] {processor.py:183} INFO - Processing /opt/airflow/dags/lakehouse_pipeline.py took 0.109 seconds
[2026-08-28T19:08:25.205+0000] {processor.py:161} INFO - Started process (PID=244) to work on /opt/airflow/dags/lakehouse_pipeline.py
[2026-08-28T19:08:25.206+0000] {processor.py:830} INFO - Processing file /opt/airflow/dags/lakehouse_pipeline.py for tasks to queue
[2026-08-28T19:08:25.208+0000] {logging_mixin.py:188} INFO - [2026-08-28T19:08:25.208+0000] {dagbag.py:545} INFO - Filling up the DagBag from /opt/airflow/dags/lakehouse_pipeline.py
[2026-08-28T19:08:25.230+0000] {processor.py:840} INFO - DAG(s) 'lakehouse_pipeline' retrieved from /opt/airflow/dags/lakehouse_pipeline.py
[2026-08-28T19:08:25.274+0000] {logging_mixin.py:188} INFO - [2026-08-28T19:08:25.274+0000] {dag.py:3089} INFO - Sync 1 DAGs
[2026-08-28T19:08:25.287+0000] {logging_mixin.py:188} INFO - [2026-08-28T19:08:25.287+0000] {dag.py:3947} INFO - Setting next_dagrun for lakehouse_pipeline to None, run_after=None
[2026-08-28T19:08:25.311+0000] {processor.py:183} INFO - Processing /opt/airflow/dags/lakehouse_pipeline.py took 0.112 seconds
[2026-08-28T19:08:55.522+0000] {processor.py:161} INFO - Started process (PID=249) to work on /opt/airflow/dags/lakehouse_pipeline.py
[2026-08-28T19:08:55.522+0000] {processor.py:830} INFO - Processing file /opt/airflow/dags/lakehouse_pipeline.py for tasks to queue
[2026-08-28T19:08:55.524+0000] {logging_mixin.py:188} INFO - [2026-08-28T19:08:55.524+0000] {dagbag.py:545} INFO - Filling up the DagBag from /opt/airflow/dags/lakehouse_pipeline.py
[2026-08-28T19:08:55.547+0000] {processor.py:840} INFO - DAG(s) 'lakehouse_pipeline' retrieved from /opt/airflow/dags/lakehouse_pipeline.py
[2026-08-28T19:08:55.589+0000] {logging_mixin.py:188} INFO - [2026-08-28T19:08:55.589+0000] {dag.py:3089} INFO - Sync 1 DAGs
[2026-08-28T19:08:55.606+0000] {logging_mixin.py:188} INFO - [2026-08-28T19:08:55.606+0000] {dag.py:3947} INFO - Setting next_dagrun for lakehouse_pipeline to None, run_after=None
[2026-08-28T19:08:55.632+0000] {processor.py:183} INFO - Processing /opt/airflow/dags/lakehouse_pipeline.py took 0.118 seconds
[2026-08-28T19:09:25.745+0000] {processor.py:161} INFO - Started process (PID=254) to work on /opt/airflow/dags/lakehouse_pipeline.py
[2026-08-28T19:09:25.745+0000] {processor.py:830} INFO - Processing file /opt/airflow/dags/lakehouse_pipeline.py for tasks to queue
[2026-08-28T19:09:25.747+0000] {logging_mixin.py:188} INFO - [2026-08-28T19:09:25.747+0000] {dagbag.py:545} INFO - Filling up the DagBag from /opt/airflow/dags/lakehouse_pipeline.py
[2026-08-28T19:09:25.767+0000] {processor.py:840} INFO - DAG(s) 'lakehouse_pipeline' retrieved from /opt/airflow/dags/lakehouse_pipeline.py
[2026-08-28T19:09:25.806+0000] {logging_mixin.py:188} INFO - [2026-08-28T19:09:25.806+0000] {dag.py:3089} INFO - Sync 1 DAGs
[2026-08-28T19:09:25.817+0000] {logging_mixin.py:188} INFO - [2026-08-28T19:09:25.817+0000] {dag.py:3947} INFO - Setting next_dagrun for lakehouse_pipeline to None, run_after=None
[2026-08-28T19:09:25.844+0000] {processor.py:183} INFO - Processing /opt/airflow/dags/lakehouse_pipeline.py took 0.106 seconds
[2026-08-28T19:09:56.006+0000] {processor.py:161} INFO - Started process (PID=259) to work on /opt/airflow/dags/lakehouse_pipeline.py
[2026-08-28T19:09:56.007+0000] {processor.py:830} INFO - Processing file /opt/airflow/dags/lakehouse_pipeline.py for tasks to queue
[2026-08-28T19:09:56.009+0000] {logging_mixin.py:188} INFO - [2026-08-28T19:09:56.009+0000] {dagbag.py:545} INFO - Filling up the DagBag from /opt/airflow/dags/lakehouse_pipeline.py
[2026-08-28T19:09:56.029+0000] {processor.py:840} INFO - DAG(s) 'lakehouse_pipeline' retrieved from /opt/airflow/dags/lakehouse_pipeline.py
[2026-08-28T19:09:56.076+0000] {logging_mixin.py:188} INFO - [2026-08-28T19:09:56.076+0000] {dag.py:3089} INFO - Sync 1 DAGs
[2026-08-28T19:09:56.088+0000] {logging_mixin.py:188} INFO - [2026-08-28T19:09:56.088+0000] {dag.py:3947} INFO - Setting next_dagrun for lakehouse_pipeline to None, run_after=None
[2026-08-28T19:09:56.107+0000] {processor.py:183} INFO - Processing /opt/airflow/dags/lakehouse_pipeline.py took 0.107 seconds
[2026-08-28T19:10:26.259+0000] {processor.py:161} INFO - Started process (PID=264) to work on /opt/airflow/dags/lakehouse_pipeline.py
[2026-08-28T19:10:26.259+0000] {processor.py:830} INFO - Processing file /opt/airflow/dags/lakehouse_pipeline.py for tasks to queue
[2026-08-28T19:10:26.261+0000] {logging_mixin.py:188} INFO - [2026-08-28T19:10:26.261+0000] {dagbag.py:545} INFO - Filling up the DagBag from /opt/airflow/dags/lakehouse_pipeline.py
[2026-08-28T19:10:26.282+0000] {processor.py:840} INFO - DAG(s) 'lakehouse_pipeline' retrieved from /opt/airflow/dags/lakehouse_pipeline.py
[2026-08-28T19:10:26.322+0000] {logging_mixin.py:188} INFO - [2026-08-28T19:10:26.322+0000] {dag.py:3089} INFO - Sync 1 DAGs
[2026-08-28T19:10:26.335+0000] {logging_mixin.py:188} INFO - [2026-08-28T19:10:26.334+0000] {dag.py:3947} INFO - Setting next_dagrun for lakehouse_pipeline to None, run_after=None
[2026-08-28T19:10:26.357+0000] {processor.py:183} INFO - Processing /opt/airflow/dags/lakehouse_pipeline.py took 0.105 seconds
[2026-08-28T19:10:56.482+0000] {processor.py:161} INFO - Started process (PID=592) to work on /opt/airflow/dags/lakehouse_pipeline.py
[2026-08-28T19:10:56.483+0000] {processor.py:830} INFO - Processing file /opt/airflow/dags/lakehouse_pipeline.py for tasks to queue
[2026-08-28T19:10:56.486+0000] {logging_mixin.py:188} INFO - [2026-08-28T19:10:56.485+0000] {dagbag.py:545} INFO - Filling up the DagBag from /opt/airflow/dags/lakehouse_pipeline.py
[2026-08-28T19:10:56.511+0000] {processor.py:840} INFO - DAG(s) 'lakehouse_pipeline' retrieved from /opt/airflow/dags/lakehouse_pipeline.py
[2026-08-28T19:10:56.561+0000] {logging_mixin.py:188} INFO - [2026-08-28T19:10:56.561+0000] {dag.py:3089} INFO - Sync 1 DAGs
[2026-08-28T19:10:56.577+0000] {logging_mixin.py:188} INFO - [2026-08-28T19:10:56.577+0000] {dag.py:3947} INFO - Setting next_dagrun for lakehouse_pipeline to None, run_after=None
[2026-08-28T19:10:56.604+0000] {processor.py:183} INFO - Processing /opt/airflow/dags/lakehouse_pipeline.py took 0.130 seconds
[2026-08-28T19:11:26.771+0000] {processor.py:161} INFO - Started process (PID=597) to work on /opt/airflow/dags/lakehouse_pipeline.py
[2026-08-28T19:11:26.771+0000] {processor.py:830} INFO - Processing file /opt/airflow/dags/lakehouse_pipeline.py for tasks to queue
[2026-08-28T19:11:26.773+0000] {logging_mixin.py:188} INFO - [2026-08-28T19:11:26.773+0000] {dagbag.py:545} INFO - Filling up the DagBag from /opt/airflow/dags/lakehouse_pipeline.py
[2026-08-28T19:11:26.793+0000] {processor.py:840} INFO - DAG(s) 'lakehouse_pipeline' retrieved from /opt/airflow/dags/lakehouse_pipeline.py
[2026-08-28T19:11:26.831+0000] {logging_mixin.py:188} INFO - [2026-08-28T19:11:26.831+0000] {dag.py:3089} INFO - Sync 1 DAGs
[2026-08-28T19:11:26.843+0000] {logging_mixin.py:188} INFO - [2026-08-28T19:11:26.843+0000] {dag.py:3947} INFO - Setting next_dagrun for lakehouse_pipeline to None, run_after=None
[2026-08-28T19:11:26.871+0000] {processor.py:183} INFO - Processing /opt/airflow/dags/lakehouse_pipeline.py took 0.107 seconds
[2026-08-28T19:11:57.014+0000] {processor.py:161} INFO - Started process (PID=602) to work on /opt/airflow/dags/lakehouse_pipeline.py
[2026-08-28T19:11:57.015+0000] {processor.py:830} INFO - Processing file /opt/airflow/dags/lakehouse_pipeline.py for tasks to queue
[2026-08-28T19:11:57.017+0000] {logging_mixin.py:188} INFO - [2026-08-28T19:11:57.017+0000] {dagbag.py:545} INFO - Filling up the DagBag from /opt/airflow/dags/lakehouse_pipeline.py
[2026-08-28T19:11:57.038+0000] {processor.py:840} INFO - DAG(s) 'lakehouse_pipeline' retrieved from /opt/airflow/dags/lakehouse_pipeline.py
[2026-08-28T19:11:57.079+0000] {logging_mixin.py:188} INFO - [2026-08-28T19:11:57.079+0000] {dag.py:3089} INFO - Sync 1 DAGs
[2026-08-28T19:11:57.091+0000] {logging_mixin.py:188} INFO - [2026-08-28T19:11:57.091+0000] {dag.py:3947} INFO - Setting next_dagrun for lakehouse_pipeline to None, run_after=None
[2026-08-28T19:11:57.118+0000] {processor.py:183} INFO - Processing /opt/airflow/dags/lakehouse_pipeline.py took 0.111 seconds
[2026-08-28T19:12:27.307+0000] {processor.py:161} INFO - Started process (PID=607) to work on /opt/airflow/dags/lakehouse_pipeline.py
[2026-08-28T19:12:27.308+0000] {processor.py:830} INFO - Processing file /opt/airflow/dags/lakehouse_pipeline.py for tasks to queue
[2026-08-28T19:12:27.310+0000] {logging_mixin.py:188} INFO - [2026-08-28T19:12:27.309+0000] {dagbag.py:545} INFO - Filling up the DagBag from /opt/airflow/dags/lakehouse_pipeline.py
[2026-08-28T19:12:27.331+0000] {processor.py:840} INFO - DAG(s) 'lakehouse_pipeline' retrieved from /opt/airflow/dags/lakehouse_pipeline.py
[2026-08-28T19:12:27.370+0000] {logging_mixin.py:188} INFO - [2026-08-28T19:12:27.370+0000] {dag.py:3089} INFO - Sync 1 DAGs
[2026-08-28T19:12:27.383+0000] {logging_mixin.py:188} INFO - [2026-08-28T19:12:27.382+0000] {dag.py:3947} INFO - Setting next_dagrun for lakehouse_pipeline to None, run_after=None
[2026-08-28T19:12:27.401+0000] {processor.py:183} INFO - Processing /opt/airflow/dags/lakehouse_pipeline.py took 0.101 seconds
[2026-08-28T19:12:57.572+0000] {processor.py:161} INFO - Started process (PID=880) to work on /opt/airflow/dags/lakehouse_pipeline.py
[2026-08-28T19:12:57.575+0000] {processor.py:830} INFO - Processing file /opt/airflow/dags/lakehouse_pipeline.py for tasks to queue
[2026-08-28T19:12:57.586+0000] {logging_mixin.py:188} INFO - [2026-08-28T19:12:57.585+0000] {dagbag.py:545} INFO - Filling up the DagBag from /opt/airflow/dags/lakehouse_pipeline.py
[2026-08-28T19:12:57.693+0000] {processor.py:840} INFO - DAG(s) 'lakehouse_pipeline' retrieved from /opt/airflow/dags/lakehouse_pipeline.py
[2026-08-28T19:12:57.872+0000] {logging_mixin.py:188} INFO - [2026-08-28T19:12:57.872+0000] {dag.py:3089} INFO - Sync 1 DAGs
[2026-08-28T19:12:57.949+0000] {logging_mixin.py:188} INFO - [2026-08-28T19:12:57.949+0000] {dag.py:3947} INFO - Setting next_dagrun for lakehouse_pipeline to None, run_after=None
[2026-08-28T19:12:58.012+0000] {processor.py:183} INFO - Processing /opt/airflow/dags/lakehouse_pipeline.py took 0.467 seconds
[2026-08-28T19:13:28.772+0000] {processor.py:161} INFO - Started process (PID=1090) to work on /opt/airflow/dags/lakehouse_pipeline.py
[2026-08-28T19:13:28.776+0000] {processor.py:830} INFO - Processing file /opt/airflow/dags/lakehouse_pipeline.py for tasks to queue
[2026-08-28T19:13:28.837+0000] {logging_mixin.py:188} INFO - [2026-08-28T19:13:28.830+0000] {dagbag.py:545} INFO - Filling up the DagBag from /opt/airflow/dags/lakehouse_pipeline.py
[2026-08-28T19:13:29.462+0000] {processor.py:840} INFO - DAG(s) 'lakehouse_pipeline' retrieved from /opt/airflow/dags/lakehouse_pipeline.py
[2026-08-28T19:13:30.206+0000] {logging_mixin.py:188} INFO - [2026-08-28T19:13:30.206+0000] {dag.py:3089} INFO - Sync 1 DAGs
[2026-08-28T19:13:30.275+0000] {logging_mixin.py:188} INFO - [2026-08-28T19:13:30.275+0000] {dag.py:3947} INFO - Setting next_dagrun for lakehouse_pipeline to None, run_after=None
[2026-08-28T19:13:30.326+0000] {processor.py:183} INFO - Processing /opt/airflow/dags/lakehouse_pipeline.py took 1.767 seconds
[2026-08-28T19:14:00.770+0000] {processor.py:161} INFO - Started process (PID=1489) to work on /opt/airflow/dags/lakehouse_pipeline.py
[2026-08-28T19:14:00.772+0000] {processor.py:830} INFO - Processing file /opt/airflow/dags/lakehouse_pipeline.py for tasks to queue
[2026-08-28T19:14:00.781+0000] {logging_mixin.py:188} INFO - [2026-08-28T19:14:00.780+0000] {dagbag.py:545} INFO - Filling up the DagBag from /opt/airflow/dags/lakehouse_pipeline.py
[2026-08-28T19:14:00.825+0000] {processor.py:840} INFO - DAG(s) 'lakehouse_pipeline' retrieved from /opt/airflow/dags/lakehouse_pipeline.py
[2026-08-28T19:14:00.885+0000] {logging_mixin.py:188} INFO - [2026-08-28T19:14:00.885+0000] {dag.py:3089} INFO - Sync 1 DAGs
[2026-08-28T19:14:00.954+0000] {logging_mixin.py:188} INFO - [2026-08-28T19:14:00.953+0000] {dag.py:3947} INFO - Setting next_dagrun for lakehouse_pipeline to None, run_after=None
[2026-08-28T19:14:00.984+0000] {processor.py:183} INFO - Processing /opt/airflow/dags/lakehouse_pipeline.py took 0.230 seconds
[2026-08-28T19:14:31.880+0000] {processor.py:161} INFO - Started process (PID=1666) to work on /opt/airflow/dags/lakehouse_pipeline.py
[2026-08-28T19:14:31.882+0000] {processor.py:830} INFO - Processing file /opt/airflow/dags/lakehouse_pipeline.py for tasks to queue
[2026-08-28T19:14:31.895+0000] {logging_mixin.py:188} INFO - [2026-08-28T19:14:31.890+0000] {dagbag.py:545} INFO - Filling up the DagBag from /opt/airflow/dags/lakehouse_pipeline.py
[2026-08-28T19:14:32.057+0000] {processor.py:840} INFO - DAG(s) 'lakehouse_pipeline' retrieved from /opt/airflow/dags/lakehouse_pipeline.py
[2026-08-28T19:14:32.502+0000] {logging_mixin.py:188} INFO - [2026-08-28T19:14:32.502+0000] {dag.py:3089} INFO - Sync 1 DAGs
[2026-08-28T19:14:32.636+0000] {logging_mixin.py:188} INFO - [2026-08-28T19:14:32.636+0000] {dag.py:3947} INFO - Setting next_dagrun for lakehouse_pipeline to None, run_after=None
[2026-08-28T19:14:32.717+0000] {processor.py:183} INFO - Processing /opt/airflow/dags/lakehouse_pipeline.py took 0.888 seconds
[2026-08-28T19:15:03.006+0000] {processor.py:161} INFO - Started process (PID=1953) to work on /opt/airflow/dags/lakehouse_pipeline.py
[2026-08-28T19:15:03.007+0000] {processor.py:830} INFO - Processing file /opt/airflow/dags/lakehouse_pipeline.py for tasks to queue
[2026-08-28T19:15:03.010+0000] {logging_mixin.py:188} INFO - [2026-08-28T19:15:03.009+0000] {dagbag.py:545} INFO - Filling up the DagBag from /opt/airflow/dags/lakehouse_pipeline.py
[2026-08-28T19:15:03.032+0000] {processor.py:840} INFO - DAG(s) 'lakehouse_pipeline' retrieved from /opt/airflow/dags/lakehouse_pipeline.py
[2026-08-28T19:15:03.094+0000] {logging_mixin.py:188} INFO - [2026-08-28T19:15:03.094+0000] {dag.py:3089} INFO - Sync 1 DAGs
[2026-08-28T19:15:03.113+0000] {logging_mixin.py:188} INFO - [2026-08-28T19:15:03.113+0000] {dag.py:3947} INFO - Setting next_dagrun for lakehouse_pipeline to None, run_after=None
[2026-08-28T19:15:03.137+0000] {processor.py:183} INFO - Processing /opt/airflow/dags/lakehouse_pipeline.py took 0.139 seconds
[2026-08-28T19:15:33.212+0000] {processor.py:161} INFO - Started process (PID=1958) to work on /opt/airflow/dags/lakehouse_pipeline.py
[2026-08-28T19:15:33.214+0000] {processor.py:830} INFO - Processing file /opt/airflow/dags/lakehouse_pipeline.py for tasks to queue
[2026-08-28T19:15:33.217+0000] {logging_mixin.py:188} INFO - [2026-08-28T19:15:33.216+0000] {dagbag.py:545} INFO - Filling up the DagBag from /opt/airflow/dags/lakehouse_pipeline.py
[2026-08-28T19:15:33.249+0000] {processor.py:840} INFO - DAG(s) 'lakehouse_pipeline' retrieved from /opt/airflow/dags/lakehouse_pipeline.py
[2026-08-28T19:15:33.309+0000] {logging_mixin.py:188} INFO - [2026-08-28T19:15:33.309+0000] {dag.py:3089} INFO - Sync 1 DAGs
[2026-08-28T19:15:33.327+0000] {logging_mixin.py:188} INFO - [2026-08-28T19:15:33.326+0000] {dag.py:3947} INFO - Setting next_dagrun for lakehouse_pipeline to None, run_after=None
[2026-08-28T19:15:33.353+0000] {processor.py:183} INFO - Processing /opt/airflow/dags/lakehouse_pipeline.py took 0.153 seconds
[2026-08-28T19:16:03.580+0000] {processor.py:161} INFO - Started process (PID=1963) to work on /opt/airflow/dags/lakehouse_pipeline.py
[2026-08-28T19:16:03.581+0000] {processor.py:830} INFO - Processing file /opt/airflow/dags/lakehouse_pipeline.py for tasks to queue
[2026-08-28T19:16:03.583+0000] {logging_mixin.py:188} INFO - [2026-08-28T19:16:03.582+0000] {dagbag.py:545} INFO - Filling up the DagBag from /opt/airflow/dags/lakehouse_pipeline.py
[2026-08-28T19:16:03.604+0000] {processor.py:840} INFO - DAG(s) 'lakehouse_pipeline' retrieved from /opt/airflow/dags/lakehouse_pipeline.py
[2026-08-28T19:16:03.658+0000] {logging_mixin.py:188} INFO - [2026-08-28T19:16:03.657+0000] {dag.py:3089} INFO - Sync 1 DAGs
[2026-08-28T19:16:03.671+0000] {logging_mixin.py:188} INFO - [2026-08-28T19:16:03.671+0000] {dag.py:3947} INFO - Setting next_dagrun for lakehouse_pipeline to None, run_after=None
[2026-08-28T19:16:03.689+0000] {processor.py:183} INFO - Processing /opt/airflow/dags/lakehouse_pipeline.py took 0.118 seconds
[2026-08-28T19:16:33.779+0000] {processor.py:161} INFO - Started process (PID=1968) to work on /opt/airflow/dags/lakehouse_pipeline.py
[2026-08-28T19:16:33.780+0000] {processor.py:830} INFO - Processing file /opt/airflow/dags/lakehouse_pipeline.py for tasks to queue
[2026-08-28T19:16:33.784+0000] {logging_mixin.py:188} INFO - [2026-08-28T19:16:33.784+0000] {dagbag.py:545} INFO - Filling up the DagBag from /opt/airflow/dags/lakehouse_pipeline.py
[2026-08-28T19:16:33.815+0000] {processor.py:840} INFO - DAG(s) 'lakehouse_pipeline' retrieved from /opt/airflow/dags/lakehouse_pipeline.py
[2026-08-28T19:16:33.863+0000] {logging_mixin.py:188} INFO - [2026-08-28T19:16:33.862+0000] {dag.py:3089} INFO - Sync 1 DAGs
[2026-08-28T19:16:33.886+0000] {logging_mixin.py:188} INFO - [2026-08-28T19:16:33.886+0000] {dag.py:3947} INFO - Setting next_dagrun for lakehouse_pipeline to None, run_after=None
[2026-08-28T19:16:33.919+0000] {processor.py:183} INFO - Processing /opt/airflow/dags/lakehouse_pipeline.py took 0.153 seconds
[2026-08-28T19:17:04.160+0000] {processor.py:161} INFO - Started process (PID=1973) to work on /opt/airflow/dags/lakehouse_pipeline.py
[2026-08-28T19:17:04.161+0000] {processor.py:830} INFO - Processing file /opt/airflow/dags/lakehouse_pipeline.py for tasks to queue
[2026-08-28T19:17:04.164+0000] {logging_mixin.py:188} INFO - [2026-08-28T19:17:04.163+0000] {dagbag.py:545} INFO - Filling up the DagBag from /opt/airflow/dags/lakehouse_pipeline.py
[2026-08-28T19:17:04.187+0000] {processor.py:840} INFO - DAG(s) 'lakehouse_pipeline' retrieved from /opt/airflow/dags/lakehouse_pipeline.py
[2026-08-28T19:17:04.231+0000] {logging_mixin.py:188} INFO - [2026-08-28T19:17:04.231+0000] {dag.py:3089} INFO - Sync 1 DAGs
[2026-08-28T19:17:04.245+0000] {logging_mixin.py:188} INFO - [2026-08-28T19:17:04.244+0000] {dag.py:3947} INFO - Setting next_dagrun for lakehouse_pipeline to None, run_after=None
[2026-08-28T19:17:04.263+0000] {processor.py:183} INFO - Processing /opt/airflow/dags/lakehouse_pipeline.py took 0.111 seconds
[2026-08-28T19:17:34.395+0000] {processor.py:161} INFO - Started process (PID=1978) to work on /opt/airflow/dags/lakehouse_pipeline.py
[2026-08-28T19:17:34.396+0000] {processor.py:830} INFO - Processing file /opt/airflow/dags/lakehouse_pipeline.py for tasks to queue
[2026-08-28T19:17:34.399+0000] {logging_mixin.py:188} INFO - [2026-08-28T19:17:34.398+0000] {dagbag.py:545} INFO - Filling up the DagBag from /opt/airflow/dags/lakehouse_pipeline.py
[2026-08-28T19:17:34.420+0000] {processor.py:840} INFO - DAG(s) 'lakehouse_pipeline' retrieved from /opt/airflow/dags/lakehouse_pipeline.py
[2026-08-28T19:17:34.462+0000] {logging_mixin.py:188} INFO - [2026-08-28T19:17:34.462+0000] {dag.py:3089} INFO - Sync 1 DAGs
[2026-08-28T19:17:34.475+0000] {logging_mixin.py:188} INFO - [2026-08-28T19:17:34.475+0000] {dag.py:3947} INFO - Setting next_dagrun for lakehouse_pipeline to None, run_after=None
[2026-08-28T19:17:34.497+0000] {processor.py:183} INFO - Processing /opt/airflow/dags/lakehouse_pipeline.py took 0.110 seconds
[2026-08-28T19:18:04.712+0000] {processor.py:161} INFO - Started process (PID=1983) to work on /opt/airflow/dags/lakehouse_pipeline.py
[2026-08-28T19:18:04.714+0000] {processor.py:830} INFO - Processing file /opt/airflow/dags/lakehouse_pipeline.py for tasks to queue
[2026-08-28T19:18:04.719+0000] {logging_mixin.py:188} INFO - [2026-08-28T19:18:04.718+0000] {dagbag.py:545} INFO - Filling up the DagBag from /opt/airflow/dags/lakehouse_pipeline.py
[2026-08-28T19:18:04.745+0000] {processor.py:840} INFO - DAG(s) 'lakehouse_pipeline' retrieved from /opt/airflow/dags/lakehouse_pipeline.py
[2026-08-28T19:18:04.795+0000] {logging_mixin.py:188} INFO - [2026-08-28T19:18:04.795+0000] {dag.py:3089} INFO - Sync 1 DAGs
[2026-08-28T19:18:04.813+0000] {logging_mixin.py:188} INFO - [2026-08-28T19:18:04.813+0000] {dag.py:3947} INFO - Setting next_dagrun for lakehouse_pipeline to None, run_after=None
[2026-08-28T19:18:04.838+0000] {processor.py:183} INFO - Processing /opt/airflow/dags/lakehouse_pipeline.py took 0.136 seconds
[2026-08-28T19:18:34.916+0000] {processor.py:161} INFO - Started process (PID=1988) to work on /opt/airflow/dags/lakehouse_pipeline.py
[2026-08-28T19:18:34.918+0000] {processor.py:830} INFO - Processing file /opt/airflow/dags/lakehouse_pipeline.py for tasks to queue
[2026-08-28T19:18:34.920+0000] {logging_mixin.py:188} INFO - [2026-08-28T19:18:34.920+0000] {dagbag.py:545} INFO - Filling up the DagBag from /opt/airflow/dags/lakehouse_pipeline.py
[2026-08-28T19:18:34.946+0000] {processor.py:840} INFO - DAG(s) 'lakehouse_pipeline' retrieved from /opt/airflow/dags/lakehouse_pipeline.py
[2026-08-28T19:18:34.989+0000] {logging_mixin.py:188} INFO - [2026-08-28T19:18:34.988+0000] {dag.py:3089} INFO - Sync 1 DAGs
[2026-08-28T19:18:35.002+0000] {logging_mixin.py:188} INFO - [2026-08-28T19:18:35.001+0000] {dag.py:3947} INFO - Setting next_dagrun for lakehouse_pipeline to None, run_after=None
[2026-08-28T19:18:35.024+0000] {processor.py:183} INFO - Processing /opt/airflow/dags/lakehouse_pipeline.py took 0.116 seconds
[2026-08-28T19:19:05.326+0000] {processor.py:161} INFO - Started process (PID=1993) to work on /opt/airflow/dags/lakehouse_pipeline.py
[2026-08-28T19:19:05.330+0000] {processor.py:830} INFO - Processing file /opt/airflow/dags/lakehouse_pipeline.py for tasks to queue
[2026-08-28T19:19:05.335+0000] {logging_mixin.py:188} INFO - [2026-08-28T19:19:05.334+0000] {dagbag.py:545} INFO - Filling up the DagBag from /opt/airflow/dags/lakehouse_pipeline.py
[2026-08-28T19:19:05.378+0000] {processor.py:840} INFO - DAG(s) 'lakehouse_pipeline' retrieved from /opt/airflow/dags/lakehouse_pipeline.py
[2026-08-28T19:19:05.468+0000] {logging_mixin.py:188} INFO - [2026-08-28T19:19:05.468+0000] {dag.py:3089} INFO - Sync 1 DAGs
[2026-08-28T19:19:05.493+0000] {logging_mixin.py:188} INFO - [2026-08-28T19:19:05.492+0000] {dag.py:3947} INFO - Setting next_dagrun for lakehouse_pipeline to None, run_after=None
[2026-08-28T19:19:05.521+0000] {processor.py:183} INFO - Processing /opt/airflow/dags/lakehouse_pipeline.py took 0.210 seconds
