[2026-08-28T15:46:10.423+0000] {manager.py:470} INFO - Processing files using up to 2 processes at a time 
[2026-08-28T15:46:10.424+0000] {manager.py:471} INFO - Process each file at most once every 30 seconds
[2026-08-28T15:46:10.425+0000] {manager.py:472} INFO - Checking for new files in /opt/airflow/dags every 300 seconds
[2026-08-28T15:46:10.426+0000] {manager.py:737} INFO - Searching for files in /opt/airflow/dags
[2026-08-28T15:46:10.442+0000] {manager.py:740} INFO - There are 1 files in /opt/airflow/dags
[2026-08-28T15:46:10.532+0000] {manager.py:878} INFO - 
================================================================================
DAG File Processing Stats

File Path                                  PID  Runtime      # DAGs    # Errors  Last Runtime    Last Run
---------------------------------------  -----  ---------  --------  ----------  --------------  ----------
/opt/airflow/dags/lakehouse_pipeline.py    165  0.04s             0           0
================================================================================
[2026-08-28T15:46:40.706+0000] {manager.py:878} INFO - 
================================================================================
DAG File Processing Stats

File Path                                PID    Runtime      # DAGs    # Errors  Last Runtime    Last Run
---------------------------------------  -----  ---------  --------  ----------  --------------  -------------------
/opt/airflow/dags/lakehouse_pipeline.py                           1           0  0.51s           2026-08-28T15:46:10
================================================================================
[2026-08-28T15:47:11.364+0000] {manager.py:878} INFO - 
================================================================================
DAG File Processing Stats

File Path                                  PID  Runtime      # DAGs    # Errors  Last Runtime    Last Run
---------------------------------------  -----  ---------  --------  ----------  --------------  -------------------
/opt/airflow/dags/lakehouse_pipeline.py    175  0.00s             1           0  0.12s           2026-08-28T15:46:41
================================================================================
[2026-08-28T15:47:41.715+0000] {manager.py:878} INFO - 
================================================================================
DAG File Processing Stats

File Path                                  PID  Runtime      # DAGs    # Errors  Last Runtime    Last Run
---------------------------------------  -----  ---------  --------  ----------  --------------  -------------------
/opt/airflow/dags/lakehouse_pipeline.py    180  0.01s             1           0  0.12s           2026-08-28T15:47:11
================================================================================
[2026-08-28T15:48:11.978+0000] {manager.py:878} INFO - 
================================================================================
DAG File Processing Stats

File Path                                  PID  Runtime      # DAGs    # Errors  Last Runtime    Last Run
---------------------------------------  -----  ---------  --------  ----------  --------------  -------------------
/opt/airflow/dags/lakehouse_pipeline.py    185  0.00s             1           0  0.12s           2026-08-28T15:47:41
================================================================================
[2026-08-28T15:48:42.355+0000] {manager.py:878} INFO - 
================================================================================
DAG File Processing Stats

File Path                                  PID  Runtime      # DAGs    # Errors  Last Runtime    Last Run
---------------------------------------  -----  ---------  --------  ----------  --------------  -------------------
/opt/airflow/dags/lakehouse_pipeline.py   1116  0.01s             1           0  0.13s           2026-08-28T15:48:12
================================================================================
[2026-08-28T15:49:12.591+0000] {manager.py:878} INFO - 
================================================================================
DAG File Processing Stats

File Path                                  PID  Runtime      # DAGs    # Errors  Last Runtime    Last Run
---------------------------------------  -----  ---------  --------  ----------  --------------  -------------------
/opt/airflow/dags/lakehouse_pipeline.py   1121  0.01s             1           0  0.16s           2026-08-28T15:48:42
================================================================================
[2026-08-28T15:49:42.934+0000] {manager.py:878} INFO - 
================================================================================
DAG File Processing Stats

File Path                                  PID  Runtime      # DAGs    # Errors  Last Runtime    Last Run
---------------------------------------  -----  ---------  --------  ----------  --------------  -------------------
/opt/airflow/dags/lakehouse_pipeline.py   1126  0.01s             1           0  0.14s           2026-08-28T15:49:12
================================================================================
[2026-08-28T15:50:13.140+0000] {manager.py:878} INFO - 
================================================================================
DAG File Processing Stats

File Path                                  PID  Runtime      # DAGs    # Errors  Last Runtime    Last Run
---------------------------------------  -----  ---------  --------  ----------  --------------  -------------------
/opt/airflow/dags/lakehouse_pipeline.py   1131  0.00s             1           0  0.13s           2026-08-28T15:49:43
================================================================================
[2026-08-28T15:50:43.501+0000] {manager.py:878} INFO - 
================================================================================
DAG File Processing Stats

File Path                                  PID  Runtime      # DAGs    # Errors  Last Runtime    Last Run
---------------------------------------  -----  ---------  --------  ----------  --------------  -------------------
/opt/airflow/dags/lakehouse_pipeline.py   1136  0.00s             1           0  0.12s           2026-08-28T15:50:13
================================================================================
[2026-08-28T15:51:10.696+0000] {manager.py:737} INFO - Searching for files in /opt/airflow/dags
[2026-08-28T15:51:10.711+0000] {manager.py:740} INFO - There are 1 files in /opt/airflow/dags
[2026-08-28T15:51:13.757+0000] {manager.py:878} INFO - 
================================================================================
DAG File Processing Stats

File Path                                  PID  Runtime      # DAGs    # Errors  Last Runtime    Last Run
---------------------------------------  -----  ---------  --------  ----------  --------------  -------------------
/opt/airflow/dags/lakehouse_pipeline.py   1141  0.00s             1           0  0.13s           2026-08-28T15:50:43
================================================================================
[2026-08-28T15:51:44.060+0000] {manager.py:878} INFO - 
================================================================================
DAG File Processing Stats

File Path                                  PID  Runtime      # DAGs    # Errors  Last Runtime    Last Run
---------------------------------------  -----  ---------  --------  ----------  --------------  -------------------
/opt/airflow/dags/lakehouse_pipeline.py   1146  0.00s             1           0  0.14s           2026-08-28T15:51:13
================================================================================
[2026-08-28T15:52:14.335+0000] {manager.py:878} INFO - 
================================================================================
DAG File Processing Stats

File Path                                  PID  Runtime      # DAGs    # Errors  Last Runtime    Last Run
---------------------------------------  -----  ---------  --------  ----------  --------------  -------------------
/opt/airflow/dags/lakehouse_pipeline.py   1151  0.01s             1           0  0.12s           2026-08-28T15:51:44
================================================================================
[2026-08-28T15:52:44.588+0000] {manager.py:878} INFO - 
================================================================================
DAG File Processing Stats

File Path                                  PID  Runtime      # DAGs    # Errors  Last Runtime    Last Run
---------------------------------------  -----  ---------  --------  ----------  --------------  -------------------
/opt/airflow/dags/lakehouse_pipeline.py   1156  0.01s             1           0  0.13s           2026-08-28T15:52:14
================================================================================
[2026-08-28T15:53:14.866+0000] {manager.py:878} INFO - 
================================================================================
DAG File Processing Stats

File Path                                  PID  Runtime      # DAGs    # Errors  Last Runtime    Last Run
---------------------------------------  -----  ---------  --------  ----------  --------------  -------------------
/opt/airflow/dags/lakehouse_pipeline.py   1161  0.00s             1           0  0.14s           2026-08-28T15:52:44
================================================================================
[2026-08-28T15:53:45.153+0000] {manager.py:878} INFO - 
================================================================================
DAG File Processing Stats

File Path                                  PID  Runtime      # DAGs    # Errors  Last Runtime    Last Run
---------------------------------------  -----  ---------  --------  ----------  --------------  -------------------
/opt/airflow/dags/lakehouse_pipeline.py   1166  0.00s             1           0  0.12s           2026-08-28T15:53:14
================================================================================
[2026-08-28T15:54:15.475+0000] {manager.py:878} INFO - 
================================================================================
DAG File Processing Stats

File Path                                  PID  Runtime      # DAGs    # Errors  Last Runtime    Last Run
---------------------------------------  -----  ---------  --------  ----------  --------------  -------------------
/opt/airflow/dags/lakehouse_pipeline.py   1171  0.01s             1           0  0.15s           2026-08-28T15:53:45
================================================================================
[2026-08-28T15:54:45.755+0000] {manager.py:878} INFO - 
================================================================================
DAG File Processing Stats

File Path                                  PID  Runtime      # DAGs    # Errors  Last Runtime    Last Run
---------------------------------------  -----  ---------  --------  ----------  --------------  -------------------
/opt/airflow/dags/lakehouse_pipeline.py   1176  0.01s             1           0  0.25s           2026-08-28T15:54:15
================================================================================
[2026-08-28T15:55:15.946+0000] {manager.py:878} INFO - 
================================================================================
DAG File Processing Stats

File Path                                  PID  Runtime      # DAGs    # Errors  Last Runtime    Last Run
---------------------------------------  -----  ---------  --------  ----------  --------------  -------------------
/opt/airflow/dags/lakehouse_pipeline.py   1181  0.00s             1           0  0.13s           2026-08-28T15:54:45
================================================================================
[2026-08-28T15:55:46.153+0000] {manager.py:878} INFO - 
================================================================================
DAG File Processing Stats

File Path                                  PID  Runtime      # DAGs    # Errors  Last Runtime    Last Run
---------------------------------------  -----  ---------  --------  ----------  --------------  -------------------
/opt/airflow/dags/lakehouse_pipeline.py   1186  0.01s             1           0  0.13s           2026-08-28T15:55:16
================================================================================
[2026-08-28T15:56:11.406+0000] {manager.py:737} INFO - Searching for files in /opt/airflow/dags
[2026-08-28T15:56:11.439+0000] {manager.py:740} INFO - There are 1 files in /opt/airflow/dags
[2026-08-28T15:56:16.511+0000] {manager.py:878} INFO - 
================================================================================
DAG File Processing Stats

File Path                                  PID  Runtime      # DAGs    # Errors  Last Runtime    Last Run
---------------------------------------  -----  ---------  --------  ----------  --------------  -------------------
/opt/airflow/dags/lakehouse_pipeline.py   1191  0.01s             1           0  0.14s           2026-08-28T15:55:46
================================================================================
[2026-08-28T15:56:46.723+0000] {manager.py:878} INFO - 
================================================================================
DAG File Processing Stats

File Path                                  PID  Runtime      # DAGs    # Errors  Last Runtime    Last Run
---------------------------------------  -----  ---------  --------  ----------  --------------  -------------------
/opt/airflow/dags/lakehouse_pipeline.py   1202  0.01s             1           0  0.13s           2026-08-28T15:56:16
================================================================================
[2026-08-28T15:57:17.058+0000] {manager.py:878} INFO - 
================================================================================
DAG File Processing Stats

File Path                                  PID  Runtime      # DAGs    # Errors  Last Runtime    Last Run
---------------------------------------  -----  ---------  --------  ----------  --------------  -------------------
/opt/airflow/dags/lakehouse_pipeline.py   1207  0.00s             1           0  0.14s           2026-08-28T15:56:46
================================================================================
[2026-08-28T15:57:47.263+0000] {manager.py:878} INFO - 
================================================================================
DAG File Processing Stats

File Path                                  PID  Runtime      # DAGs    # Errors  Last Runtime    Last Run
---------------------------------------  -----  ---------  --------  ----------  --------------  -------------------
/opt/airflow/dags/lakehouse_pipeline.py   1212  0.00s             1           0  0.12s           2026-08-28T15:57:17
================================================================================
[2026-08-28T15:58:17.553+0000] {manager.py:878} INFO - 
================================================================================
DAG File Processing Stats

File Path                                  PID  Runtime      # DAGs    # Errors  Last Runtime    Last Run
---------------------------------------  -----  ---------  --------  ----------  --------------  -------------------
/opt/airflow/dags/lakehouse_pipeline.py   1217  0.00s             1           0  0.13s           2026-08-28T15:57:47
================================================================================
[2026-08-28T15:58:47.783+0000] {manager.py:878} INFO - 
================================================================================
DAG File Processing Stats

File Path                                  PID  Runtime      # DAGs    # Errors  Last Runtime    Last Run
---------------------------------------  -----  ---------  --------  ----------  --------------  -------------------
/opt/airflow/dags/lakehouse_pipeline.py   1222  0.00s             1           0  0.13s           2026-08-28T15:58:17
================================================================================
[2026-08-28T15:59:18.100+0000] {manager.py:878} INFO - 
================================================================================
DAG File Processing Stats

File Path                                  PID  Runtime      # DAGs    # Errors  Last Runtime    Last Run
---------------------------------------  -----  ---------  --------  ----------  --------------  -------------------
/opt/airflow/dags/lakehouse_pipeline.py   1227  0.01s             1           0  0.15s           2026-08-28T15:58:47
================================================================================
[2026-08-28T15:59:48.396+0000] {manager.py:878} INFO - 
================================================================================
DAG File Processing Stats

File Path                                  PID  Runtime      # DAGs    # Errors  Last Runtime    Last Run
---------------------------------------  -----  ---------  --------  ----------  --------------  -------------------
/opt/airflow/dags/lakehouse_pipeline.py   1232  0.01s             1           0  0.16s           2026-08-28T15:59:18
================================================================================
[2026-08-28T16:00:18.731+0000] {manager.py:878} INFO - 
================================================================================
DAG File Processing Stats

File Path                                  PID  Runtime      # DAGs    # Errors  Last Runtime    Last Run
---------------------------------------  -----  ---------  --------  ----------  --------------  -------------------
/opt/airflow/dags/lakehouse_pipeline.py   1237  0.00s             1           0  0.13s           2026-08-28T15:59:48
================================================================================
[2026-08-28T16:00:48.987+0000] {manager.py:878} INFO - 
================================================================================
DAG File Processing Stats

File Path                                  PID  Runtime      # DAGs    # Errors  Last Runtime    Last Run
---------------------------------------  -----  ---------  --------  ----------  --------------  -------------------
/opt/airflow/dags/lakehouse_pipeline.py   1242  0.01s             1           0  0.12s           2026-08-28T16:00:18
================================================================================
[2026-08-28T16:01:12.195+0000] {manager.py:737} INFO - Searching for files in /opt/airflow/dags
[2026-08-28T16:01:12.209+0000] {manager.py:740} INFO - There are 1 files in /opt/airflow/dags
[2026-08-28T16:01:19.272+0000] {manager.py:878} INFO - 
================================================================================
DAG File Processing Stats

File Path                                  PID  Runtime      # DAGs    # Errors  Last Runtime    Last Run
---------------------------------------  -----  ---------  --------  ----------  --------------  -------------------
/opt/airflow/dags/lakehouse_pipeline.py   1247  0.00s             1           0  0.13s           2026-08-28T16:00:49
================================================================================
[2026-08-28T16:01:49.558+0000] {manager.py:878} INFO - 
================================================================================
DAG File Processing Stats

File Path                                  PID  Runtime      # DAGs    # Errors  Last Runtime    Last Run
---------------------------------------  -----  ---------  --------  ----------  --------------  -------------------
/opt/airflow/dags/lakehouse_pipeline.py   1252  0.01s             1           0  0.16s           2026-08-28T16:01:19
================================================================================
[2026-08-28T16:02:19.838+0000] {manager.py:878} INFO - 
================================================================================
DAG File Processing Stats

File Path                                  PID  Runtime      # DAGs    # Errors  Last Runtime    Last Run
---------------------------------------  -----  ---------  --------  ----------  --------------  -------------------
/opt/airflow/dags/lakehouse_pipeline.py   1257  0.01s             1           0  0.17s           2026-08-28T16:01:49
================================================================================
[2026-08-28T16:02:50.108+0000] {manager.py:878} INFO - 
================================================================================
DAG File Processing Stats

File Path                                  PID  Runtime      # DAGs    # Errors  Last Runtime    Last Run
---------------------------------------  -----  ---------  --------  ----------  --------------  -------------------
/opt/airflow/dags/lakehouse_pipeline.py   1262  0.01s             1           0  0.20s           2026-08-28T16:02:20
================================================================================
[2026-08-28T16:03:20.475+0000] {manager.py:878} INFO - 
================================================================================
DAG File Processing Stats

File Path                                  PID  Runtime      # DAGs    # Errors  Last Runtime    Last Run
---------------------------------------  -----  ---------  --------  ----------  --------------  -------------------
/opt/airflow/dags/lakehouse_pipeline.py   1267  0.01s             1           0  0.30s           2026-08-28T16:02:50
================================================================================
[2026-08-28T16:03:50.714+0000] {manager.py:878} INFO - 
================================================================================
DAG File Processing Stats

File Path                                PID    Runtime      # DAGs    # Errors  Last Runtime    Last Run
---------------------------------------  -----  ---------  --------  ----------  --------------  -------------------
/opt/airflow/dags/lakehouse_pipeline.py                           1           0  0.29s           2026-08-28T16:03:20
================================================================================
[2026-08-28T16:04:21.084+0000] {manager.py:878} INFO - 
================================================================================
DAG File Processing Stats

File Path                                PID    Runtime      # DAGs    # Errors  Last Runtime    Last Run
---------------------------------------  -----  ---------  --------  ----------  --------------  -------------------
/opt/airflow/dags/lakehouse_pipeline.py                           1           0  0.17s           2026-08-28T16:03:51
================================================================================
[2026-08-28T16:04:51.464+0000] {manager.py:878} INFO - 
================================================================================
DAG File Processing Stats

File Path                                PID    Runtime      # DAGs    # Errors  Last Runtime    Last Run
---------------------------------------  -----  ---------  --------  ----------  --------------  -------------------
/opt/airflow/dags/lakehouse_pipeline.py                           1           0  0.18s           2026-08-28T16:04:21
================================================================================
[2026-08-28T16:05:21.768+0000] {manager.py:878} INFO - 
================================================================================
DAG File Processing Stats

File Path                                PID    Runtime      # DAGs    # Errors  Last Runtime    Last Run
---------------------------------------  -----  ---------  --------  ----------  --------------  -------------------
/opt/airflow/dags/lakehouse_pipeline.py                           1           0  0.30s           2026-08-28T16:04:51
================================================================================
[2026-08-28T16:06:05.547+0000] {manager.py:470} INFO - Processing files using up to 2 processes at a time 
[2026-08-28T16:06:05.549+0000] {manager.py:471} INFO - Process each file at most once every 30 seconds
[2026-08-28T16:06:05.550+0000] {manager.py:472} INFO - Checking for new files in /opt/airflow/dags every 300 seconds
[2026-08-28T16:06:05.551+0000] {manager.py:737} INFO - Searching for files in /opt/airflow/dags
[2026-08-28T16:06:05.571+0000] {manager.py:740} INFO - There are 1 files in /opt/airflow/dags
[2026-08-28T16:06:05.808+0000] {manager.py:878} INFO - 
================================================================================
DAG File Processing Stats

File Path                                  PID  Runtime      # DAGs    # Errors  Last Runtime    Last Run
---------------------------------------  -----  ---------  --------  ----------  --------------  ----------
/opt/airflow/dags/lakehouse_pipeline.py    164  0.09s             0           0
================================================================================
[2026-08-28T16:06:35.970+0000] {manager.py:878} INFO - 
================================================================================
DAG File Processing Stats

File Path                                PID    Runtime      # DAGs    # Errors  Last Runtime    Last Run
---------------------------------------  -----  ---------  --------  ----------  --------------  -------------------
/opt/airflow/dags/lakehouse_pipeline.py                           1           0  0.61s           2026-08-28T16:06:06
================================================================================
[2026-08-28T16:07:05.995+0000] {manager.py:878} INFO - 
================================================================================
DAG File Processing Stats

File Path                                PID    Runtime      # DAGs    # Errors  Last Runtime    Last Run
---------------------------------------  -----  ---------  --------  ----------  --------------  -------------------
/opt/airflow/dags/lakehouse_pipeline.py                           1           0  0.16s           2026-08-28T16:06:36
================================================================================
[2026-08-28T16:07:36.217+0000] {manager.py:878} INFO - 
================================================================================
DAG File Processing Stats

File Path                                PID    Runtime      # DAGs    # Errors  Last Runtime    Last Run
---------------------------------------  -----  ---------  --------  ----------  --------------  -------------------
/opt/airflow/dags/lakehouse_pipeline.py                           1           0  0.55s           2026-08-28T16:07:07
================================================================================
[2026-08-28T16:08:06.732+0000] {manager.py:878} INFO - 
================================================================================
DAG File Processing Stats

File Path                                PID    Runtime      # DAGs    # Errors  Last Runtime    Last Run
---------------------------------------  -----  ---------  --------  ----------  --------------  -------------------
/opt/airflow/dags/lakehouse_pipeline.py                           1           0  1.24s           2026-08-28T16:07:38
================================================================================
[2026-08-28T16:08:37.329+0000] {manager.py:878} INFO - 
================================================================================
DAG File Processing Stats

File Path                                PID    Runtime      # DAGs    # Errors  Last Runtime    Last Run
---------------------------------------  -----  ---------  --------  ----------  --------------  -------------------
/opt/airflow/dags/lakehouse_pipeline.py                           1           0  0.12s           2026-08-28T16:08:09
================================================================================
[2026-08-28T16:09:07.713+0000] {manager.py:878} INFO - 
================================================================================
DAG File Processing Stats

File Path                                PID    Runtime      # DAGs    # Errors  Last Runtime    Last Run
---------------------------------------  -----  ---------  --------  ----------  --------------  -------------------
/opt/airflow/dags/lakehouse_pipeline.py                           1           0  0.14s           2026-08-28T16:08:39
================================================================================
[2026-08-28T16:09:37.955+0000] {manager.py:878} INFO - 
================================================================================
DAG File Processing Stats

File Path                                PID    Runtime      # DAGs    # Errors  Last Runtime    Last Run
---------------------------------------  -----  ---------  --------  ----------  --------------  -------------------
/opt/airflow/dags/lakehouse_pipeline.py                           1           0  0.15s           2026-08-28T16:09:09
================================================================================
[2026-08-28T16:10:08.349+0000] {manager.py:878} INFO - 
================================================================================
DAG File Processing Stats

File Path                                PID    Runtime      # DAGs    # Errors  Last Runtime    Last Run
---------------------------------------  -----  ---------  --------  ----------  --------------  -------------------
/opt/airflow/dags/lakehouse_pipeline.py                           1           0  0.13s           2026-08-28T16:10:07
================================================================================
[2026-08-28T16:10:38.699+0000] {manager.py:878} INFO - 
================================================================================
DAG File Processing Stats

File Path                                PID    Runtime      # DAGs    # Errors  Last Runtime    Last Run
---------------------------------------  -----  ---------  --------  ----------  --------------  -------------------
/opt/airflow/dags/lakehouse_pipeline.py                           1           0  0.12s           2026-08-28T16:10:19
================================================================================
[2026-08-28T16:11:05.997+0000] {manager.py:737} INFO - Searching for files in /opt/airflow/dags
[2026-08-28T16:11:06.028+0000] {manager.py:740} INFO - There are 1 files in /opt/airflow/dags
[2026-08-28T16:11:09.064+0000] {manager.py:878} INFO - 
================================================================================
DAG File Processing Stats

File Path                                PID    Runtime      # DAGs    # Errors  Last Runtime    Last Run
---------------------------------------  -----  ---------  --------  ----------  --------------  -------------------
/opt/airflow/dags/lakehouse_pipeline.py                           1           0  0.13s           2026-08-28T16:10:49
================================================================================
[2026-08-28T16:11:39.300+0000] {manager.py:878} INFO - 
================================================================================
DAG File Processing Stats

File Path                                PID    Runtime      # DAGs    # Errors  Last Runtime    Last Run
---------------------------------------  -----  ---------  --------  ----------  --------------  -------------------
/opt/airflow/dags/lakehouse_pipeline.py                           1           0  0.12s           2026-08-28T16:11:20
================================================================================
[2026-08-28T16:12:09.601+0000] {manager.py:878} INFO - 
================================================================================
DAG File Processing Stats

File Path                                PID    Runtime      # DAGs    # Errors  Last Runtime    Last Run
---------------------------------------  -----  ---------  --------  ----------  --------------  -------------------
/opt/airflow/dags/lakehouse_pipeline.py                           1           0  0.12s           2026-08-28T16:11:50
================================================================================
[2026-08-28T16:12:39.857+0000] {manager.py:878} INFO - 
================================================================================
DAG File Processing Stats

File Path                                PID    Runtime      # DAGs    # Errors  Last Runtime    Last Run
---------------------------------------  -----  ---------  --------  ----------  --------------  -------------------
/opt/airflow/dags/lakehouse_pipeline.py                           1           0  0.13s           2026-08-28T16:12:20
================================================================================
[2026-08-28T16:13:10.218+0000] {manager.py:878} INFO - 
================================================================================
DAG File Processing Stats

File Path                                PID    Runtime      # DAGs    # Errors  Last Runtime    Last Run
---------------------------------------  -----  ---------  --------  ----------  --------------  -------------------
/opt/airflow/dags/lakehouse_pipeline.py                           1           0  0.17s           2026-08-28T16:12:51
================================================================================
[2026-08-28T16:13:40.494+0000] {manager.py:878} INFO - 
================================================================================
DAG File Processing Stats

File Path                                PID    Runtime      # DAGs    # Errors  Last Runtime    Last Run
---------------------------------------  -----  ---------  --------  ----------  --------------  -------------------
/opt/airflow/dags/lakehouse_pipeline.py                           1           0  0.12s           2026-08-28T16:13:21
================================================================================
[2026-08-28T16:14:10.801+0000] {manager.py:878} INFO - 
================================================================================
DAG File Processing Stats

File Path                                PID    Runtime      # DAGs    # Errors  Last Runtime    Last Run
---------------------------------------  -----  ---------  --------  ----------  --------------  -------------------
/opt/airflow/dags/lakehouse_pipeline.py                           1           0  0.17s           2026-08-28T16:13:51
================================================================================
[2026-08-28T16:14:41.064+0000] {manager.py:878} INFO - 
================================================================================
DAG File Processing Stats

File Path                                PID    Runtime      # DAGs    # Errors  Last Runtime    Last Run
---------------------------------------  -----  ---------  --------  ----------  --------------  -------------------
/opt/airflow/dags/lakehouse_pipeline.py                           1           0  0.22s           2026-08-28T16:14:22
================================================================================
[2026-08-28T16:15:11.309+0000] {manager.py:878} INFO - 
================================================================================
DAG File Processing Stats

File Path                                PID    Runtime      # DAGs    # Errors  Last Runtime    Last Run
---------------------------------------  -----  ---------  --------  ----------  --------------  -------------------
/opt/airflow/dags/lakehouse_pipeline.py                           1           0  0.13s           2026-08-28T16:14:52
================================================================================
[2026-08-28T16:15:41.668+0000] {manager.py:878} INFO - 
================================================================================
DAG File Processing Stats

File Path                                PID    Runtime      # DAGs    # Errors  Last Runtime    Last Run
---------------------------------------  -----  ---------  --------  ----------  --------------  -------------------
/opt/airflow/dags/lakehouse_pipeline.py                           1           0  0.13s           2026-08-28T16:15:22
================================================================================
[2026-08-28T16:16:06.019+0000] {manager.py:737} INFO - Searching for files in /opt/airflow/dags
[2026-08-28T16:16:06.036+0000] {manager.py:740} INFO - There are 1 files in /opt/airflow/dags
[2026-08-28T16:16:12.011+0000] {manager.py:878} INFO - 
================================================================================
DAG File Processing Stats

File Path                                PID    Runtime      # DAGs    # Errors  Last Runtime    Last Run
---------------------------------------  -----  ---------  --------  ----------  --------------  -------------------
/opt/airflow/dags/lakehouse_pipeline.py                           1           0  0.15s           2026-08-28T16:15:56
================================================================================
[2026-08-28T16:16:42.312+0000] {manager.py:878} INFO - 
================================================================================
DAG File Processing Stats

File Path                                PID    Runtime      # DAGs    # Errors  Last Runtime    Last Run
---------------------------------------  -----  ---------  --------  ----------  --------------  -------------------
/opt/airflow/dags/lakehouse_pipeline.py                           1           0  0.15s           2026-08-28T16:16:27
================================================================================
[2026-08-28T16:17:12.608+0000] {manager.py:878} INFO - 
================================================================================
DAG File Processing Stats

File Path                                PID    Runtime      # DAGs    # Errors  Last Runtime    Last Run
---------------------------------------  -----  ---------  --------  ----------  --------------  -------------------
/opt/airflow/dags/lakehouse_pipeline.py                           1           0  0.15s           2026-08-28T16:16:57
================================================================================
[2026-08-28T16:17:42.866+0000] {manager.py:878} INFO - 
================================================================================
DAG File Processing Stats

File Path                                PID    Runtime      # DAGs    # Errors  Last Runtime    Last Run
---------------------------------------  -----  ---------  --------  ----------  --------------  -------------------
/opt/airflow/dags/lakehouse_pipeline.py                           1           0  0.17s           2026-08-28T16:17:27
================================================================================
[2026-08-28T16:18:13.203+0000] {manager.py:878} INFO - 
================================================================================
DAG File Processing Stats

File Path                                PID    Runtime      # DAGs    # Errors  Last Runtime    Last Run
---------------------------------------  -----  ---------  --------  ----------  --------------  -------------------
/opt/airflow/dags/lakehouse_pipeline.py                           1           0  0.15s           2026-08-28T16:17:58
================================================================================
[2026-08-28T16:18:43.509+0000] {manager.py:878} INFO - 
================================================================================
DAG File Processing Stats

File Path                                PID    Runtime      # DAGs    # Errors  Last Runtime    Last Run
---------------------------------------  -----  ---------  --------  ----------  --------------  -------------------
/opt/airflow/dags/lakehouse_pipeline.py                           1           0  0.13s           2026-08-28T16:18:28
================================================================================
[2026-08-28T16:19:13.860+0000] {manager.py:878} INFO - 
================================================================================
DAG File Processing Stats

File Path                                PID    Runtime      # DAGs    # Errors  Last Runtime    Last Run
---------------------------------------  -----  ---------  --------  ----------  --------------  -------------------
/opt/airflow/dags/lakehouse_pipeline.py                           1           0  0.14s           2026-08-28T16:18:58
================================================================================
[2026-08-28T16:19:44.082+0000] {manager.py:878} INFO - 
================================================================================
DAG File Processing Stats

File Path                                PID    Runtime      # DAGs    # Errors  Last Runtime    Last Run
---------------------------------------  -----  ---------  --------  ----------  --------------  -------------------
/opt/airflow/dags/lakehouse_pipeline.py                           1           0  0.20s           2026-08-28T16:19:29
================================================================================
[2026-08-28T16:20:14.306+0000] {manager.py:878} INFO - 
================================================================================
DAG File Processing Stats

File Path                                PID    Runtime      # DAGs    # Errors  Last Runtime    Last Run
---------------------------------------  -----  ---------  --------  ----------  --------------  -------------------
/opt/airflow/dags/lakehouse_pipeline.py                           1           0  0.16s           2026-08-28T16:19:59
================================================================================
[2026-08-28T16:20:44.581+0000] {manager.py:878} INFO - 
================================================================================
DAG File Processing Stats

File Path                                PID    Runtime      # DAGs    # Errors  Last Runtime    Last Run
---------------------------------------  -----  ---------  --------  ----------  --------------  -------------------
/opt/airflow/dags/lakehouse_pipeline.py                           1           0  0.14s           2026-08-28T16:20:29
================================================================================
[2026-08-28T16:21:06.748+0000] {manager.py:737} INFO - Searching for files in /opt/airflow/dags
[2026-08-28T16:21:06.783+0000] {manager.py:740} INFO - There are 1 files in /opt/airflow/dags
[2026-08-28T16:21:14.860+0000] {manager.py:878} INFO - 
================================================================================
DAG File Processing Stats

File Path                                PID    Runtime      # DAGs    # Errors  Last Runtime    Last Run
---------------------------------------  -----  ---------  --------  ----------  --------------  -------------------
/opt/airflow/dags/lakehouse_pipeline.py                           1           0  0.18s           2026-08-28T16:20:59
================================================================================
[2026-08-28T16:21:19.300+0000] {manager.py:452} INFO - Exiting gracefully upon receiving signal 15
[2026-08-28T16:21:36.722+0000] {manager.py:470} INFO - Processing files using up to 2 processes at a time 
[2026-08-28T16:21:36.723+0000] {manager.py:471} INFO - Process each file at most once every 30 seconds
[2026-08-28T16:21:36.724+0000] {manager.py:472} INFO - Checking for new files in /opt/airflow/dags every 300 seconds
[2026-08-28T16:21:36.725+0000] {manager.py:737} INFO - Searching for files in /opt/airflow/dags
[2026-08-28T16:21:36.743+0000] {manager.py:740} INFO - There are 1 files in /opt/airflow/dags
[2026-08-28T16:21:36.831+0000] {manager.py:878} INFO - 
================================================================================
DAG File Processing Stats

File Path                                  PID  Runtime      # DAGs    # Errors  Last Runtime    Last Run
---------------------------------------  -----  ---------  --------  ----------  --------------  ----------
/opt/airflow/dags/lakehouse_pipeline.py    165  0.04s             0           0
================================================================================
[2026-08-28T16:22:07.006+0000] {manager.py:878} INFO - 
================================================================================
DAG File Processing Stats

File Path                                PID    Runtime      # DAGs    # Errors  Last Runtime    Last Run
---------------------------------------  -----  ---------  --------  ----------  --------------  -------------------
/opt/airflow/dags/lakehouse_pipeline.py                           1           0  0.38s           2026-08-28T16:21:37
================================================================================
[2026-08-28T16:22:37.539+0000] {manager.py:878} INFO - 
================================================================================
DAG File Processing Stats

File Path                                  PID  Runtime      # DAGs    # Errors  Last Runtime    Last Run
---------------------------------------  -----  ---------  --------  ----------  --------------  -------------------
/opt/airflow/dags/lakehouse_pipeline.py    175  0.00s             1           0  0.15s           2026-08-28T16:22:07
================================================================================
[2026-08-28T16:23:07.777+0000] {manager.py:878} INFO - 
================================================================================
DAG File Processing Stats

File Path                                  PID  Runtime      # DAGs    # Errors  Last Runtime    Last Run
---------------------------------------  -----  ---------  --------  ----------  --------------  -------------------
/opt/airflow/dags/lakehouse_pipeline.py    353  0.01s             1           0  0.12s           2026-08-28T16:22:37
================================================================================
[2026-08-28T16:23:38.350+0000] {manager.py:878} INFO - 
================================================================================
DAG File Processing Stats

File Path                                  PID  Runtime      # DAGs    # Errors  Last Runtime    Last Run
---------------------------------------  -----  ---------  --------  ----------  --------------  -------------------
/opt/airflow/dags/lakehouse_pipeline.py    754  0.02s             1           0  0.40s           2026-08-28T16:23:08
================================================================================
[2026-08-28T16:24:08.415+0000] {manager.py:878} INFO - 
================================================================================
DAG File Processing Stats

File Path                                PID    Runtime      # DAGs    # Errors  Last Runtime    Last Run
---------------------------------------  -----  ---------  --------  ----------  --------------  -------------------
/opt/airflow/dags/lakehouse_pipeline.py                           1           0  1.84s           2026-08-28T16:23:40
================================================================================
[2026-08-28T16:24:38.686+0000] {manager.py:878} INFO - 
================================================================================
DAG File Processing Stats

File Path                                PID    Runtime      # DAGs    # Errors  Last Runtime    Last Run
---------------------------------------  -----  ---------  --------  ----------  --------------  -------------------
/opt/airflow/dags/lakehouse_pipeline.py                           1           0  0.86s           2026-08-28T16:24:11
================================================================================
[2026-08-28T16:25:09.029+0000] {manager.py:878} INFO - 
================================================================================
DAG File Processing Stats

File Path                                PID    Runtime      # DAGs    # Errors  Last Runtime    Last Run
---------------------------------------  -----  ---------  --------  ----------  --------------  -------------------
/opt/airflow/dags/lakehouse_pipeline.py                           1           0  0.41s           2026-08-28T16:24:41
================================================================================
[2026-08-28T16:25:39.537+0000] {manager.py:878} INFO - 
================================================================================
DAG File Processing Stats

File Path                                PID    Runtime      # DAGs    # Errors  Last Runtime    Last Run
---------------------------------------  -----  ---------  --------  ----------  --------------  -------------------
/opt/airflow/dags/lakehouse_pipeline.py                           1           0  0.45s           2026-08-28T16:25:12
================================================================================
[2026-08-28T16:26:10.062+0000] {manager.py:878} INFO - 
================================================================================
DAG File Processing Stats

File Path                                PID    Runtime      # DAGs    # Errors  Last Runtime    Last Run
---------------------------------------  -----  ---------  --------  ----------  --------------  -------------------
/opt/airflow/dags/lakehouse_pipeline.py                           1           0  0.40s           2026-08-28T16:25:43
================================================================================
[2026-08-28T16:26:36.732+0000] {manager.py:737} INFO - Searching for files in /opt/airflow/dags
[2026-08-28T16:26:36.794+0000] {manager.py:740} INFO - There are 1 files in /opt/airflow/dags
[2026-08-28T16:26:40.720+0000] {manager.py:878} INFO - 
================================================================================
DAG File Processing Stats

File Path                                PID    Runtime      # DAGs    # Errors  Last Runtime    Last Run
---------------------------------------  -----  ---------  --------  ----------  --------------  -------------------
/opt/airflow/dags/lakehouse_pipeline.py                           1           0  0.43s           2026-08-28T16:26:13
================================================================================
[2026-08-28T16:27:11.094+0000] {manager.py:878} INFO - 
================================================================================
DAG File Processing Stats

File Path                                PID    Runtime      # DAGs    # Errors  Last Runtime    Last Run
---------------------------------------  -----  ---------  --------  ----------  --------------  -------------------
/opt/airflow/dags/lakehouse_pipeline.py                           1           0  0.41s           2026-08-28T16:26:44
================================================================================
[2026-08-28T16:27:41.526+0000] {manager.py:878} INFO - 
================================================================================
DAG File Processing Stats

File Path                                PID    Runtime      # DAGs    # Errors  Last Runtime    Last Run
---------------------------------------  -----  ---------  --------  ----------  --------------  -------------------
/opt/airflow/dags/lakehouse_pipeline.py                           1           0  0.18s           2026-08-28T16:27:14
================================================================================
[2026-08-28T16:28:11.737+0000] {manager.py:878} INFO - 
================================================================================
DAG File Processing Stats

File Path                                PID    Runtime      # DAGs    # Errors  Last Runtime    Last Run
---------------------------------------  -----  ---------  --------  ----------  --------------  -------------------
/opt/airflow/dags/lakehouse_pipeline.py                           1           0  0.17s           2026-08-28T16:27:44
================================================================================
[2026-08-28T16:28:42.159+0000] {manager.py:878} INFO - 
================================================================================
DAG File Processing Stats

File Path                                PID    Runtime      # DAGs    # Errors  Last Runtime    Last Run
---------------------------------------  -----  ---------  --------  ----------  --------------  -------------------
/opt/airflow/dags/lakehouse_pipeline.py                           1           0  0.41s           2026-08-28T16:28:23
================================================================================
[2026-08-28T16:29:12.856+0000] {manager.py:878} INFO - 
================================================================================
DAG File Processing Stats

File Path                                PID    Runtime      # DAGs    # Errors  Last Runtime    Last Run
---------------------------------------  -----  ---------  --------  ----------  --------------  -------------------
/opt/airflow/dags/lakehouse_pipeline.py                           1           0  0.16s           2026-08-28T16:28:56
================================================================================
[2026-08-28T16:29:43.230+0000] {manager.py:878} INFO - 
================================================================================
DAG File Processing Stats

File Path                                PID    Runtime      # DAGs    # Errors  Last Runtime    Last Run
---------------------------------------  -----  ---------  --------  ----------  --------------  -------------------
/opt/airflow/dags/lakehouse_pipeline.py                           1           0  0.15s           2026-08-28T16:29:27
================================================================================
[2026-08-28T16:30:13.433+0000] {manager.py:878} INFO - 
================================================================================
DAG File Processing Stats

File Path                                PID    Runtime      # DAGs    # Errors  Last Runtime    Last Run
---------------------------------------  -----  ---------  --------  ----------  --------------  -------------------
/opt/airflow/dags/lakehouse_pipeline.py                           1           0  0.13s           2026-08-28T16:29:57
================================================================================
[2026-08-28T16:30:43.881+0000] {manager.py:878} INFO - 
================================================================================
DAG File Processing Stats

File Path                                PID    Runtime      # DAGs    # Errors  Last Runtime    Last Run
---------------------------------------  -----  ---------  --------  ----------  --------------  -------------------
/opt/airflow/dags/lakehouse_pipeline.py                           1           0  0.13s           2026-08-28T16:30:27
================================================================================
[2026-08-28T16:31:14.467+0000] {manager.py:878} INFO - 
================================================================================
DAG File Processing Stats

File Path                                PID    Runtime      # DAGs    # Errors  Last Runtime    Last Run
---------------------------------------  -----  ---------  --------  ----------  --------------  -------------------
/opt/airflow/dags/lakehouse_pipeline.py                           1           0  0.44s           2026-08-28T16:30:58
================================================================================
[2026-08-28T16:31:37.134+0000] {manager.py:737} INFO - Searching for files in /opt/airflow/dags
[2026-08-28T16:31:37.243+0000] {manager.py:740} INFO - There are 1 files in /opt/airflow/dags
[2026-08-28T16:31:48.095+0000] {manager.py:878} INFO - 
================================================================================
DAG File Processing Stats

File Path                                PID    Runtime      # DAGs    # Errors  Last Runtime    Last Run
---------------------------------------  -----  ---------  --------  ----------  --------------  -------------------
/opt/airflow/dags/lakehouse_pipeline.py                           1           0  5.77s           2026-08-28T16:31:34
================================================================================
[2026-08-28T16:38:17.839+0000] {manager.py:878} INFO - 
================================================================================
DAG File Processing Stats

File Path                                  PID  Runtime      # DAGs    # Errors  Last Runtime    Last Run
---------------------------------------  -----  ---------  --------  ----------  --------------  -------------------
/opt/airflow/dags/lakehouse_pipeline.py   2769  42.06s            1           0  5.77s           2026-08-28T16:31:34
================================================================================
[2026-08-28T16:38:19.749+0000] {manager.py:737} INFO - Searching for files in /opt/airflow/dags
[2026-08-28T16:38:19.960+0000] {manager.py:740} INFO - There are 1 files in /opt/airflow/dags
[2026-08-28T16:38:20.162+0000] {manager.py:1203} ERROR - Processor for /opt/airflow/dags/lakehouse_pipeline.py with PID 2769 started at 2026-08-28T16:35:55.383673+00:00 has timed out, killing it.
[2026-08-28T16:38:22.950+0000] {manager.py:452} INFO - Exiting gracefully upon receiving signal 15
[2026-08-28T16:42:11.007+0000] {manager.py:470} INFO - Processing files using up to 2 processes at a time 
[2026-08-28T16:42:11.009+0000] {manager.py:471} INFO - Process each file at most once every 30 seconds
[2026-08-28T16:42:11.010+0000] {manager.py:472} INFO - Checking for new files in /opt/airflow/dags every 300 seconds
[2026-08-28T16:42:11.011+0000] {manager.py:737} INFO - Searching for files in /opt/airflow/dags
[2026-08-28T16:42:11.035+0000] {manager.py:740} INFO - There are 1 files in /opt/airflow/dags
[2026-08-28T16:42:11.152+0000] {manager.py:878} INFO - 
================================================================================
DAG File Processing Stats

File Path                                  PID  Runtime      # DAGs    # Errors  Last Runtime    Last Run
---------------------------------------  -----  ---------  --------  ----------  --------------  ----------
/opt/airflow/dags/lakehouse_pipeline.py    163  0.06s             0           0
================================================================================
[2026-08-28T16:42:41.628+0000] {manager.py:878} INFO - 
================================================================================
DAG File Processing Stats

File Path                                  PID  Runtime      # DAGs    # Errors  Last Runtime    Last Run
---------------------------------------  -----  ---------  --------  ----------  --------------  -------------------
/opt/airflow/dags/lakehouse_pipeline.py    760  0.01s             1           0  0.36s           2026-08-28T16:42:11
================================================================================
[2026-08-28T16:43:11.770+0000] {manager.py:878} INFO - 
================================================================================
DAG File Processing Stats

File Path                                PID    Runtime      # DAGs    # Errors  Last Runtime    Last Run
---------------------------------------  -----  ---------  --------  ----------  --------------  -------------------
/opt/airflow/dags/lakehouse_pipeline.py                           1           0  0.51s           2026-08-28T16:42:42
================================================================================
[2026-08-28T16:43:48.580+0000] {manager.py:878} INFO - 
================================================================================
DAG File Processing Stats

File Path                                  PID  Runtime      # DAGs    # Errors  Last Runtime    Last Run
---------------------------------------  -----  ---------  --------  ----------  --------------  -------------------
/opt/airflow/dags/lakehouse_pipeline.py    938  0.36s             1           0  3.45s           2026-08-28T16:43:16
================================================================================
[2026-08-28T18:53:38.945+0000] {manager.py:470} INFO - Processing files using up to 2 processes at a time 
[2026-08-28T18:53:38.947+0000] {manager.py:471} INFO - Process each file at most once every 30 seconds
[2026-08-28T18:53:38.948+0000] {manager.py:472} INFO - Checking for new files in /opt/airflow/dags every 300 seconds
[2026-08-28T18:53:38.949+0000] {manager.py:737} INFO - Searching for files in /opt/airflow/dags
[2026-08-28T18:53:39.006+0000] {manager.py:740} INFO - There are 1 files in /opt/airflow/dags
[2026-08-28T18:53:39.152+0000] {manager.py:878} INFO - 
================================================================================
DAG File Processing Stats

File Path                                  PID  Runtime      # DAGs    # Errors  Last Runtime    Last Run
---------------------------------------  -----  ---------  --------  ----------  --------------  ----------
/opt/airflow/dags/lakehouse_pipeline.py    166  0.08s             0           0
================================================================================
[2026-08-28T18:54:09.266+0000] {manager.py:878} INFO - 
================================================================================
DAG File Processing Stats

File Path                                PID    Runtime      # DAGs    # Errors  Last Runtime    Last Run
---------------------------------------  -----  ---------  --------  ----------  --------------  -------------------
/opt/airflow/dags/lakehouse_pipeline.py                           1           0  0.56s           2026-08-28T18:53:39
================================================================================
[2026-08-28T18:54:40.138+0000] {manager.py:878} INFO - 
================================================================================
DAG File Processing Stats

File Path                                PID    Runtime      # DAGs    # Errors  Last Runtime    Last Run
---------------------------------------  -----  ---------  --------  ----------  --------------  -------------------
/opt/airflow/dags/lakehouse_pipeline.py                           1           0  2.46s           2026-08-28T18:54:12
================================================================================
[2026-08-28T18:55:10.345+0000] {manager.py:878} INFO - 
================================================================================
DAG File Processing Stats

File Path                                PID    Runtime      # DAGs    # Errors  Last Runtime    Last Run
---------------------------------------  -----  ---------  --------  ----------  --------------  -------------------
/opt/airflow/dags/lakehouse_pipeline.py                           1           0  4.51s           2026-08-28T18:54:47
================================================================================
[2026-08-28T19:00:20.112+0000] {manager.py:470} INFO - Processing files using up to 2 processes at a time 
[2026-08-28T19:00:20.114+0000] {manager.py:471} INFO - Process each file at most once every 30 seconds
[2026-08-28T19:00:20.115+0000] {manager.py:472} INFO - Checking for new files in /opt/airflow/dags every 300 seconds
[2026-08-28T19:00:20.116+0000] {manager.py:737} INFO - Searching for files in /opt/airflow/dags
[2026-08-28T19:00:20.140+0000] {manager.py:740} INFO - There are 1 files in /opt/airflow/dags
[2026-08-28T19:00:20.264+0000] {manager.py:878} INFO - 
================================================================================
DAG File Processing Stats

File Path                                  PID  Runtime      # DAGs    # Errors  Last Runtime    Last Run
---------------------------------------  -----  ---------  --------  ----------  --------------  ----------
/opt/airflow/dags/lakehouse_pipeline.py    164  0.05s             0           0
================================================================================
[2026-08-28T19:00:50.430+0000] {manager.py:878} INFO - 
================================================================================
DAG File Processing Stats

File Path                                PID    Runtime      # DAGs    # Errors  Last Runtime    Last Run
---------------------------------------  -----  ---------  --------  ----------  --------------  -------------------
/opt/airflow/dags/lakehouse_pipeline.py                           1           0  0.58s           2026-08-28T19:00:20
================================================================================
[2026-08-28T19:01:21.243+0000] {manager.py:878} INFO - 
================================================================================
DAG File Processing Stats

File Path                                PID    Runtime      # DAGs    # Errors  Last Runtime    Last Run
---------------------------------------  -----  ---------  --------  ----------  --------------  -------------------
/opt/airflow/dags/lakehouse_pipeline.py                           1           0  0.22s           2026-08-28T19:00:51
================================================================================
[2026-08-28T19:01:51.642+0000] {manager.py:878} INFO - 
================================================================================
DAG File Processing Stats

File Path                                  PID  Runtime      # DAGs    # Errors  Last Runtime    Last Run
---------------------------------------  -----  ---------  --------  ----------  --------------  -------------------
/opt/airflow/dags/lakehouse_pipeline.py    179  0.00s             1           0  0.13s           2026-08-28T19:01:21
================================================================================
[2026-08-28T19:02:21.984+0000] {manager.py:878} INFO - 
================================================================================
DAG File Processing Stats

File Path                                  PID  Runtime      # DAGs    # Errors  Last Runtime    Last Run
---------------------------------------  -----  ---------  --------  ----------  --------------  -------------------
/opt/airflow/dags/lakehouse_pipeline.py    184  0.01s             1           0  0.13s           2026-08-28T19:01:51
================================================================================
[2026-08-28T19:02:52.197+0000] {manager.py:878} INFO - 
================================================================================
DAG File Processing Stats

File Path                                  PID  Runtime      # DAGs    # Errors  Last Runtime    Last Run
---------------------------------------  -----  ---------  --------  ----------  --------------  -------------------
/opt/airflow/dags/lakehouse_pipeline.py    189  0.00s             1           0  0.14s           2026-08-28T19:02:22
================================================================================
[2026-08-28T19:03:22.498+0000] {manager.py:878} INFO - 
================================================================================
DAG File Processing Stats

File Path                                  PID  Runtime      # DAGs    # Errors  Last Runtime    Last Run
---------------------------------------  -----  ---------  --------  ----------  --------------  -------------------
/opt/airflow/dags/lakehouse_pipeline.py    194  0.01s             1           0  0.12s           2026-08-28T19:02:52
================================================================================
[2026-08-28T19:03:52.699+0000] {manager.py:878} INFO - 
================================================================================
DAG File Processing Stats

File Path                                  PID  Runtime      # DAGs    # Errors  Last Runtime    Last Run
---------------------------------------  -----  ---------  --------  ----------  --------------  -------------------
/opt/airflow/dags/lakehouse_pipeline.py    199  0.01s             1           0  0.14s           2026-08-28T19:03:22
================================================================================
[2026-08-28T19:04:23.026+0000] {manager.py:878} INFO - 
================================================================================
DAG File Processing Stats

File Path                                  PID  Runtime      # DAGs    # Errors  Last Runtime    Last Run
---------------------------------------  -----  ---------  --------  ----------  --------------  -------------------
/opt/airflow/dags/lakehouse_pipeline.py    204  0.00s             1           0  0.15s           2026-08-28T19:03:52
================================================================================
[2026-08-28T19:04:53.255+0000] {manager.py:878} INFO - 
================================================================================
DAG File Processing Stats

File Path                                  PID  Runtime      # DAGs    # Errors  Last Runtime    Last Run
---------------------------------------  -----  ---------  --------  ----------  --------------  -------------------
/opt/airflow/dags/lakehouse_pipeline.py    209  0.00s             1           0  0.12s           2026-08-28T19:04:23
================================================================================
[2026-08-28T19:05:20.504+0000] {manager.py:737} INFO - Searching for files in /opt/airflow/dags
[2026-08-28T19:05:20.532+0000] {manager.py:740} INFO - There are 1 files in /opt/airflow/dags
[2026-08-28T19:05:23.584+0000] {manager.py:878} INFO - 
================================================================================
DAG File Processing Stats

File Path                                  PID  Runtime      # DAGs    # Errors  Last Runtime    Last Run
---------------------------------------  -----  ---------  --------  ----------  --------------  -------------------
/opt/airflow/dags/lakehouse_pipeline.py    214  0.01s             1           0  0.13s           2026-08-28T19:04:53
================================================================================
[2026-08-28T19:05:53.829+0000] {manager.py:878} INFO - 
================================================================================
DAG File Processing Stats

File Path                                  PID  Runtime      # DAGs    # Errors  Last Runtime    Last Run
---------------------------------------  -----  ---------  --------  ----------  --------------  -------------------
/opt/airflow/dags/lakehouse_pipeline.py    219  0.01s             1           0  0.15s           2026-08-28T19:05:23
================================================================================
[2026-08-28T19:06:24.130+0000] {manager.py:878} INFO - 
================================================================================
DAG File Processing Stats

File Path                                  PID  Runtime      # DAGs    # Errors  Last Runtime    Last Run
---------------------------------------  -----  ---------  --------  ----------  --------------  -------------------
/opt/airflow/dags/lakehouse_pipeline.py    224  0.00s             1           0  0.13s           2026-08-28T19:05:53
================================================================================
[2026-08-28T19:06:54.377+0000] {manager.py:878} INFO - 
================================================================================
DAG File Processing Stats

File Path                                  PID  Runtime      # DAGs    # Errors  Last Runtime    Last Run
---------------------------------------  -----  ---------  --------  ----------  --------------  -------------------
/opt/airflow/dags/lakehouse_pipeline.py    229  0.01s             1           0  0.12s           2026-08-28T19:06:24
================================================================================
[2026-08-28T19:07:24.694+0000] {manager.py:878} INFO - 
================================================================================
DAG File Processing Stats

File Path                                  PID  Runtime      # DAGs    # Errors  Last Runtime    Last Run
---------------------------------------  -----  ---------  --------  ----------  --------------  -------------------
/opt/airflow/dags/lakehouse_pipeline.py    234  0.00s             1           0  0.18s           2026-08-28T19:06:54
================================================================================
[2026-08-28T19:07:54.954+0000] {manager.py:878} INFO - 
================================================================================
DAG File Processing Stats

File Path                                  PID  Runtime      # DAGs    # Errors  Last Runtime    Last Run
---------------------------------------  -----  ---------  --------  ----------  --------------  -------------------
/opt/airflow/dags/lakehouse_pipeline.py    239  0.01s             1           0  0.12s           2026-08-28T19:07:24
================================================================================
[2026-08-28T19:08:25.189+0000] {manager.py:878} INFO - 
================================================================================
DAG File Processing Stats

File Path                                  PID  Runtime      # DAGs    # Errors  Last Runtime    Last Run
---------------------------------------  -----  ---------  --------  ----------  --------------  -------------------
/opt/airflow/dags/lakehouse_pipeline.py    244  0.00s             1           0  0.14s           2026-08-28T19:07:55
================================================================================
[2026-08-28T19:08:55.504+0000] {manager.py:878} INFO - 
================================================================================
DAG File Processing Stats

File Path                                  PID  Runtime      # DAGs    # Errors  Last Runtime    Last Run
---------------------------------------  -----  ---------  --------  ----------  --------------  -------------------
/opt/airflow/dags/lakehouse_pipeline.py    249  0.01s             1           0  0.14s           2026-08-28T19:08:25
================================================================================
[2026-08-28T19:09:25.727+0000] {manager.py:878} INFO - 
================================================================================
DAG File Processing Stats

File Path                                  PID  Runtime      # DAGs    # Errors  Last Runtime    Last Run
---------------------------------------  -----  ---------  --------  ----------  --------------  -------------------
/opt/airflow/dags/lakehouse_pipeline.py    254  0.01s             1           0  0.15s           2026-08-28T19:08:55
================================================================================
[2026-08-28T19:09:55.991+0000] {manager.py:878} INFO - 
================================================================================
DAG File Processing Stats

File Path                                  PID  Runtime      # DAGs    # Errors  Last Runtime    Last Run
---------------------------------------  -----  ---------  --------  ----------  --------------  -------------------
/opt/airflow/dags/lakehouse_pipeline.py    259  0.01s             1           0  0.14s           2026-08-28T19:09:25
================================================================================
[2026-08-28T19:10:21.169+0000] {manager.py:737} INFO - Searching for files in /opt/airflow/dags
[2026-08-28T19:10:21.188+0000] {manager.py:740} INFO - There are 1 files in /opt/airflow/dags
[2026-08-28T19:10:26.243+0000] {manager.py:878} INFO - 
================================================================================
DAG File Processing Stats

File Path                                  PID  Runtime      # DAGs    # Errors  Last Runtime    Last Run
---------------------------------------  -----  ---------  --------  ----------  --------------  -------------------
/opt/airflow/dags/lakehouse_pipeline.py    264  0.01s             1           0  0.13s           2026-08-28T19:09:56
================================================================================
[2026-08-28T19:10:56.462+0000] {manager.py:878} INFO - 
================================================================================
DAG File Processing Stats

File Path                                  PID  Runtime      # DAGs    # Errors  Last Runtime    Last Run
---------------------------------------  -----  ---------  --------  ----------  --------------  -------------------
/opt/airflow/dags/lakehouse_pipeline.py    592  0.01s             1           0  0.13s           2026-08-28T19:10:26
================================================================================
[2026-08-28T19:11:26.757+0000] {manager.py:878} INFO - 
================================================================================
DAG File Processing Stats

File Path                                  PID  Runtime      # DAGs    # Errors  Last Runtime    Last Run
---------------------------------------  -----  ---------  --------  ----------  --------------  -------------------
/opt/airflow/dags/lakehouse_pipeline.py    597  0.01s             1           0  0.16s           2026-08-28T19:10:56
================================================================================
[2026-08-28T19:11:56.996+0000] {manager.py:878} INFO - 
================================================================================
DAG File Processing Stats

File Path                                  PID  Runtime      # DAGs    # Errors  Last Runtime    Last Run
---------------------------------------  -----  ---------  --------  ----------  --------------  -------------------
/opt/airflow/dags/lakehouse_pipeline.py    602  0.00s             1           0  0.14s           2026-08-28T19:11:26
================================================================================
[2026-08-28T19:12:27.287+0000] {manager.py:878} INFO - 
================================================================================
DAG File Processing Stats

File Path                                  PID  Runtime      # DAGs    # Errors  Last Runtime    Last Run
---------------------------------------  -----  ---------  --------  ----------  --------------  -------------------
/opt/airflow/dags/lakehouse_pipeline.py    607  0.00s             1           0  0.14s           2026-08-28T19:11:57
================================================================================
[2026-08-28T19:12:57.514+0000] {manager.py:878} INFO - 
================================================================================
DAG File Processing Stats

File Path                                  PID  Runtime      # DAGs    # Errors  Last Runtime    Last Run
---------------------------------------  -----  ---------  --------  ----------  --------------  -------------------
/opt/airflow/dags/lakehouse_pipeline.py    880  0.01s             1           0  0.13s           2026-08-28T19:12:27
================================================================================
[2026-08-28T19:13:27.932+0000] {manager.py:878} INFO - 
================================================================================
DAG File Processing Stats

File Path                                PID    Runtime      # DAGs    # Errors  Last Runtime    Last Run
---------------------------------------  -----  ---------  --------  ----------  --------------  -------------------
/opt/airflow/dags/lakehouse_pipeline.py                           1           0  0.53s           2026-08-28T19:12:58
================================================================================
[2026-08-28T19:13:58.677+0000] {manager.py:878} INFO - 
================================================================================
DAG File Processing Stats

File Path                                PID    Runtime      # DAGs    # Errors  Last Runtime    Last Run
---------------------------------------  -----  ---------  --------  ----------  --------------  -------------------
/opt/airflow/dags/lakehouse_pipeline.py                           1           0  2.02s           2026-08-28T19:13:30
================================================================================
[2026-08-28T19:14:29.676+0000] {manager.py:878} INFO - 
================================================================================
DAG File Processing Stats

File Path                                PID    Runtime      # DAGs    # Errors  Last Runtime    Last Run
---------------------------------------  -----  ---------  --------  ----------  --------------  -------------------
/opt/airflow/dags/lakehouse_pipeline.py                           1           0  0.29s           2026-08-28T19:14:00
================================================================================
[2026-08-28T19:14:59.953+0000] {manager.py:878} INFO - 
================================================================================
DAG File Processing Stats

File Path                                PID    Runtime      # DAGs    # Errors  Last Runtime    Last Run
---------------------------------------  -----  ---------  --------  ----------  --------------  -------------------
/opt/airflow/dags/lakehouse_pipeline.py                           1           0  1.05s           2026-08-28T19:14:32
================================================================================
[2026-08-28T19:15:21.248+0000] {manager.py:737} INFO - Searching for files in /opt/airflow/dags
[2026-08-28T19:15:21.268+0000] {manager.py:740} INFO - There are 1 files in /opt/airflow/dags
[2026-08-28T19:15:30.137+0000] {manager.py:878} INFO - 
================================================================================
DAG File Processing Stats

File Path                                PID    Runtime      # DAGs    # Errors  Last Runtime    Last Run
---------------------------------------  -----  ---------  --------  ----------  --------------  -------------------
/opt/airflow/dags/lakehouse_pipeline.py                           1           0  0.17s           2026-08-28T19:15:03
================================================================================
[2026-08-28T19:16:00.510+0000] {manager.py:878} INFO - 
================================================================================
DAG File Processing Stats

File Path                                PID    Runtime      # DAGs    # Errors  Last Runtime    Last Run
---------------------------------------  -----  ---------  --------  ----------  --------------  -------------------
/opt/airflow/dags/lakehouse_pipeline.py                           1           0  0.19s           2026-08-28T19:15:33
================================================================================
[2026-08-28T19:16:30.724+0000] {manager.py:878} INFO - 
================================================================================
DAG File Processing Stats

File Path                                PID    Runtime      # DAGs    # Errors  Last Runtime    Last Run
---------------------------------------  -----  ---------  --------  ----------  --------------  -------------------
/opt/airflow/dags/lakehouse_pipeline.py                           1           0  0.15s           2026-08-28T19:16:03
================================================================================
[2026-08-28T19:17:01.115+0000] {manager.py:878} INFO - 
================================================================================
DAG File Processing Stats

File Path                                PID    Runtime      # DAGs    # Errors  Last Runtime    Last Run
---------------------------------------  -----  ---------  --------  ----------  --------------  -------------------
/opt/airflow/dags/lakehouse_pipeline.py                           1           0  0.18s           2026-08-28T19:16:33
================================================================================
[2026-08-28T19:17:31.337+0000] {manager.py:878} INFO - 
================================================================================
DAG File Processing Stats

File Path                                PID    Runtime      # DAGs    # Errors  Last Runtime    Last Run
---------------------------------------  -----  ---------  --------  ----------  --------------  -------------------
/opt/airflow/dags/lakehouse_pipeline.py                           1           0  0.14s           2026-08-28T19:17:04
================================================================================
[2026-08-28T19:18:01.644+0000] {manager.py:878} INFO - 
================================================================================
DAG File Processing Stats

File Path                                PID    Runtime      # DAGs    # Errors  Last Runtime    Last Run
---------------------------------------  -----  ---------  --------  ----------  --------------  -------------------
/opt/airflow/dags/lakehouse_pipeline.py                           1           0  0.14s           2026-08-28T19:17:34
================================================================================
[2026-08-28T19:18:31.854+0000] {manager.py:878} INFO - 
================================================================================
DAG File Processing Stats

File Path                                PID    Runtime      # DAGs    # Errors  Last Runtime    Last Run
---------------------------------------  -----  ---------  --------  ----------  --------------  -------------------
/opt/airflow/dags/lakehouse_pipeline.py                           1           0  0.17s           2026-08-28T19:18:04
================================================================================
[2026-08-28T19:19:02.152+0000] {manager.py:878} INFO - 
================================================================================
DAG File Processing Stats

File Path                                PID    Runtime      # DAGs    # Errors  Last Runtime    Last Run
---------------------------------------  -----  ---------  --------  ----------  --------------  -------------------
/opt/airflow/dags/lakehouse_pipeline.py                           1           0  0.15s           2026-08-28T19:18:35
================================================================================
[2026-08-29T07:43:45.496+0000] {manager.py:470} INFO - Processing files using up to 2 processes at a time 
[2026-08-29T07:43:45.497+0000] {manager.py:471} INFO - Process each file at most once every 30 seconds
[2026-08-29T07:43:45.498+0000] {manager.py:472} INFO - Checking for new files in /opt/airflow/dags every 300 seconds
[2026-08-29T07:43:45.500+0000] {manager.py:737} INFO - Searching for files in /opt/airflow/dags
[2026-08-29T07:43:45.560+0000] {manager.py:740} INFO - There are 1 files in /opt/airflow/dags
[2026-08-29T07:43:45.691+0000] {manager.py:878} INFO - 
================================================================================
DAG File Processing Stats

File Path                                  PID  Runtime      # DAGs    # Errors  Last Runtime    Last Run
---------------------------------------  -----  ---------  --------  ----------  --------------  ----------
/opt/airflow/dags/lakehouse_pipeline.py    165  0.06s             0           0
================================================================================
[2026-08-29T07:44:15.866+0000] {manager.py:878} INFO - 
================================================================================
DAG File Processing Stats

File Path                                PID    Runtime      # DAGs    # Errors  Last Runtime    Last Run
---------------------------------------  -----  ---------  --------  ----------  --------------  -------------------
/opt/airflow/dags/lakehouse_pipeline.py                           1           0  0.66s           2026-08-29T07:43:46
================================================================================
[2026-08-29T07:44:46.686+0000] {manager.py:878} INFO - 
================================================================================
DAG File Processing Stats

File Path                                  PID  Runtime      # DAGs    # Errors  Last Runtime    Last Run
---------------------------------------  -----  ---------  --------  ----------  --------------  -------------------
/opt/airflow/dags/lakehouse_pipeline.py    175  0.00s             1           0  0.13s           2026-08-29T07:44:16
================================================================================
[2026-08-29T07:45:17.069+0000] {manager.py:878} INFO - 
================================================================================
DAG File Processing Stats

File Path                                  PID  Runtime      # DAGs    # Errors  Last Runtime    Last Run
---------------------------------------  -----  ---------  --------  ----------  --------------  -------------------
/opt/airflow/dags/lakehouse_pipeline.py    180  0.01s             1           0  0.15s           2026-08-29T07:44:46
================================================================================
[2026-08-29T07:45:47.342+0000] {manager.py:878} INFO - 
================================================================================
DAG File Processing Stats

File Path                                  PID  Runtime      # DAGs    # Errors  Last Runtime    Last Run
---------------------------------------  -----  ---------  --------  ----------  --------------  -------------------
/opt/airflow/dags/lakehouse_pipeline.py    185  0.01s             1           0  0.13s           2026-08-29T07:45:17
================================================================================
[2026-08-29T07:46:17.677+0000] {manager.py:878} INFO - 
================================================================================
DAG File Processing Stats

File Path                                  PID  Runtime      # DAGs    # Errors  Last Runtime    Last Run
---------------------------------------  -----  ---------  --------  ----------  --------------  -------------------
/opt/airflow/dags/lakehouse_pipeline.py    190  0.01s             1           0  0.13s           2026-08-29T07:45:47
================================================================================
[2026-08-29T07:46:47.941+0000] {manager.py:878} INFO - 
================================================================================
DAG File Processing Stats

File Path                                  PID  Runtime      # DAGs    # Errors  Last Runtime    Last Run
---------------------------------------  -----  ---------  --------  ----------  --------------  -------------------
/opt/airflow/dags/lakehouse_pipeline.py    195  0.00s             1           0  0.17s           2026-08-29T07:46:17
================================================================================
[2026-08-29T07:47:18.274+0000] {manager.py:878} INFO - 
================================================================================
DAG File Processing Stats

File Path                                  PID  Runtime      # DAGs    # Errors  Last Runtime    Last Run
---------------------------------------  -----  ---------  --------  ----------  --------------  -------------------
/opt/airflow/dags/lakehouse_pipeline.py    200  0.00s             1           0  0.13s           2026-08-29T07:46:48
================================================================================
[2026-08-29T07:47:48.523+0000] {manager.py:878} INFO - 
================================================================================
DAG File Processing Stats

File Path                                  PID  Runtime      # DAGs    # Errors  Last Runtime    Last Run
---------------------------------------  -----  ---------  --------  ----------  --------------  -------------------
/opt/airflow/dags/lakehouse_pipeline.py    205  0.00s             1           0  0.13s           2026-08-29T07:47:18
================================================================================
[2026-08-29T07:48:18.783+0000] {manager.py:878} INFO - 
================================================================================
DAG File Processing Stats

File Path                                  PID  Runtime      # DAGs    # Errors  Last Runtime    Last Run
---------------------------------------  -----  ---------  --------  ----------  --------------  -------------------
/opt/airflow/dags/lakehouse_pipeline.py    210  0.00s             1           0  0.13s           2026-08-29T07:47:48
================================================================================
[2026-08-29T07:48:45.935+0000] {manager.py:737} INFO - Searching for files in /opt/airflow/dags
[2026-08-29T07:48:45.954+0000] {manager.py:740} INFO - There are 1 files in /opt/airflow/dags
[2026-08-29T07:48:48.993+0000] {manager.py:878} INFO - 
================================================================================
DAG File Processing Stats

File Path                                  PID  Runtime      # DAGs    # Errors  Last Runtime    Last Run
---------------------------------------  -----  ---------  --------  ----------  --------------  -------------------
/opt/airflow/dags/lakehouse_pipeline.py    215  0.01s             1           0  0.14s           2026-08-29T07:48:18
================================================================================
[2026-08-29T07:49:19.282+0000] {manager.py:878} INFO - 
================================================================================
DAG File Processing Stats

File Path                                  PID  Runtime      # DAGs    # Errors  Last Runtime    Last Run
---------------------------------------  -----  ---------  --------  ----------  --------------  -------------------
/opt/airflow/dags/lakehouse_pipeline.py    220  0.01s             1           0  0.16s           2026-08-29T07:48:49
================================================================================
[2026-08-29T07:49:49.587+0000] {manager.py:878} INFO - 
================================================================================
DAG File Processing Stats

File Path                                  PID  Runtime      # DAGs    # Errors  Last Runtime    Last Run
---------------------------------------  -----  ---------  --------  ----------  --------------  -------------------
/opt/airflow/dags/lakehouse_pipeline.py    225  0.01s             1           0  0.14s           2026-08-29T07:49:19
================================================================================
[2026-08-29T07:50:19.845+0000] {manager.py:878} INFO - 
================================================================================
DAG File Processing Stats

File Path                                  PID  Runtime      # DAGs    # Errors  Last Runtime    Last Run
---------------------------------------  -----  ---------  --------  ----------  --------------  -------------------
/opt/airflow/dags/lakehouse_pipeline.py    230  0.01s             1           0  0.12s           2026-08-29T07:49:49
================================================================================
[2026-08-29T07:50:50.194+0000] {manager.py:878} INFO - 
================================================================================
DAG File Processing Stats

File Path                                  PID  Runtime      # DAGs    # Errors  Last Runtime    Last Run
---------------------------------------  -----  ---------  --------  ----------  --------------  -------------------
/opt/airflow/dags/lakehouse_pipeline.py    235  0.01s             1           0  0.17s           2026-08-29T07:50:20
================================================================================
[2026-08-29T07:51:20.391+0000] {manager.py:878} INFO - 
================================================================================
DAG File Processing Stats

File Path                                  PID  Runtime      # DAGs    # Errors  Last Runtime    Last Run
---------------------------------------  -----  ---------  --------  ----------  --------------  -------------------
/opt/airflow/dags/lakehouse_pipeline.py    240  0.01s             1           0  0.13s           2026-08-29T07:50:50
================================================================================
[2026-08-29T07:51:50.647+0000] {manager.py:878} INFO - 
================================================================================
DAG File Processing Stats

File Path                                  PID  Runtime      # DAGs    # Errors  Last Runtime    Last Run
---------------------------------------  -----  ---------  --------  ----------  --------------  -------------------
/opt/airflow/dags/lakehouse_pipeline.py    245  0.00s             1           0  0.23s           2026-08-29T07:51:20
================================================================================
[2026-08-29T07:52:21.000+0000] {manager.py:878} INFO - 
================================================================================
DAG File Processing Stats

File Path                                  PID  Runtime      # DAGs    # Errors  Last Runtime    Last Run
---------------------------------------  -----  ---------  --------  ----------  --------------  -------------------
/opt/airflow/dags/lakehouse_pipeline.py    250  0.00s             1           0  0.24s           2026-08-29T07:51:50
================================================================================
[2026-08-29T07:52:51.284+0000] {manager.py:878} INFO - 
================================================================================
DAG File Processing Stats

File Path                                  PID  Runtime      # DAGs    # Errors  Last Runtime    Last Run
---------------------------------------  -----  ---------  --------  ----------  --------------  -------------------
/opt/airflow/dags/lakehouse_pipeline.py    255  0.01s             1           0  0.22s           2026-08-29T07:52:21
================================================================================
[2026-08-29T07:53:21.526+0000] {manager.py:878} INFO - 
================================================================================
DAG File Processing Stats

File Path                                  PID  Runtime      # DAGs    # Errors  Last Runtime    Last Run
---------------------------------------  -----  ---------  --------  ----------  --------------  -------------------
/opt/airflow/dags/lakehouse_pipeline.py    260  0.01s             1           0  0.23s           2026-08-29T07:52:51
================================================================================
[2026-08-29T07:53:46.806+0000] {manager.py:737} INFO - Searching for files in /opt/airflow/dags
[2026-08-29T07:53:46.825+0000] {manager.py:740} INFO - There are 1 files in /opt/airflow/dags
[2026-08-29T07:53:51.889+0000] {manager.py:878} INFO - 
================================================================================
DAG File Processing Stats

File Path                                  PID  Runtime      # DAGs    # Errors  Last Runtime    Last Run
---------------------------------------  -----  ---------  --------  ----------  --------------  -------------------
/opt/airflow/dags/lakehouse_pipeline.py    265  0.01s             1           0  0.21s           2026-08-29T07:53:21
================================================================================
[2026-08-29T07:54:22.074+0000] {manager.py:878} INFO - 
================================================================================
DAG File Processing Stats

File Path                                PID    Runtime      # DAGs    # Errors  Last Runtime    Last Run
---------------------------------------  -----  ---------  --------  ----------  --------------  -------------------
/opt/airflow/dags/lakehouse_pipeline.py                           1           0  0.21s           2026-08-29T07:53:52
================================================================================
[2026-08-29T07:54:52.490+0000] {manager.py:878} INFO - 
================================================================================
DAG File Processing Stats

File Path                                  PID  Runtime      # DAGs    # Errors  Last Runtime    Last Run
---------------------------------------  -----  ---------  --------  ----------  --------------  -------------------
/opt/airflow/dags/lakehouse_pipeline.py    275  0.01s             1           0  0.13s           2026-08-29T07:54:22
================================================================================
[2026-08-29T07:55:22.761+0000] {manager.py:878} INFO - 
================================================================================
DAG File Processing Stats

File Path                                  PID  Runtime      # DAGs    # Errors  Last Runtime    Last Run
---------------------------------------  -----  ---------  --------  ----------  --------------  -------------------
/opt/airflow/dags/lakehouse_pipeline.py    280  0.00s             1           0  0.14s           2026-08-29T07:54:52
================================================================================
[2026-08-29T07:55:52.942+0000] {manager.py:878} INFO - 
================================================================================
DAG File Processing Stats

File Path                                  PID  Runtime      # DAGs    # Errors  Last Runtime    Last Run
---------------------------------------  -----  ---------  --------  ----------  --------------  -------------------
/opt/airflow/dags/lakehouse_pipeline.py    285  0.00s             1           0  0.16s           2026-08-29T07:55:22
================================================================================
[2026-08-29T07:56:23.272+0000] {manager.py:878} INFO - 
================================================================================
DAG File Processing Stats

File Path                                  PID  Runtime      # DAGs    # Errors  Last Runtime    Last Run
---------------------------------------  -----  ---------  --------  ----------  --------------  -------------------
/opt/airflow/dags/lakehouse_pipeline.py    290  0.01s             1           0  0.17s           2026-08-29T07:55:53
================================================================================
[2026-08-29T07:56:53.516+0000] {manager.py:878} INFO - 
================================================================================
DAG File Processing Stats

File Path                                  PID  Runtime      # DAGs    # Errors  Last Runtime    Last Run
---------------------------------------  -----  ---------  --------  ----------  --------------  -------------------
/opt/airflow/dags/lakehouse_pipeline.py    295  0.00s             1           0  0.16s           2026-08-29T07:56:23
================================================================================
[2026-08-29T07:57:23.785+0000] {manager.py:878} INFO - 
================================================================================
DAG File Processing Stats

File Path                                  PID  Runtime      # DAGs    # Errors  Last Runtime    Last Run
---------------------------------------  -----  ---------  --------  ----------  --------------  -------------------
/opt/airflow/dags/lakehouse_pipeline.py    300  0.00s             1           0  0.14s           2026-08-29T07:56:53
================================================================================
[2026-08-29T07:57:54.003+0000] {manager.py:878} INFO - 
================================================================================
DAG File Processing Stats

File Path                                  PID  Runtime      # DAGs    # Errors  Last Runtime    Last Run
---------------------------------------  -----  ---------  --------  ----------  --------------  -------------------
/opt/airflow/dags/lakehouse_pipeline.py    305  0.00s             1           0  0.16s           2026-08-29T07:57:23
================================================================================
[2026-08-29T07:58:24.250+0000] {manager.py:878} INFO - 
================================================================================
DAG File Processing Stats

File Path                                  PID  Runtime      # DAGs    # Errors  Last Runtime    Last Run
---------------------------------------  -----  ---------  --------  ----------  --------------  -------------------
/opt/airflow/dags/lakehouse_pipeline.py    310  0.00s             1           0  0.16s           2026-08-29T07:57:54
================================================================================
[2026-08-29T07:58:47.448+0000] {manager.py:737} INFO - Searching for files in /opt/airflow/dags
[2026-08-29T07:58:47.476+0000] {manager.py:740} INFO - There are 1 files in /opt/airflow/dags
[2026-08-29T07:58:54.535+0000] {manager.py:878} INFO - 
================================================================================
DAG File Processing Stats

File Path                                  PID  Runtime      # DAGs    # Errors  Last Runtime    Last Run
---------------------------------------  -----  ---------  --------  ----------  --------------  -------------------
/opt/airflow/dags/lakehouse_pipeline.py    315  0.00s             1           0  0.13s           2026-08-29T07:58:24
================================================================================
[2026-08-29T07:59:24.720+0000] {manager.py:878} INFO - 
================================================================================
DAG File Processing Stats

File Path                                  PID  Runtime      # DAGs    # Errors  Last Runtime    Last Run
---------------------------------------  -----  ---------  --------  ----------  --------------  -------------------
/opt/airflow/dags/lakehouse_pipeline.py    320  0.00s             1           0  0.16s           2026-08-29T07:58:54
================================================================================
[2026-08-29T07:59:55.099+0000] {manager.py:878} INFO - 
================================================================================
DAG File Processing Stats

File Path                                  PID  Runtime      # DAGs    # Errors  Last Runtime    Last Run
---------------------------------------  -----  ---------  --------  ----------  --------------  -------------------
/opt/airflow/dags/lakehouse_pipeline.py    325  0.01s             1           0  0.16s           2026-08-29T07:59:24
================================================================================
[2026-08-29T08:00:25.414+0000] {manager.py:878} INFO - 
================================================================================
DAG File Processing Stats

File Path                                  PID  Runtime      # DAGs    # Errors  Last Runtime    Last Run
---------------------------------------  -----  ---------  --------  ----------  --------------  -------------------
/opt/airflow/dags/lakehouse_pipeline.py    330  0.01s             1           0  0.14s           2026-08-29T07:59:55
================================================================================
[2026-08-29T08:00:55.741+0000] {manager.py:878} INFO - 
================================================================================
DAG File Processing Stats

File Path                                  PID  Runtime      # DAGs    # Errors  Last Runtime    Last Run
---------------------------------------  -----  ---------  --------  ----------  --------------  -------------------
/opt/airflow/dags/lakehouse_pipeline.py    335  0.01s             1           0  0.12s           2026-08-29T08:00:25
================================================================================
[2026-08-29T08:01:26.008+0000] {manager.py:878} INFO - 
================================================================================
DAG File Processing Stats

File Path                                  PID  Runtime      # DAGs    # Errors  Last Runtime    Last Run
---------------------------------------  -----  ---------  --------  ----------  --------------  -------------------
/opt/airflow/dags/lakehouse_pipeline.py    340  0.00s             1           0  0.12s           2026-08-29T08:00:55
================================================================================
[2026-08-29T08:01:56.344+0000] {manager.py:878} INFO - 
================================================================================
DAG File Processing Stats

File Path                                  PID  Runtime      # DAGs    # Errors  Last Runtime    Last Run
---------------------------------------  -----  ---------  --------  ----------  --------------  -------------------
/opt/airflow/dags/lakehouse_pipeline.py    345  0.00s             1           0  0.13s           2026-08-29T08:01:26
================================================================================
[2026-08-29T08:02:26.593+0000] {manager.py:878} INFO - 
================================================================================
DAG File Processing Stats

File Path                                  PID  Runtime      # DAGs    # Errors  Last Runtime    Last Run
---------------------------------------  -----  ---------  --------  ----------  --------------  -------------------
/opt/airflow/dags/lakehouse_pipeline.py    350  0.00s             1           0  0.12s           2026-08-29T08:01:56
================================================================================
[2026-08-29T08:02:56.954+0000] {manager.py:878} INFO - 
================================================================================
DAG File Processing Stats

File Path                                  PID  Runtime      # DAGs    # Errors  Last Runtime    Last Run
---------------------------------------  -----  ---------  --------  ----------  --------------  -------------------
/opt/airflow/dags/lakehouse_pipeline.py    355  0.01s             1           0  0.12s           2026-08-29T08:02:26
================================================================================
[2026-08-29T08:03:27.263+0000] {manager.py:878} INFO - 
================================================================================
DAG File Processing Stats

File Path                                  PID  Runtime      # DAGs    # Errors  Last Runtime    Last Run
---------------------------------------  -----  ---------  --------  ----------  --------------  -------------------
/opt/airflow/dags/lakehouse_pipeline.py    360  0.01s             1           0  0.24s           2026-08-29T08:02:57
================================================================================
[2026-08-29T08:03:47.514+0000] {manager.py:737} INFO - Searching for files in /opt/airflow/dags
[2026-08-29T08:03:47.547+0000] {manager.py:740} INFO - There are 1 files in /opt/airflow/dags
[2026-08-29T08:03:57.650+0000] {manager.py:878} INFO - 
================================================================================
DAG File Processing Stats

File Path                                  PID  Runtime      # DAGs    # Errors  Last Runtime    Last Run
---------------------------------------  -----  ---------  --------  ----------  --------------  -------------------
/opt/airflow/dags/lakehouse_pipeline.py    365  0.01s             1           0  0.29s           2026-08-29T08:03:27
================================================================================
[2026-08-29T08:04:27.908+0000] {manager.py:878} INFO - 
================================================================================
DAG File Processing Stats

File Path                                PID    Runtime      # DAGs    # Errors  Last Runtime    Last Run
---------------------------------------  -----  ---------  --------  ----------  --------------  -------------------
/opt/airflow/dags/lakehouse_pipeline.py                           1           0  0.29s           2026-08-29T08:03:57
================================================================================
[2026-08-29T08:04:58.371+0000] {manager.py:878} INFO - 
================================================================================
DAG File Processing Stats

File Path                                  PID  Runtime      # DAGs    # Errors  Last Runtime    Last Run
---------------------------------------  -----  ---------  --------  ----------  --------------  -------------------
/opt/airflow/dags/lakehouse_pipeline.py    375  0.01s             1           0  0.13s           2026-08-29T08:04:28
================================================================================
[2026-08-29T08:05:28.669+0000] {manager.py:878} INFO - 
================================================================================
DAG File Processing Stats

File Path                                  PID  Runtime      # DAGs    # Errors  Last Runtime    Last Run
---------------------------------------  -----  ---------  --------  ----------  --------------  -------------------
/opt/airflow/dags/lakehouse_pipeline.py    380  0.00s             1           0  0.13s           2026-08-29T08:04:58
================================================================================
[2026-08-29T08:05:58.926+0000] {manager.py:878} INFO - 
================================================================================
DAG File Processing Stats

File Path                                  PID  Runtime      # DAGs    # Errors  Last Runtime    Last Run
---------------------------------------  -----  ---------  --------  ----------  --------------  -------------------
/opt/airflow/dags/lakehouse_pipeline.py    385  0.01s             1           0  0.14s           2026-08-29T08:05:28
================================================================================
[2026-08-29T08:06:29.273+0000] {manager.py:878} INFO - 
================================================================================
DAG File Processing Stats

File Path                                  PID  Runtime      # DAGs    # Errors  Last Runtime    Last Run
---------------------------------------  -----  ---------  --------  ----------  --------------  -------------------
/opt/airflow/dags/lakehouse_pipeline.py    390  0.00s             1           0  0.13s           2026-08-29T08:05:59
================================================================================
[2026-08-29T08:06:59.521+0000] {manager.py:878} INFO - 
================================================================================
DAG File Processing Stats

File Path                                  PID  Runtime      # DAGs    # Errors  Last Runtime    Last Run
---------------------------------------  -----  ---------  --------  ----------  --------------  -------------------
/opt/airflow/dags/lakehouse_pipeline.py    395  0.01s             1           0  0.22s           2026-08-29T08:06:29
================================================================================
[2026-08-29T08:07:29.744+0000] {manager.py:878} INFO - 
================================================================================
DAG File Processing Stats

File Path                                  PID  Runtime      # DAGs    # Errors  Last Runtime    Last Run
---------------------------------------  -----  ---------  --------  ----------  --------------  -------------------
/opt/airflow/dags/lakehouse_pipeline.py    400  0.00s             1           0  0.15s           2026-08-29T08:06:59
================================================================================
[2026-08-29T08:08:00.085+0000] {manager.py:878} INFO - 
================================================================================
DAG File Processing Stats

File Path                                  PID  Runtime      # DAGs    # Errors  Last Runtime    Last Run
---------------------------------------  -----  ---------  --------  ----------  --------------  -------------------
/opt/airflow/dags/lakehouse_pipeline.py    405  0.00s             1           0  0.16s           2026-08-29T08:07:29
================================================================================
[2026-08-29T08:08:30.343+0000] {manager.py:878} INFO - 
================================================================================
DAG File Processing Stats

File Path                                  PID  Runtime      # DAGs    # Errors  Last Runtime    Last Run
---------------------------------------  -----  ---------  --------  ----------  --------------  -------------------
/opt/airflow/dags/lakehouse_pipeline.py    410  0.00s             1           0  0.14s           2026-08-29T08:08:00
================================================================================
[2026-08-29T08:08:47.543+0000] {manager.py:737} INFO - Searching for files in /opt/airflow/dags
[2026-08-29T08:08:47.569+0000] {manager.py:740} INFO - There are 1 files in /opt/airflow/dags
[2026-08-29T08:09:00.698+0000] {manager.py:878} INFO - 
================================================================================
DAG File Processing Stats

File Path                                  PID  Runtime      # DAGs    # Errors  Last Runtime    Last Run
---------------------------------------  -----  ---------  --------  ----------  --------------  -------------------
/opt/airflow/dags/lakehouse_pipeline.py    415  0.01s             1           0  0.14s           2026-08-29T08:08:30
================================================================================
[2026-08-29T08:09:30.978+0000] {manager.py:878} INFO - 
================================================================================
DAG File Processing Stats

File Path                                  PID  Runtime      # DAGs    # Errors  Last Runtime    Last Run
---------------------------------------  -----  ---------  --------  ----------  --------------  -------------------
/opt/airflow/dags/lakehouse_pipeline.py    420  0.01s             1           0  0.14s           2026-08-29T08:09:00
================================================================================
[2026-08-29T08:10:01.222+0000] {manager.py:878} INFO - 
================================================================================
DAG File Processing Stats

File Path                                  PID  Runtime      # DAGs    # Errors  Last Runtime    Last Run
---------------------------------------  -----  ---------  --------  ----------  --------------  -------------------
/opt/airflow/dags/lakehouse_pipeline.py    425  0.01s             1           0  0.12s           2026-08-29T08:09:31
================================================================================
[2026-08-29T08:10:31.732+0000] {manager.py:878} INFO - 
================================================================================
DAG File Processing Stats

File Path                                PID    Runtime      # DAGs    # Errors  Last Runtime    Last Run
---------------------------------------  -----  ---------  --------  ----------  --------------  -------------------
/opt/airflow/dags/lakehouse_pipeline.py                           1           0  0.58s           2026-08-29T08:10:01
================================================================================
[2026-08-29T08:11:02.201+0000] {manager.py:878} INFO - 
================================================================================
DAG File Processing Stats

File Path                                PID    Runtime      # DAGs    # Errors  Last Runtime    Last Run
---------------------------------------  -----  ---------  --------  ----------  --------------  -------------------
/opt/airflow/dags/lakehouse_pipeline.py                           1           0  0.16s           2026-08-29T08:10:32
================================================================================
[2026-08-29T08:11:32.655+0000] {manager.py:878} INFO - 
================================================================================
DAG File Processing Stats

File Path                                  PID  Runtime      # DAGs    # Errors  Last Runtime    Last Run
---------------------------------------  -----  ---------  --------  ----------  --------------  -------------------
/opt/airflow/dags/lakehouse_pipeline.py    440  0.01s             1           0  0.15s           2026-08-29T08:11:02
================================================================================
[2026-08-29T08:12:03.004+0000] {manager.py:878} INFO - 
================================================================================
DAG File Processing Stats

File Path                                  PID  Runtime      # DAGs    # Errors  Last Runtime    Last Run
---------------------------------------  -----  ---------  --------  ----------  --------------  -------------------
/opt/airflow/dags/lakehouse_pipeline.py    445  0.01s             1           0  0.14s           2026-08-29T08:11:32
================================================================================
[2026-08-29T08:12:33.232+0000] {manager.py:878} INFO - 
================================================================================
DAG File Processing Stats

File Path                                  PID  Runtime      # DAGs    # Errors  Last Runtime    Last Run
---------------------------------------  -----  ---------  --------  ----------  --------------  -------------------
/opt/airflow/dags/lakehouse_pipeline.py    450  0.01s             1           0  0.13s           2026-08-29T08:12:03
================================================================================
[2026-08-29T08:13:03.575+0000] {manager.py:878} INFO - 
================================================================================
DAG File Processing Stats

File Path                                  PID  Runtime      # DAGs    # Errors  Last Runtime    Last Run
---------------------------------------  -----  ---------  --------  ----------  --------------  -------------------
/opt/airflow/dags/lakehouse_pipeline.py    455  0.01s             1           0  0.22s           2026-08-29T08:12:33
================================================================================
[2026-08-29T08:13:33.921+0000] {manager.py:878} INFO - 
================================================================================
DAG File Processing Stats

File Path                                PID    Runtime      # DAGs    # Errors  Last Runtime    Last Run
---------------------------------------  -----  ---------  --------  ----------  --------------  -------------------
/opt/airflow/dags/lakehouse_pipeline.py                           1           0  0.41s           2026-08-29T08:13:03
================================================================================
[2026-08-29T08:13:48.264+0000] {manager.py:737} INFO - Searching for files in /opt/airflow/dags
[2026-08-29T08:13:48.284+0000] {manager.py:740} INFO - There are 1 files in /opt/airflow/dags
[2026-08-29T08:14:04.415+0000] {manager.py:878} INFO - 
================================================================================
DAG File Processing Stats

File Path                                  PID  Runtime      # DAGs    # Errors  Last Runtime    Last Run
---------------------------------------  -----  ---------  --------  ----------  --------------  -------------------
/opt/airflow/dags/lakehouse_pipeline.py    465  0.01s             1           0  0.16s           2026-08-29T08:13:34
================================================================================
[2026-08-29T08:14:34.694+0000] {manager.py:878} INFO - 
================================================================================
DAG File Processing Stats

File Path                                  PID  Runtime      # DAGs    # Errors  Last Runtime    Last Run
---------------------------------------  -----  ---------  --------  ----------  --------------  -------------------
/opt/airflow/dags/lakehouse_pipeline.py    470  0.01s             1           0  0.22s           2026-08-29T08:14:04
================================================================================
[2026-08-29T08:15:04.997+0000] {manager.py:878} INFO - 
================================================================================
DAG File Processing Stats

File Path                                  PID  Runtime      # DAGs    # Errors  Last Runtime    Last Run
---------------------------------------  -----  ---------  --------  ----------  --------------  -------------------
/opt/airflow/dags/lakehouse_pipeline.py    475  0.01s             1           0  0.16s           2026-08-29T08:14:34
================================================================================
[2026-08-29T08:15:23.296+0000] {manager.py:452} INFO - Exiting gracefully upon receiving signal 15
[2026-08-29T08:15:51.433+0000] {manager.py:470} INFO - Processing files using up to 2 processes at a time 
[2026-08-29T08:15:51.433+0000] {manager.py:471} INFO - Process each file at most once every 30 seconds
[2026-08-29T08:15:51.434+0000] {manager.py:472} INFO - Checking for new files in /opt/airflow/dags every 300 seconds
[2026-08-29T08:15:51.434+0000] {manager.py:737} INFO - Searching for files in /opt/airflow/dags
[2026-08-29T08:15:51.451+0000] {manager.py:740} INFO - There are 1 files in /opt/airflow/dags
[2026-08-29T08:15:51.536+0000] {manager.py:878} INFO - 
================================================================================
DAG File Processing Stats

File Path                                  PID  Runtime      # DAGs    # Errors  Last Runtime    Last Run
---------------------------------------  -----  ---------  --------  ----------  --------------  ----------
/opt/airflow/dags/lakehouse_pipeline.py    167  0.04s             0           0
================================================================================
[2026-08-29T08:16:21.755+0000] {manager.py:878} INFO - 
================================================================================
DAG File Processing Stats

File Path                                PID    Runtime      # DAGs    # Errors  Last Runtime    Last Run
---------------------------------------  -----  ---------  --------  ----------  --------------  -------------------
/opt/airflow/dags/lakehouse_pipeline.py                           1           0  0.43s           2026-08-29T08:15:51
================================================================================
[2026-08-29T08:16:52.306+0000] {manager.py:878} INFO - 
================================================================================
DAG File Processing Stats

File Path                                  PID  Runtime      # DAGs    # Errors  Last Runtime    Last Run
---------------------------------------  -----  ---------  --------  ----------  --------------  -------------------
/opt/airflow/dags/lakehouse_pipeline.py    177  0.01s             1           0  0.14s           2026-08-29T08:16:22
================================================================================
[2026-08-29T08:17:22.628+0000] {manager.py:878} INFO - 
================================================================================
DAG File Processing Stats

File Path                                  PID  Runtime      # DAGs    # Errors  Last Runtime    Last Run
---------------------------------------  -----  ---------  --------  ----------  --------------  -------------------
/opt/airflow/dags/lakehouse_pipeline.py    182  0.00s             1           0  0.16s           2026-08-29T08:16:52
================================================================================
[2026-08-29T08:17:52.863+0000] {manager.py:878} INFO - 
================================================================================
DAG File Processing Stats

File Path                                  PID  Runtime      # DAGs    # Errors  Last Runtime    Last Run
---------------------------------------  -----  ---------  --------  ----------  --------------  -------------------
/opt/airflow/dags/lakehouse_pipeline.py    193  0.01s             1           0  0.13s           2026-08-29T08:17:22
================================================================================
[2026-08-29T08:18:23.183+0000] {manager.py:878} INFO - 
================================================================================
DAG File Processing Stats

File Path                                  PID  Runtime      # DAGs    # Errors  Last Runtime    Last Run
---------------------------------------  -----  ---------  --------  ----------  --------------  -------------------
/opt/airflow/dags/lakehouse_pipeline.py    198  0.01s             1           0  0.13s           2026-08-29T08:17:52
================================================================================
[2026-08-29T08:18:53.502+0000] {manager.py:878} INFO - 
================================================================================
DAG File Processing Stats

File Path                                  PID  Runtime      # DAGs    # Errors  Last Runtime    Last Run
---------------------------------------  -----  ---------  --------  ----------  --------------  -------------------
/opt/airflow/dags/lakehouse_pipeline.py    463  0.01s             1           0  0.13s           2026-08-29T08:18:23
================================================================================
[2026-08-29T08:19:23.715+0000] {manager.py:878} INFO - 
================================================================================
DAG File Processing Stats

File Path                                PID    Runtime      # DAGs    # Errors  Last Runtime    Last Run
---------------------------------------  -----  ---------  --------  ----------  --------------  -------------------
/opt/airflow/dags/lakehouse_pipeline.py                           1           0  0.96s           2026-08-29T08:18:54
================================================================================
[2026-08-29T08:19:54.015+0000] {manager.py:878} INFO - 
================================================================================
DAG File Processing Stats

File Path                                PID    Runtime      # DAGs    # Errors  Last Runtime    Last Run
---------------------------------------  -----  ---------  --------  ----------  --------------  -------------------
/opt/airflow/dags/lakehouse_pipeline.py                           1           0  0.69s           2026-08-29T08:19:25
================================================================================
[2026-08-29T08:20:24.427+0000] {manager.py:878} INFO - 
================================================================================
DAG File Processing Stats

File Path                                PID    Runtime      # DAGs    # Errors  Last Runtime    Last Run
---------------------------------------  -----  ---------  --------  ----------  --------------  -------------------
/opt/airflow/dags/lakehouse_pipeline.py                           1           0  0.78s           2026-08-29T08:19:56
================================================================================
[2026-08-29T08:20:52.052+0000] {manager.py:737} INFO - Searching for files in /opt/airflow/dags
[2026-08-29T08:20:52.125+0000] {manager.py:740} INFO - There are 1 files in /opt/airflow/dags
[2026-08-29T08:20:54.636+0000] {manager.py:878} INFO - 
================================================================================
DAG File Processing Stats

File Path                                PID    Runtime      # DAGs    # Errors  Last Runtime    Last Run
---------------------------------------  -----  ---------  --------  ----------  --------------  -------------------
/opt/airflow/dags/lakehouse_pipeline.py                           1           0  0.31s           2026-08-29T08:20:27
================================================================================
[2026-08-29T08:21:24.946+0000] {manager.py:878} INFO - 
================================================================================
DAG File Processing Stats

File Path                                PID    Runtime      # DAGs    # Errors  Last Runtime    Last Run
---------------------------------------  -----  ---------  --------  ----------  --------------  -------------------
/opt/airflow/dags/lakehouse_pipeline.py                           1           0  2.45s           2026-08-29T08:21:00
================================================================================
[2026-08-29T08:21:55.739+0000] {manager.py:878} INFO - 
================================================================================
DAG File Processing Stats

File Path                                PID    Runtime      # DAGs    # Errors  Last Runtime    Last Run
---------------------------------------  -----  ---------  --------  ----------  --------------  -------------------
/opt/airflow/dags/lakehouse_pipeline.py                           1           0  0.21s           2026-08-29T08:21:30
================================================================================
[2026-08-29T08:22:26.121+0000] {manager.py:878} INFO - 
================================================================================
DAG File Processing Stats

File Path                                PID    Runtime      # DAGs    # Errors  Last Runtime    Last Run
---------------------------------------  -----  ---------  --------  ----------  --------------  -------------------
/opt/airflow/dags/lakehouse_pipeline.py                           1           0  0.31s           2026-08-29T08:22:01
================================================================================
[2026-08-29T08:22:56.774+0000] {manager.py:878} INFO - 
================================================================================
DAG File Processing Stats

File Path                                PID    Runtime      # DAGs    # Errors  Last Runtime    Last Run
---------------------------------------  -----  ---------  --------  ----------  --------------  -------------------
/opt/airflow/dags/lakehouse_pipeline.py                           1           0  0.41s           2026-08-29T08:22:31
================================================================================
[2026-08-29T08:23:27.306+0000] {manager.py:878} INFO - 
================================================================================
DAG File Processing Stats

File Path                                PID    Runtime      # DAGs    # Errors  Last Runtime    Last Run
---------------------------------------  -----  ---------  --------  ----------  --------------  -------------------
/opt/airflow/dags/lakehouse_pipeline.py                           1           0  0.28s           2026-08-29T08:23:02
================================================================================
[2026-08-29T08:23:57.712+0000] {manager.py:878} INFO - 
================================================================================
DAG File Processing Stats

File Path                                PID    Runtime      # DAGs    # Errors  Last Runtime    Last Run
---------------------------------------  -----  ---------  --------  ----------  --------------  -------------------
/opt/airflow/dags/lakehouse_pipeline.py                           1           0  0.27s           2026-08-29T08:23:32
================================================================================
[2026-08-29T08:24:28.344+0000] {manager.py:878} INFO - 
================================================================================
DAG File Processing Stats

File Path                                PID    Runtime      # DAGs    # Errors  Last Runtime    Last Run
---------------------------------------  -----  ---------  --------  ----------  --------------  -------------------
/opt/airflow/dags/lakehouse_pipeline.py                           1           0  0.26s           2026-08-29T08:24:03
================================================================================
[2026-08-29T08:24:58.740+0000] {manager.py:878} INFO - 
================================================================================
DAG File Processing Stats

File Path                                PID    Runtime      # DAGs    # Errors  Last Runtime    Last Run
---------------------------------------  -----  ---------  --------  ----------  --------------  -------------------
/opt/airflow/dags/lakehouse_pipeline.py                           1           0  0.29s           2026-08-29T08:24:33
================================================================================
[2026-08-29T08:25:29.342+0000] {manager.py:878} INFO - 
================================================================================
DAG File Processing Stats

File Path                                PID    Runtime      # DAGs    # Errors  Last Runtime    Last Run
---------------------------------------  -----  ---------  --------  ----------  --------------  -------------------
/opt/airflow/dags/lakehouse_pipeline.py                           1           0  0.35s           2026-08-29T08:25:04
================================================================================
[2026-08-29T08:25:52.716+0000] {manager.py:737} INFO - Searching for files in /opt/airflow/dags
[2026-08-29T08:25:52.765+0000] {manager.py:740} INFO - There are 1 files in /opt/airflow/dags
[2026-08-29T08:25:59.888+0000] {manager.py:878} INFO - 
================================================================================
DAG File Processing Stats

File Path                                PID    Runtime      # DAGs    # Errors  Last Runtime    Last Run
---------------------------------------  -----  ---------  --------  ----------  --------------  -------------------
/opt/airflow/dags/lakehouse_pipeline.py                           1           0  0.32s           2026-08-29T08:25:34
================================================================================
[2026-08-29T08:26:30.354+0000] {manager.py:878} INFO - 
================================================================================
DAG File Processing Stats

File Path                                PID    Runtime      # DAGs    # Errors  Last Runtime    Last Run
---------------------------------------  -----  ---------  --------  ----------  --------------  -------------------
/opt/airflow/dags/lakehouse_pipeline.py                           1           0  0.29s           2026-08-29T08:26:05
================================================================================
[2026-08-29T08:27:00.909+0000] {manager.py:878} INFO - 
================================================================================
DAG File Processing Stats

File Path                                PID    Runtime      # DAGs    # Errors  Last Runtime    Last Run
---------------------------------------  -----  ---------  --------  ----------  --------------  -------------------
/opt/airflow/dags/lakehouse_pipeline.py                           1           0  0.40s           2026-08-29T08:26:35
================================================================================
[2026-08-29T08:27:31.452+0000] {manager.py:878} INFO - 
================================================================================
DAG File Processing Stats

File Path                                PID    Runtime      # DAGs    # Errors  Last Runtime    Last Run
---------------------------------------  -----  ---------  --------  ----------  --------------  -------------------
/opt/airflow/dags/lakehouse_pipeline.py                           1           0  0.49s           2026-08-29T08:27:06
================================================================================
[2026-08-29T08:28:02.179+0000] {manager.py:878} INFO - 
================================================================================
DAG File Processing Stats

File Path                                PID    Runtime      # DAGs    # Errors  Last Runtime    Last Run
---------------------------------------  -----  ---------  --------  ----------  --------------  -------------------
/opt/airflow/dags/lakehouse_pipeline.py                           1           0  0.29s           2026-08-29T08:27:36
================================================================================
[2026-08-29T08:28:32.512+0000] {manager.py:878} INFO - 
================================================================================
DAG File Processing Stats

File Path                                PID    Runtime      # DAGs    # Errors  Last Runtime    Last Run
---------------------------------------  -----  ---------  --------  ----------  --------------  -------------------
/opt/airflow/dags/lakehouse_pipeline.py                           1           0  0.28s           2026-08-29T08:28:07
================================================================================
[2026-08-29T08:29:02.523+0000] {manager.py:878} INFO - 
================================================================================
DAG File Processing Stats

File Path                                PID    Runtime      # DAGs    # Errors  Last Runtime    Last Run
---------------------------------------  -----  ---------  --------  ----------  --------------  -------------------
/opt/airflow/dags/lakehouse_pipeline.py                           1           0  0.70s           2026-08-29T08:28:38
================================================================================
[2026-08-29T08:29:32.852+0000] {manager.py:878} INFO - 
================================================================================
DAG File Processing Stats

File Path                                PID    Runtime      # DAGs    # Errors  Last Runtime    Last Run
---------------------------------------  -----  ---------  --------  ----------  --------------  -------------------
/opt/airflow/dags/lakehouse_pipeline.py                           1           0  0.34s           2026-08-29T08:29:08
================================================================================
[2026-08-29T08:30:03.093+0000] {manager.py:878} INFO - 
================================================================================
DAG File Processing Stats

File Path                                PID    Runtime      # DAGs    # Errors  Last Runtime    Last Run
---------------------------------------  -----  ---------  --------  ----------  --------------  -------------------
/opt/airflow/dags/lakehouse_pipeline.py                           1           0  0.49s           2026-08-29T08:29:39
================================================================================
[2026-08-29T08:30:33.426+0000] {manager.py:878} INFO - 
================================================================================
DAG File Processing Stats

File Path                                PID    Runtime      # DAGs    # Errors  Last Runtime    Last Run
---------------------------------------  -----  ---------  --------  ----------  --------------  -------------------
/opt/airflow/dags/lakehouse_pipeline.py                           1           0  0.41s           2026-08-29T08:30:10
================================================================================
[2026-08-29T08:30:53.033+0000] {manager.py:737} INFO - Searching for files in /opt/airflow/dags
[2026-08-29T08:30:53.075+0000] {manager.py:740} INFO - There are 1 files in /opt/airflow/dags
[2026-08-29T08:31:03.628+0000] {manager.py:878} INFO - 
================================================================================
DAG File Processing Stats

File Path                                PID    Runtime      # DAGs    # Errors  Last Runtime    Last Run
---------------------------------------  -----  ---------  --------  ----------  --------------  -------------------
/opt/airflow/dags/lakehouse_pipeline.py                           1           0  0.36s           2026-08-29T08:30:41
================================================================================
[2026-08-29T08:31:33.897+0000] {manager.py:878} INFO - 
================================================================================
DAG File Processing Stats

File Path                                PID    Runtime      # DAGs    # Errors  Last Runtime    Last Run
---------------------------------------  -----  ---------  --------  ----------  --------------  -------------------
/opt/airflow/dags/lakehouse_pipeline.py                           1           0  0.39s           2026-08-29T08:31:11
================================================================================
[2026-08-29T08:32:04.113+0000] {manager.py:878} INFO - 
================================================================================
DAG File Processing Stats

File Path                                PID    Runtime      # DAGs    # Errors  Last Runtime    Last Run
---------------------------------------  -----  ---------  --------  ----------  --------------  -------------------
/opt/airflow/dags/lakehouse_pipeline.py                           1           0  0.33s           2026-08-29T08:31:42
================================================================================
[2026-08-29T08:32:34.649+0000] {manager.py:878} INFO - 
================================================================================
DAG File Processing Stats

File Path                                PID    Runtime      # DAGs    # Errors  Last Runtime    Last Run
---------------------------------------  -----  ---------  --------  ----------  --------------  -------------------
/opt/airflow/dags/lakehouse_pipeline.py                           1           0  0.13s           2026-08-29T08:32:12
================================================================================
[2026-08-29T08:33:04.994+0000] {manager.py:878} INFO - 
================================================================================
DAG File Processing Stats

File Path                                PID    Runtime      # DAGs    # Errors  Last Runtime    Last Run
---------------------------------------  -----  ---------  --------  ----------  --------------  -------------------
/opt/airflow/dags/lakehouse_pipeline.py                           1           0  0.14s           2026-08-29T08:32:42
================================================================================
[2026-08-29T08:33:35.243+0000] {manager.py:878} INFO - 
================================================================================
DAG File Processing Stats

File Path                                PID    Runtime      # DAGs    # Errors  Last Runtime    Last Run
---------------------------------------  -----  ---------  --------  ----------  --------------  -------------------
/opt/airflow/dags/lakehouse_pipeline.py                           1           0  0.14s           2026-08-29T08:33:13
================================================================================
[2026-08-29T08:34:05.582+0000] {manager.py:878} INFO - 
================================================================================
DAG File Processing Stats

File Path                                PID    Runtime      # DAGs    # Errors  Last Runtime    Last Run
---------------------------------------  -----  ---------  --------  ----------  --------------  -------------------
/opt/airflow/dags/lakehouse_pipeline.py                           1           0  0.14s           2026-08-29T08:33:43
================================================================================
[2026-08-29T08:34:36.142+0000] {manager.py:878} INFO - 
================================================================================
DAG File Processing Stats

File Path                                PID    Runtime      # DAGs    # Errors  Last Runtime    Last Run
---------------------------------------  -----  ---------  --------  ----------  --------------  -------------------
/opt/airflow/dags/lakehouse_pipeline.py                           1           0  0.18s           2026-08-29T08:34:13
================================================================================
[2026-08-29T08:35:06.356+0000] {manager.py:878} INFO - 
================================================================================
DAG File Processing Stats

File Path                                PID    Runtime      # DAGs    # Errors  Last Runtime    Last Run
---------------------------------------  -----  ---------  --------  ----------  --------------  -------------------
/opt/airflow/dags/lakehouse_pipeline.py                           1           0  0.14s           2026-08-29T08:34:44
================================================================================
[2026-08-29T08:35:36.640+0000] {manager.py:878} INFO - 
================================================================================
DAG File Processing Stats

File Path                                PID    Runtime      # DAGs    # Errors  Last Runtime    Last Run
---------------------------------------  -----  ---------  --------  ----------  --------------  -------------------
/opt/airflow/dags/lakehouse_pipeline.py                           1           0  0.14s           2026-08-29T08:35:14
================================================================================
[2026-08-29T08:35:53.783+0000] {manager.py:737} INFO - Searching for files in /opt/airflow/dags
[2026-08-29T08:35:53.802+0000] {manager.py:740} INFO - There are 1 files in /opt/airflow/dags
[2026-08-29T08:36:06.885+0000] {manager.py:878} INFO - 
================================================================================
DAG File Processing Stats

File Path                                PID    Runtime      # DAGs    # Errors  Last Runtime    Last Run
---------------------------------------  -----  ---------  --------  ----------  --------------  -------------------
/opt/airflow/dags/lakehouse_pipeline.py                           1           0  0.15s           2026-08-29T08:35:44
================================================================================
[2026-08-29T08:36:37.158+0000] {manager.py:878} INFO - 
================================================================================
DAG File Processing Stats

File Path                                PID    Runtime      # DAGs    # Errors  Last Runtime    Last Run
---------------------------------------  -----  ---------  --------  ----------  --------------  -------------------
/opt/airflow/dags/lakehouse_pipeline.py                           1           0  0.15s           2026-08-29T08:36:15
================================================================================
[2026-08-29T08:37:07.432+0000] {manager.py:878} INFO - 
================================================================================
DAG File Processing Stats

File Path                                PID    Runtime      # DAGs    # Errors  Last Runtime    Last Run
---------------------------------------  -----  ---------  --------  ----------  --------------  -------------------
/opt/airflow/dags/lakehouse_pipeline.py                           1           0  0.14s           2026-08-29T08:36:45
================================================================================
[2026-08-29T08:37:37.756+0000] {manager.py:878} INFO - 
================================================================================
DAG File Processing Stats

File Path                                PID    Runtime      # DAGs    # Errors  Last Runtime    Last Run
---------------------------------------  -----  ---------  --------  ----------  --------------  -------------------
/opt/airflow/dags/lakehouse_pipeline.py                           1           0  0.16s           2026-08-29T08:37:15
================================================================================
