[2026-08-29T07:43:45.664+0000] {processor.py:161} INFO - Started process (PID=165) to work on /opt/airflow/dags/lakehouse_pipeline.py
[2026-08-29T07:43:45.666+0000] {processor.py:830} INFO - Processing file /opt/airflow/dags/lakehouse_pipeline.py for tasks to queue
[2026-08-29T07:43:45.669+0000] {logging_mixin.py:188} INFO - [2026-08-29T07:43:45.669+0000] {dagbag.py:545} INFO - Filling up the DagBag from /opt/airflow/dags/lakehouse_pipeline.py
[2026-08-29T07:43:45.716+0000] {processor.py:840} INFO - DAG(s) 'lakehouse_pipeline' retrieved from /opt/airflow/dags/lakehouse_pipeline.py
[2026-08-29T07:43:46.216+0000] {logging_mixin.py:188} INFO - [2026-08-29T07:43:46.216+0000] {dag.py:3089} INFO - Sync 1 DAGs
[2026-08-29T07:43:46.237+0000] {logging_mixin.py:188} INFO - [2026-08-29T07:43:46.236+0000] {dag.py:3947} INFO - Setting next_dagrun for lakehouse_pipeline to None, run_after=None
[2026-08-29T07:43:46.270+0000] {processor.py:183} INFO - Processing /opt/airflow/dags/lakehouse_pipeline.py took 0.617 seconds
[2026-08-29T07:44:16.469+0000] {processor.py:161} INFO - Started process (PID=170) to work on /opt/airflow/dags/lakehouse_pipeline.py
[2026-08-29T07:44:16.471+0000] {processor.py:830} INFO - Processing file /opt/airflow/dags/lakehouse_pipeline.py for tasks to queue
[2026-08-29T07:44:16.473+0000] {logging_mixin.py:188} INFO - [2026-08-29T07:44:16.473+0000] {dagbag.py:545} INFO - Filling up the DagBag from /opt/airflow/dags/lakehouse_pipeline.py
[2026-08-29T07:44:16.496+0000] {processor.py:840} INFO - DAG(s) 'lakehouse_pipeline' retrieved from /opt/airflow/dags/lakehouse_pipeline.py
[2026-08-29T07:44:16.535+0000] {logging_mixin.py:188} INFO - [2026-08-29T07:44:16.535+0000] {dag.py:3089} INFO - Sync 1 DAGs
[2026-08-29T07:44:16.548+0000] {logging_mixin.py:188} INFO - [2026-08-29T07:44:16.548+0000] {dag.py:3947} INFO - Setting next_dagrun for lakehouse_pipeline to None, run_after=None
[2026-08-29T07:44:16.565+0000] {processor.py:183} INFO - Processing /opt/airflow/dags/lakehouse_pipeline.py took 0.103 seconds
[2026-08-29T07:44:46.704+0000] {processor.py:161} INFO - Started process (PID=175) to work on /opt/airflow/dags/lakehouse_pipeline.py
[2026-08-29T07:44:46.705+0000] {processor.py:830} INFO - Processing file /opt/airflow/dags/lakehouse_pipeline.py for tasks to queue
[2026-08-29T07:44:46.707+0000] {logging_mixin.py:188} INFO - [2026-08-29T07:44:46.707+0000] {dagbag.py:545} INFO - Filling up the DagBag from /opt/airflow/dags/lakehouse_pipeline.py
[2026-08-29T07:44:46.732+0000] {processor.py:840} INFO - DAG(s) 'lakehouse_pipeline' retrieved from /opt/airflow/dags/lakehouse_pipeline.py
[2026-08-29T07:44:46.779+0000] {logging_mixin.py:188} INFO - [2026-08-29T07:44:46.779+0000] {dag.py:3089} INFO - Sync 1 DAGs
[2026-08-29T07:44:46.793+0000] {logging_mixin.py:188} INFO - [2026-08-29T07:44:46.793+0000] {dag.py:3947} INFO - Setting next_dagrun for lakehouse_pipeline to None, run_after=None
[2026-08-29T07:44:46.818+0000] {processor.py:183} INFO - Processing /opt/airflow/dags/lakehouse_pipeline.py took 0.123 seconds
[2026-08-29T07:45:17.084+0000] {processor.py:161} INFO - Started process (PID=180) to work on /opt/airflow/dags/lakehouse_pipeline.py
[2026-08-29T07:45:17.085+0000] {processor.py:830} INFO - Processing file /opt/airflow/dags/lakehouse_pipeline.py for tasks to queue
[2026-08-29T07:45:17.087+0000] {logging_mixin.py:188} INFO - [2026-08-29T07:45:17.086+0000] {dagbag.py:545} INFO - Filling up the DagBag from /opt/airflow/dags/lakehouse_pipeline.py
[2026-08-29T07:45:17.106+0000] {processor.py:840} INFO - DAG(s) 'lakehouse_pipeline' retrieved from /opt/airflow/dags/lakehouse_pipeline.py
[2026-08-29T07:45:17.150+0000] {logging_mixin.py:188} INFO - [2026-08-29T07:45:17.150+0000] {dag.py:3089} INFO - Sync 1 DAGs
[2026-08-29T07:45:17.161+0000] {logging_mixin.py:188} INFO - [2026-08-29T07:45:17.161+0000] {dag.py:3947} INFO - Setting next_dagrun for lakehouse_pipeline to None, run_after=None
[2026-08-29T07:45:17.178+0000] {processor.py:183} INFO - Processing /opt/airflow/dags/lakehouse_pipeline.py took 0.100 seconds
[2026-08-29T07:45:47.363+0000] {processor.py:161} INFO - Started process (PID=185) to work on /opt/airflow/dags/lakehouse_pipeline.py
[2026-08-29T07:45:47.364+0000] {processor.py:830} INFO - Processing file /opt/airflow/dags/lakehouse_pipeline.py for tasks to queue
[2026-08-29T07:45:47.366+0000] {logging_mixin.py:188} INFO - [2026-08-29T07:45:47.366+0000] {dagbag.py:545} INFO - Filling up the DagBag from /opt/airflow/dags/lakehouse_pipeline.py
[2026-08-29T07:45:47.386+0000] {processor.py:840} INFO - DAG(s) 'lakehouse_pipeline' retrieved from /opt/airflow/dags/lakehouse_pipeline.py
[2026-08-29T07:45:47.424+0000] {logging_mixin.py:188} INFO - [2026-08-29T07:45:47.424+0000] {dag.py:3089} INFO - Sync 1 DAGs
[2026-08-29T07:45:47.436+0000] {logging_mixin.py:188} INFO - [2026-08-29T07:45:47.435+0000] {dag.py:3947} INFO - Setting next_dagrun for lakehouse_pipeline to None, run_after=None
[2026-08-29T07:45:47.453+0000] {processor.py:183} INFO - Processing /opt/airflow/dags/lakehouse_pipeline.py took 0.098 seconds
[2026-08-29T07:46:17.708+0000] {processor.py:161} INFO - Started process (PID=190) to work on /opt/airflow/dags/lakehouse_pipeline.py
[2026-08-29T07:46:17.709+0000] {processor.py:830} INFO - Processing file /opt/airflow/dags/lakehouse_pipeline.py for tasks to queue
[2026-08-29T07:46:17.716+0000] {logging_mixin.py:188} INFO - [2026-08-29T07:46:17.715+0000] {dagbag.py:545} INFO - Filling up the DagBag from /opt/airflow/dags/lakehouse_pipeline.py
[2026-08-29T07:46:17.748+0000] {processor.py:840} INFO - DAG(s) 'lakehouse_pipeline' retrieved from /opt/airflow/dags/lakehouse_pipeline.py
[2026-08-29T07:46:17.795+0000] {logging_mixin.py:188} INFO - [2026-08-29T07:46:17.795+0000] {dag.py:3089} INFO - Sync 1 DAGs
[2026-08-29T07:46:17.810+0000] {logging_mixin.py:188} INFO - [2026-08-29T07:46:17.809+0000] {dag.py:3947} INFO - Setting next_dagrun for lakehouse_pipeline to None, run_after=None
[2026-08-29T07:46:17.833+0000] {processor.py:183} INFO - Processing /opt/airflow/dags/lakehouse_pipeline.py took 0.132 seconds
[2026-08-29T07:46:47.956+0000] {processor.py:161} INFO - Started process (PID=195) to work on /opt/airflow/dags/lakehouse_pipeline.py
[2026-08-29T07:46:47.957+0000] {processor.py:830} INFO - Processing file /opt/airflow/dags/lakehouse_pipeline.py for tasks to queue
[2026-08-29T07:46:47.959+0000] {logging_mixin.py:188} INFO - [2026-08-29T07:46:47.958+0000] {dagbag.py:545} INFO - Filling up the DagBag from /opt/airflow/dags/lakehouse_pipeline.py
[2026-08-29T07:46:47.979+0000] {processor.py:840} INFO - DAG(s) 'lakehouse_pipeline' retrieved from /opt/airflow/dags/lakehouse_pipeline.py
[2026-08-29T07:46:48.018+0000] {logging_mixin.py:188} INFO - [2026-08-29T07:46:48.017+0000] {dag.py:3089} INFO - Sync 1 DAGs
[2026-08-29T07:46:48.030+0000] {logging_mixin.py:188} INFO - [2026-08-29T07:46:48.029+0000] {dag.py:3947} INFO - Setting next_dagrun for lakehouse_pipeline to None, run_after=None
[2026-08-29T07:46:48.054+0000] {processor.py:183} INFO - Processing /opt/airflow/dags/lakehouse_pipeline.py took 0.105 seconds
[2026-08-29T07:47:18.291+0000] {processor.py:161} INFO - Started process (PID=200) to work on /opt/airflow/dags/lakehouse_pipeline.py
[2026-08-29T07:47:18.291+0000] {processor.py:830} INFO - Processing file /opt/airflow/dags/lakehouse_pipeline.py for tasks to queue
[2026-08-29T07:47:18.293+0000] {logging_mixin.py:188} INFO - [2026-08-29T07:47:18.293+0000] {dagbag.py:545} INFO - Filling up the DagBag from /opt/airflow/dags/lakehouse_pipeline.py
[2026-08-29T07:47:18.314+0000] {processor.py:840} INFO - DAG(s) 'lakehouse_pipeline' retrieved from /opt/airflow/dags/lakehouse_pipeline.py
[2026-08-29T07:47:18.353+0000] {logging_mixin.py:188} INFO - [2026-08-29T07:47:18.353+0000] {dag.py:3089} INFO - Sync 1 DAGs
[2026-08-29T07:47:18.368+0000] {logging_mixin.py:188} INFO - [2026-08-29T07:47:18.368+0000] {dag.py:3947} INFO - Setting next_dagrun for lakehouse_pipeline to None, run_after=None
[2026-08-29T07:47:18.386+0000] {processor.py:183} INFO - Processing /opt/airflow/dags/lakehouse_pipeline.py took 0.101 seconds
[2026-08-29T07:47:48.540+0000] {processor.py:161} INFO - Started process (PID=205) to work on /opt/airflow/dags/lakehouse_pipeline.py
[2026-08-29T07:47:48.541+0000] {processor.py:830} INFO - Processing file /opt/airflow/dags/lakehouse_pipeline.py for tasks to queue
[2026-08-29T07:47:48.544+0000] {logging_mixin.py:188} INFO - [2026-08-29T07:47:48.543+0000] {dagbag.py:545} INFO - Filling up the DagBag from /opt/airflow/dags/lakehouse_pipeline.py
[2026-08-29T07:47:48.564+0000] {processor.py:840} INFO - DAG(s) 'lakehouse_pipeline' retrieved from /opt/airflow/dags/lakehouse_pipeline.py
[2026-08-29T07:47:48.604+0000] {logging_mixin.py:188} INFO - [2026-08-29T07:47:48.604+0000] {dag.py:3089} INFO - Sync 1 DAGs
[2026-08-29T07:47:48.616+0000] {logging_mixin.py:188} INFO - [2026-08-29T07:47:48.616+0000] {dag.py:3947} INFO - Setting next_dagrun for lakehouse_pipeline to None, run_after=None
[2026-08-29T07:47:48.635+0000] {processor.py:183} INFO - Processing /opt/airflow/dags/lakehouse_pipeline.py took 0.101 seconds
[2026-08-29T07:48:18.799+0000] {processor.py:161} INFO - Started process (PID=210) to work on /opt/airflow/dags/lakehouse_pipeline.py
[2026-08-29T07:48:18.800+0000] {processor.py:830} INFO - Processing file /opt/airflow/dags/lakehouse_pipeline.py for tasks to queue
[2026-08-29T07:48:18.802+0000] {logging_mixin.py:188} INFO - [2026-08-29T07:48:18.801+0000] {dagbag.py:545} INFO - Filling up the DagBag from /opt/airflow/dags/lakehouse_pipeline.py
[2026-08-29T07:48:18.821+0000] {processor.py:840} INFO - DAG(s) 'lakehouse_pipeline' retrieved from /opt/airflow/dags/lakehouse_pipeline.py
[2026-08-29T07:48:18.860+0000] {logging_mixin.py:188} INFO - [2026-08-29T07:48:18.860+0000] {dag.py:3089} INFO - Sync 1 DAGs
[2026-08-29T07:48:18.873+0000] {logging_mixin.py:188} INFO - [2026-08-29T07:48:18.873+0000] {dag.py:3947} INFO - Setting next_dagrun for lakehouse_pipeline to None, run_after=None
[2026-08-29T07:48:18.906+0000] {processor.py:183} INFO - Processing /opt/airflow/dags/lakehouse_pipeline.py took 0.112 seconds
[2026-08-29T07:48:49.014+0000] {processor.py:161} INFO - Started process (PID=215) to work on /opt/airflow/dags/lakehouse_pipeline.py
[2026-08-29T07:48:49.015+0000] {processor.py:830} INFO - Processing file /opt/airflow/dags/lakehouse_pipeline.py for tasks to queue
[2026-08-29T07:48:49.017+0000] {logging_mixin.py:188} INFO - [2026-08-29T07:48:49.017+0000] {dagbag.py:545} INFO - Filling up the DagBag from /opt/airflow/dags/lakehouse_pipeline.py
[2026-08-29T07:48:49.043+0000] {processor.py:840} INFO - DAG(s) 'lakehouse_pipeline' retrieved from /opt/airflow/dags/lakehouse_pipeline.py
[2026-08-29T07:48:49.094+0000] {logging_mixin.py:188} INFO - [2026-08-29T07:48:49.094+0000] {dag.py:3089} INFO - Sync 1 DAGs
[2026-08-29T07:48:49.108+0000] {logging_mixin.py:188} INFO - [2026-08-29T07:48:49.107+0000] {dag.py:3947} INFO - Setting next_dagrun for lakehouse_pipeline to None, run_after=None
[2026-08-29T07:48:49.136+0000] {processor.py:183} INFO - Processing /opt/airflow/dags/lakehouse_pipeline.py took 0.130 seconds
[2026-08-29T07:49:19.301+0000] {processor.py:161} INFO - Started process (PID=220) to work on /opt/airflow/dags/lakehouse_pipeline.py
[2026-08-29T07:49:19.302+0000] {processor.py:830} INFO - Processing file /opt/airflow/dags/lakehouse_pipeline.py for tasks to queue
[2026-08-29T07:49:19.304+0000] {logging_mixin.py:188} INFO - [2026-08-29T07:49:19.303+0000] {dagbag.py:545} INFO - Filling up the DagBag from /opt/airflow/dags/lakehouse_pipeline.py
[2026-08-29T07:49:19.323+0000] {processor.py:840} INFO - DAG(s) 'lakehouse_pipeline' retrieved from /opt/airflow/dags/lakehouse_pipeline.py
[2026-08-29T07:49:19.368+0000] {logging_mixin.py:188} INFO - [2026-08-29T07:49:19.367+0000] {dag.py:3089} INFO - Sync 1 DAGs
[2026-08-29T07:49:19.383+0000] {logging_mixin.py:188} INFO - [2026-08-29T07:49:19.383+0000] {dag.py:3947} INFO - Setting next_dagrun for lakehouse_pipeline to None, run_after=None
[2026-08-29T07:49:19.403+0000] {processor.py:183} INFO - Processing /opt/airflow/dags/lakehouse_pipeline.py took 0.110 seconds
[2026-08-29T07:49:49.604+0000] {processor.py:161} INFO - Started process (PID=225) to work on /opt/airflow/dags/lakehouse_pipeline.py
[2026-08-29T07:49:49.604+0000] {processor.py:830} INFO - Processing file /opt/airflow/dags/lakehouse_pipeline.py for tasks to queue
[2026-08-29T07:49:49.607+0000] {logging_mixin.py:188} INFO - [2026-08-29T07:49:49.606+0000] {dagbag.py:545} INFO - Filling up the DagBag from /opt/airflow/dags/lakehouse_pipeline.py
[2026-08-29T07:49:49.626+0000] {processor.py:840} INFO - DAG(s) 'lakehouse_pipeline' retrieved from /opt/airflow/dags/lakehouse_pipeline.py
[2026-08-29T07:49:49.663+0000] {logging_mixin.py:188} INFO - [2026-08-29T07:49:49.663+0000] {dag.py:3089} INFO - Sync 1 DAGs
[2026-08-29T07:49:49.675+0000] {logging_mixin.py:188} INFO - [2026-08-29T07:49:49.675+0000] {dag.py:3947} INFO - Setting next_dagrun for lakehouse_pipeline to None, run_after=None
[2026-08-29T07:49:49.692+0000] {processor.py:183} INFO - Processing /opt/airflow/dags/lakehouse_pipeline.py took 0.094 seconds
[2026-08-29T07:50:19.861+0000] {processor.py:161} INFO - Started process (PID=230) to work on /opt/airflow/dags/lakehouse_pipeline.py
[2026-08-29T07:50:19.862+0000] {processor.py:830} INFO - Processing file /opt/airflow/dags/lakehouse_pipeline.py for tasks to queue
[2026-08-29T07:50:19.864+0000] {logging_mixin.py:188} INFO - [2026-08-29T07:50:19.864+0000] {dagbag.py:545} INFO - Filling up the DagBag from /opt/airflow/dags/lakehouse_pipeline.py
[2026-08-29T07:50:19.884+0000] {processor.py:840} INFO - DAG(s) 'lakehouse_pipeline' retrieved from /opt/airflow/dags/lakehouse_pipeline.py
[2026-08-29T07:50:19.928+0000] {logging_mixin.py:188} INFO - [2026-08-29T07:50:19.927+0000] {dag.py:3089} INFO - Sync 1 DAGs
[2026-08-29T07:50:19.939+0000] {logging_mixin.py:188} INFO - [2026-08-29T07:50:19.939+0000] {dag.py:3947} INFO - Setting next_dagrun for lakehouse_pipeline to None, run_after=None
[2026-08-29T07:50:19.994+0000] {processor.py:183} INFO - Processing /opt/airflow/dags/lakehouse_pipeline.py took 0.139 seconds
[2026-08-29T07:50:50.214+0000] {processor.py:161} INFO - Started process (PID=235) to work on /opt/airflow/dags/lakehouse_pipeline.py
[2026-08-29T07:50:50.215+0000] {processor.py:830} INFO - Processing file /opt/airflow/dags/lakehouse_pipeline.py for tasks to queue
[2026-08-29T07:50:50.216+0000] {logging_mixin.py:188} INFO - [2026-08-29T07:50:50.216+0000] {dagbag.py:545} INFO - Filling up the DagBag from /opt/airflow/dags/lakehouse_pipeline.py
[2026-08-29T07:50:50.237+0000] {processor.py:840} INFO - DAG(s) 'lakehouse_pipeline' retrieved from /opt/airflow/dags/lakehouse_pipeline.py
[2026-08-29T07:50:50.278+0000] {logging_mixin.py:188} INFO - [2026-08-29T07:50:50.277+0000] {dag.py:3089} INFO - Sync 1 DAGs
[2026-08-29T07:50:50.289+0000] {logging_mixin.py:188} INFO - [2026-08-29T07:50:50.289+0000] {dag.py:3947} INFO - Setting next_dagrun for lakehouse_pipeline to None, run_after=None
[2026-08-29T07:50:50.312+0000] {processor.py:183} INFO - Processing /opt/airflow/dags/lakehouse_pipeline.py took 0.105 seconds
[2026-08-29T07:51:20.431+0000] {processor.py:161} INFO - Started process (PID=240) to work on /opt/airflow/dags/lakehouse_pipeline.py
[2026-08-29T07:51:20.432+0000] {processor.py:830} INFO - Processing file /opt/airflow/dags/lakehouse_pipeline.py for tasks to queue
[2026-08-29T07:51:20.436+0000] {logging_mixin.py:188} INFO - [2026-08-29T07:51:20.435+0000] {dagbag.py:545} INFO - Filling up the DagBag from /opt/airflow/dags/lakehouse_pipeline.py
[2026-08-29T07:51:20.474+0000] {processor.py:840} INFO - DAG(s) 'lakehouse_pipeline' retrieved from /opt/airflow/dags/lakehouse_pipeline.py
[2026-08-29T07:51:20.554+0000] {logging_mixin.py:188} INFO - [2026-08-29T07:51:20.553+0000] {dag.py:3089} INFO - Sync 1 DAGs
[2026-08-29T07:51:20.571+0000] {logging_mixin.py:188} INFO - [2026-08-29T07:51:20.571+0000] {dag.py:3947} INFO - Setting next_dagrun for lakehouse_pipeline to None, run_after=None
[2026-08-29T07:51:20.598+0000] {processor.py:183} INFO - Processing /opt/airflow/dags/lakehouse_pipeline.py took 0.177 seconds
[2026-08-29T07:51:50.666+0000] {processor.py:161} INFO - Started process (PID=245) to work on /opt/airflow/dags/lakehouse_pipeline.py
[2026-08-29T07:51:50.667+0000] {processor.py:830} INFO - Processing file /opt/airflow/dags/lakehouse_pipeline.py for tasks to queue
[2026-08-29T07:51:50.670+0000] {logging_mixin.py:188} INFO - [2026-08-29T07:51:50.669+0000] {dagbag.py:545} INFO - Filling up the DagBag from /opt/airflow/dags/lakehouse_pipeline.py
[2026-08-29T07:51:50.718+0000] {processor.py:840} INFO - DAG(s) 'lakehouse_pipeline' retrieved from /opt/airflow/dags/lakehouse_pipeline.py
[2026-08-29T07:51:50.798+0000] {logging_mixin.py:188} INFO - [2026-08-29T07:51:50.797+0000] {dag.py:3089} INFO - Sync 1 DAGs
[2026-08-29T07:51:50.828+0000] {logging_mixin.py:188} INFO - [2026-08-29T07:51:50.828+0000] {dag.py:3947} INFO - Setting next_dagrun for lakehouse_pipeline to None, run_after=None
[2026-08-29T07:51:50.869+0000] {processor.py:183} INFO - Processing /opt/airflow/dags/lakehouse_pipeline.py took 0.209 seconds
[2026-08-29T07:52:21.026+0000] {processor.py:161} INFO - Started process (PID=250) to work on /opt/airflow/dags/lakehouse_pipeline.py
[2026-08-29T07:52:21.027+0000] {processor.py:830} INFO - Processing file /opt/airflow/dags/lakehouse_pipeline.py for tasks to queue
[2026-08-29T07:52:21.030+0000] {logging_mixin.py:188} INFO - [2026-08-29T07:52:21.029+0000] {dagbag.py:545} INFO - Filling up the DagBag from /opt/airflow/dags/lakehouse_pipeline.py
[2026-08-29T07:52:21.066+0000] {processor.py:840} INFO - DAG(s) 'lakehouse_pipeline' retrieved from /opt/airflow/dags/lakehouse_pipeline.py
[2026-08-29T07:52:21.167+0000] {logging_mixin.py:188} INFO - [2026-08-29T07:52:21.167+0000] {dag.py:3089} INFO - Sync 1 DAGs
[2026-08-29T07:52:21.182+0000] {logging_mixin.py:188} INFO - [2026-08-29T07:52:21.182+0000] {dag.py:3947} INFO - Setting next_dagrun for lakehouse_pipeline to None, run_after=None
[2026-08-29T07:52:21.201+0000] {processor.py:183} INFO - Processing /opt/airflow/dags/lakehouse_pipeline.py took 0.185 seconds
[2026-08-29T07:52:51.314+0000] {processor.py:161} INFO - Started process (PID=255) to work on /opt/airflow/dags/lakehouse_pipeline.py
[2026-08-29T07:52:51.316+0000] {processor.py:830} INFO - Processing file /opt/airflow/dags/lakehouse_pipeline.py for tasks to queue
[2026-08-29T07:52:51.319+0000] {logging_mixin.py:188} INFO - [2026-08-29T07:52:51.318+0000] {dagbag.py:545} INFO - Filling up the DagBag from /opt/airflow/dags/lakehouse_pipeline.py
[2026-08-29T07:52:51.356+0000] {processor.py:840} INFO - DAG(s) 'lakehouse_pipeline' retrieved from /opt/airflow/dags/lakehouse_pipeline.py
[2026-08-29T07:52:51.431+0000] {logging_mixin.py:188} INFO - [2026-08-29T07:52:51.430+0000] {dag.py:3089} INFO - Sync 1 DAGs
[2026-08-29T07:52:51.460+0000] {logging_mixin.py:188} INFO - [2026-08-29T07:52:51.459+0000] {dag.py:3947} INFO - Setting next_dagrun for lakehouse_pipeline to None, run_after=None
[2026-08-29T07:52:51.488+0000] {processor.py:183} INFO - Processing /opt/airflow/dags/lakehouse_pipeline.py took 0.186 seconds
[2026-08-29T07:53:21.546+0000] {processor.py:161} INFO - Started process (PID=260) to work on /opt/airflow/dags/lakehouse_pipeline.py
[2026-08-29T07:53:21.547+0000] {processor.py:830} INFO - Processing file /opt/airflow/dags/lakehouse_pipeline.py for tasks to queue
[2026-08-29T07:53:21.549+0000] {logging_mixin.py:188} INFO - [2026-08-29T07:53:21.549+0000] {dagbag.py:545} INFO - Filling up the DagBag from /opt/airflow/dags/lakehouse_pipeline.py
[2026-08-29T07:53:21.581+0000] {processor.py:840} INFO - DAG(s) 'lakehouse_pipeline' retrieved from /opt/airflow/dags/lakehouse_pipeline.py
[2026-08-29T07:53:21.647+0000] {logging_mixin.py:188} INFO - [2026-08-29T07:53:21.647+0000] {dag.py:3089} INFO - Sync 1 DAGs
[2026-08-29T07:53:21.671+0000] {logging_mixin.py:188} INFO - [2026-08-29T07:53:21.671+0000] {dag.py:3947} INFO - Setting next_dagrun for lakehouse_pipeline to None, run_after=None
[2026-08-29T07:53:21.715+0000] {processor.py:183} INFO - Processing /opt/airflow/dags/lakehouse_pipeline.py took 0.178 seconds
[2026-08-29T07:53:51.910+0000] {processor.py:161} INFO - Started process (PID=265) to work on /opt/airflow/dags/lakehouse_pipeline.py
[2026-08-29T07:53:51.911+0000] {processor.py:830} INFO - Processing file /opt/airflow/dags/lakehouse_pipeline.py for tasks to queue
[2026-08-29T07:53:51.914+0000] {logging_mixin.py:188} INFO - [2026-08-29T07:53:51.913+0000] {dagbag.py:545} INFO - Filling up the DagBag from /opt/airflow/dags/lakehouse_pipeline.py
[2026-08-29T07:53:51.944+0000] {processor.py:840} INFO - DAG(s) 'lakehouse_pipeline' retrieved from /opt/airflow/dags/lakehouse_pipeline.py
[2026-08-29T07:53:51.988+0000] {logging_mixin.py:188} INFO - [2026-08-29T07:53:51.988+0000] {dag.py:3089} INFO - Sync 1 DAGs
[2026-08-29T07:53:52.000+0000] {logging_mixin.py:188} INFO - [2026-08-29T07:53:52.000+0000] {dag.py:3947} INFO - Setting next_dagrun for lakehouse_pipeline to None, run_after=None
[2026-08-29T07:53:52.077+0000] {processor.py:183} INFO - Processing /opt/airflow/dags/lakehouse_pipeline.py took 0.174 seconds
[2026-08-29T07:54:22.285+0000] {processor.py:161} INFO - Started process (PID=270) to work on /opt/airflow/dags/lakehouse_pipeline.py
[2026-08-29T07:54:22.286+0000] {processor.py:830} INFO - Processing file /opt/airflow/dags/lakehouse_pipeline.py for tasks to queue
[2026-08-29T07:54:22.288+0000] {logging_mixin.py:188} INFO - [2026-08-29T07:54:22.287+0000] {dagbag.py:545} INFO - Filling up the DagBag from /opt/airflow/dags/lakehouse_pipeline.py
[2026-08-29T07:54:22.307+0000] {processor.py:840} INFO - DAG(s) 'lakehouse_pipeline' retrieved from /opt/airflow/dags/lakehouse_pipeline.py
[2026-08-29T07:54:22.345+0000] {logging_mixin.py:188} INFO - [2026-08-29T07:54:22.345+0000] {dag.py:3089} INFO - Sync 1 DAGs
[2026-08-29T07:54:22.356+0000] {logging_mixin.py:188} INFO - [2026-08-29T07:54:22.356+0000] {dag.py:3947} INFO - Setting next_dagrun for lakehouse_pipeline to None, run_after=None
[2026-08-29T07:54:22.374+0000] {processor.py:183} INFO - Processing /opt/airflow/dags/lakehouse_pipeline.py took 0.097 seconds
[2026-08-29T07:54:52.508+0000] {processor.py:161} INFO - Started process (PID=275) to work on /opt/airflow/dags/lakehouse_pipeline.py
[2026-08-29T07:54:52.508+0000] {processor.py:830} INFO - Processing file /opt/airflow/dags/lakehouse_pipeline.py for tasks to queue
[2026-08-29T07:54:52.510+0000] {logging_mixin.py:188} INFO - [2026-08-29T07:54:52.510+0000] {dagbag.py:545} INFO - Filling up the DagBag from /opt/airflow/dags/lakehouse_pipeline.py
[2026-08-29T07:54:52.529+0000] {processor.py:840} INFO - DAG(s) 'lakehouse_pipeline' retrieved from /opt/airflow/dags/lakehouse_pipeline.py
[2026-08-29T07:54:52.569+0000] {logging_mixin.py:188} INFO - [2026-08-29T07:54:52.569+0000] {dag.py:3089} INFO - Sync 1 DAGs
[2026-08-29T07:54:52.582+0000] {logging_mixin.py:188} INFO - [2026-08-29T07:54:52.582+0000] {dag.py:3947} INFO - Setting next_dagrun for lakehouse_pipeline to None, run_after=None
[2026-08-29T07:54:52.612+0000] {processor.py:183} INFO - Processing /opt/airflow/dags/lakehouse_pipeline.py took 0.111 seconds
[2026-08-29T07:55:22.779+0000] {processor.py:161} INFO - Started process (PID=280) to work on /opt/airflow/dags/lakehouse_pipeline.py
[2026-08-29T07:55:22.780+0000] {processor.py:830} INFO - Processing file /opt/airflow/dags/lakehouse_pipeline.py for tasks to queue
[2026-08-29T07:55:22.783+0000] {logging_mixin.py:188} INFO - [2026-08-29T07:55:22.782+0000] {dagbag.py:545} INFO - Filling up the DagBag from /opt/airflow/dags/lakehouse_pipeline.py
[2026-08-29T07:55:22.804+0000] {processor.py:840} INFO - DAG(s) 'lakehouse_pipeline' retrieved from /opt/airflow/dags/lakehouse_pipeline.py
[2026-08-29T07:55:22.857+0000] {logging_mixin.py:188} INFO - [2026-08-29T07:55:22.857+0000] {dag.py:3089} INFO - Sync 1 DAGs
[2026-08-29T07:55:22.882+0000] {logging_mixin.py:188} INFO - [2026-08-29T07:55:22.882+0000] {dag.py:3947} INFO - Setting next_dagrun for lakehouse_pipeline to None, run_after=None
[2026-08-29T07:55:22.909+0000] {processor.py:183} INFO - Processing /opt/airflow/dags/lakehouse_pipeline.py took 0.136 seconds
[2026-08-29T07:55:52.960+0000] {processor.py:161} INFO - Started process (PID=285) to work on /opt/airflow/dags/lakehouse_pipeline.py
[2026-08-29T07:55:52.961+0000] {processor.py:830} INFO - Processing file /opt/airflow/dags/lakehouse_pipeline.py for tasks to queue
[2026-08-29T07:55:52.963+0000] {logging_mixin.py:188} INFO - [2026-08-29T07:55:52.962+0000] {dagbag.py:545} INFO - Filling up the DagBag from /opt/airflow/dags/lakehouse_pipeline.py
[2026-08-29T07:55:52.983+0000] {processor.py:840} INFO - DAG(s) 'lakehouse_pipeline' retrieved from /opt/airflow/dags/lakehouse_pipeline.py
[2026-08-29T07:55:53.027+0000] {logging_mixin.py:188} INFO - [2026-08-29T07:55:53.026+0000] {dag.py:3089} INFO - Sync 1 DAGs
[2026-08-29T07:55:53.046+0000] {logging_mixin.py:188} INFO - [2026-08-29T07:55:53.045+0000] {dag.py:3947} INFO - Setting next_dagrun for lakehouse_pipeline to None, run_after=None
[2026-08-29T07:55:53.094+0000] {processor.py:183} INFO - Processing /opt/airflow/dags/lakehouse_pipeline.py took 0.141 seconds
[2026-08-29T07:56:23.291+0000] {processor.py:161} INFO - Started process (PID=290) to work on /opt/airflow/dags/lakehouse_pipeline.py
[2026-08-29T07:56:23.292+0000] {processor.py:830} INFO - Processing file /opt/airflow/dags/lakehouse_pipeline.py for tasks to queue
[2026-08-29T07:56:23.295+0000] {logging_mixin.py:188} INFO - [2026-08-29T07:56:23.294+0000] {dagbag.py:545} INFO - Filling up the DagBag from /opt/airflow/dags/lakehouse_pipeline.py
[2026-08-29T07:56:23.319+0000] {processor.py:840} INFO - DAG(s) 'lakehouse_pipeline' retrieved from /opt/airflow/dags/lakehouse_pipeline.py
[2026-08-29T07:56:23.371+0000] {logging_mixin.py:188} INFO - [2026-08-29T07:56:23.371+0000] {dag.py:3089} INFO - Sync 1 DAGs
[2026-08-29T07:56:23.387+0000] {logging_mixin.py:188} INFO - [2026-08-29T07:56:23.387+0000] {dag.py:3947} INFO - Setting next_dagrun for lakehouse_pipeline to None, run_after=None
[2026-08-29T07:56:23.418+0000] {processor.py:183} INFO - Processing /opt/airflow/dags/lakehouse_pipeline.py took 0.134 seconds
[2026-08-29T07:56:53.533+0000] {processor.py:161} INFO - Started process (PID=295) to work on /opt/airflow/dags/lakehouse_pipeline.py
[2026-08-29T07:56:53.534+0000] {processor.py:830} INFO - Processing file /opt/airflow/dags/lakehouse_pipeline.py for tasks to queue
[2026-08-29T07:56:53.538+0000] {logging_mixin.py:188} INFO - [2026-08-29T07:56:53.537+0000] {dagbag.py:545} INFO - Filling up the DagBag from /opt/airflow/dags/lakehouse_pipeline.py
[2026-08-29T07:56:53.562+0000] {processor.py:840} INFO - DAG(s) 'lakehouse_pipeline' retrieved from /opt/airflow/dags/lakehouse_pipeline.py
[2026-08-29T07:56:53.606+0000] {logging_mixin.py:188} INFO - [2026-08-29T07:56:53.606+0000] {dag.py:3089} INFO - Sync 1 DAGs
[2026-08-29T07:56:53.618+0000] {logging_mixin.py:188} INFO - [2026-08-29T07:56:53.618+0000] {dag.py:3947} INFO - Setting next_dagrun for lakehouse_pipeline to None, run_after=None
[2026-08-29T07:56:53.637+0000] {processor.py:183} INFO - Processing /opt/airflow/dags/lakehouse_pipeline.py took 0.111 seconds
[2026-08-29T07:57:23.809+0000] {processor.py:161} INFO - Started process (PID=300) to work on /opt/airflow/dags/lakehouse_pipeline.py
[2026-08-29T07:57:23.810+0000] {processor.py:830} INFO - Processing file /opt/airflow/dags/lakehouse_pipeline.py for tasks to queue
[2026-08-29T07:57:23.812+0000] {logging_mixin.py:188} INFO - [2026-08-29T07:57:23.812+0000] {dagbag.py:545} INFO - Filling up the DagBag from /opt/airflow/dags/lakehouse_pipeline.py
[2026-08-29T07:57:23.836+0000] {processor.py:840} INFO - DAG(s) 'lakehouse_pipeline' retrieved from /opt/airflow/dags/lakehouse_pipeline.py
[2026-08-29T07:57:23.885+0000] {logging_mixin.py:188} INFO - [2026-08-29T07:57:23.885+0000] {dag.py:3089} INFO - Sync 1 DAGs
[2026-08-29T07:57:23.900+0000] {logging_mixin.py:188} INFO - [2026-08-29T07:57:23.899+0000] {dag.py:3947} INFO - Setting next_dagrun for lakehouse_pipeline to None, run_after=None
[2026-08-29T07:57:23.923+0000] {processor.py:183} INFO - Processing /opt/airflow/dags/lakehouse_pipeline.py took 0.123 seconds
[2026-08-29T07:57:54.024+0000] {processor.py:161} INFO - Started process (PID=305) to work on /opt/airflow/dags/lakehouse_pipeline.py
[2026-08-29T07:57:54.025+0000] {processor.py:830} INFO - Processing file /opt/airflow/dags/lakehouse_pipeline.py for tasks to queue
[2026-08-29T07:57:54.026+0000] {logging_mixin.py:188} INFO - [2026-08-29T07:57:54.026+0000] {dagbag.py:545} INFO - Filling up the DagBag from /opt/airflow/dags/lakehouse_pipeline.py
[2026-08-29T07:57:54.047+0000] {processor.py:840} INFO - DAG(s) 'lakehouse_pipeline' retrieved from /opt/airflow/dags/lakehouse_pipeline.py
[2026-08-29T07:57:54.102+0000] {logging_mixin.py:188} INFO - [2026-08-29T07:57:54.101+0000] {dag.py:3089} INFO - Sync 1 DAGs
[2026-08-29T07:57:54.119+0000] {logging_mixin.py:188} INFO - [2026-08-29T07:57:54.118+0000] {dag.py:3947} INFO - Setting next_dagrun for lakehouse_pipeline to None, run_after=None
[2026-08-29T07:57:54.142+0000] {processor.py:183} INFO - Processing /opt/airflow/dags/lakehouse_pipeline.py took 0.128 seconds
[2026-08-29T07:58:24.267+0000] {processor.py:161} INFO - Started process (PID=310) to work on /opt/airflow/dags/lakehouse_pipeline.py
[2026-08-29T07:58:24.268+0000] {processor.py:830} INFO - Processing file /opt/airflow/dags/lakehouse_pipeline.py for tasks to queue
[2026-08-29T07:58:24.270+0000] {logging_mixin.py:188} INFO - [2026-08-29T07:58:24.269+0000] {dagbag.py:545} INFO - Filling up the DagBag from /opt/airflow/dags/lakehouse_pipeline.py
[2026-08-29T07:58:24.293+0000] {processor.py:840} INFO - DAG(s) 'lakehouse_pipeline' retrieved from /opt/airflow/dags/lakehouse_pipeline.py
[2026-08-29T07:58:24.335+0000] {logging_mixin.py:188} INFO - [2026-08-29T07:58:24.335+0000] {dag.py:3089} INFO - Sync 1 DAGs
[2026-08-29T07:58:24.350+0000] {logging_mixin.py:188} INFO - [2026-08-29T07:58:24.349+0000] {dag.py:3947} INFO - Setting next_dagrun for lakehouse_pipeline to None, run_after=None
[2026-08-29T07:58:24.368+0000] {processor.py:183} INFO - Processing /opt/airflow/dags/lakehouse_pipeline.py took 0.108 seconds
[2026-08-29T07:58:54.555+0000] {processor.py:161} INFO - Started process (PID=315) to work on /opt/airflow/dags/lakehouse_pipeline.py
[2026-08-29T07:58:54.556+0000] {processor.py:830} INFO - Processing file /opt/airflow/dags/lakehouse_pipeline.py for tasks to queue
[2026-08-29T07:58:54.558+0000] {logging_mixin.py:188} INFO - [2026-08-29T07:58:54.558+0000] {dagbag.py:545} INFO - Filling up the DagBag from /opt/airflow/dags/lakehouse_pipeline.py
[2026-08-29T07:58:54.587+0000] {processor.py:840} INFO - DAG(s) 'lakehouse_pipeline' retrieved from /opt/airflow/dags/lakehouse_pipeline.py
[2026-08-29T07:58:54.640+0000] {logging_mixin.py:188} INFO - [2026-08-29T07:58:54.640+0000] {dag.py:3089} INFO - Sync 1 DAGs
[2026-08-29T07:58:54.660+0000] {logging_mixin.py:188} INFO - [2026-08-29T07:58:54.660+0000] {dag.py:3947} INFO - Setting next_dagrun for lakehouse_pipeline to None, run_after=None
[2026-08-29T07:58:54.683+0000] {processor.py:183} INFO - Processing /opt/airflow/dags/lakehouse_pipeline.py took 0.139 seconds
[2026-08-29T07:59:24.738+0000] {processor.py:161} INFO - Started process (PID=320) to work on /opt/airflow/dags/lakehouse_pipeline.py
[2026-08-29T07:59:24.739+0000] {processor.py:830} INFO - Processing file /opt/airflow/dags/lakehouse_pipeline.py for tasks to queue
[2026-08-29T07:59:24.741+0000] {logging_mixin.py:188} INFO - [2026-08-29T07:59:24.741+0000] {dagbag.py:545} INFO - Filling up the DagBag from /opt/airflow/dags/lakehouse_pipeline.py
[2026-08-29T07:59:24.770+0000] {processor.py:840} INFO - DAG(s) 'lakehouse_pipeline' retrieved from /opt/airflow/dags/lakehouse_pipeline.py
[2026-08-29T07:59:24.812+0000] {logging_mixin.py:188} INFO - [2026-08-29T07:59:24.812+0000] {dag.py:3089} INFO - Sync 1 DAGs
[2026-08-29T07:59:24.828+0000] {logging_mixin.py:188} INFO - [2026-08-29T07:59:24.828+0000] {dag.py:3947} INFO - Setting next_dagrun for lakehouse_pipeline to None, run_after=None
[2026-08-29T07:59:24.865+0000] {processor.py:183} INFO - Processing /opt/airflow/dags/lakehouse_pipeline.py took 0.135 seconds
[2026-08-29T07:59:55.119+0000] {processor.py:161} INFO - Started process (PID=325) to work on /opt/airflow/dags/lakehouse_pipeline.py
[2026-08-29T07:59:55.122+0000] {processor.py:830} INFO - Processing file /opt/airflow/dags/lakehouse_pipeline.py for tasks to queue
[2026-08-29T07:59:55.127+0000] {logging_mixin.py:188} INFO - [2026-08-29T07:59:55.126+0000] {dagbag.py:545} INFO - Filling up the DagBag from /opt/airflow/dags/lakehouse_pipeline.py
[2026-08-29T07:59:55.152+0000] {processor.py:840} INFO - DAG(s) 'lakehouse_pipeline' retrieved from /opt/airflow/dags/lakehouse_pipeline.py
[2026-08-29T07:59:55.189+0000] {logging_mixin.py:188} INFO - [2026-08-29T07:59:55.189+0000] {dag.py:3089} INFO - Sync 1 DAGs
[2026-08-29T07:59:55.203+0000] {logging_mixin.py:188} INFO - [2026-08-29T07:59:55.202+0000] {dag.py:3947} INFO - Setting next_dagrun for lakehouse_pipeline to None, run_after=None
[2026-08-29T07:59:55.221+0000] {processor.py:183} INFO - Processing /opt/airflow/dags/lakehouse_pipeline.py took 0.108 seconds
[2026-08-29T08:00:25.430+0000] {processor.py:161} INFO - Started process (PID=330) to work on /opt/airflow/dags/lakehouse_pipeline.py
[2026-08-29T08:00:25.430+0000] {processor.py:830} INFO - Processing file /opt/airflow/dags/lakehouse_pipeline.py for tasks to queue
[2026-08-29T08:00:25.433+0000] {logging_mixin.py:188} INFO - [2026-08-29T08:00:25.432+0000] {dagbag.py:545} INFO - Filling up the DagBag from /opt/airflow/dags/lakehouse_pipeline.py
[2026-08-29T08:00:25.452+0000] {processor.py:840} INFO - DAG(s) 'lakehouse_pipeline' retrieved from /opt/airflow/dags/lakehouse_pipeline.py
[2026-08-29T08:00:25.490+0000] {logging_mixin.py:188} INFO - [2026-08-29T08:00:25.490+0000] {dag.py:3089} INFO - Sync 1 DAGs
[2026-08-29T08:00:25.503+0000] {logging_mixin.py:188} INFO - [2026-08-29T08:00:25.503+0000] {dag.py:3947} INFO - Setting next_dagrun for lakehouse_pipeline to None, run_after=None
[2026-08-29T08:00:25.522+0000] {processor.py:183} INFO - Processing /opt/airflow/dags/lakehouse_pipeline.py took 0.099 seconds
[2026-08-29T08:00:55.758+0000] {processor.py:161} INFO - Started process (PID=335) to work on /opt/airflow/dags/lakehouse_pipeline.py
[2026-08-29T08:00:55.758+0000] {processor.py:830} INFO - Processing file /opt/airflow/dags/lakehouse_pipeline.py for tasks to queue
[2026-08-29T08:00:55.760+0000] {logging_mixin.py:188} INFO - [2026-08-29T08:00:55.760+0000] {dagbag.py:545} INFO - Filling up the DagBag from /opt/airflow/dags/lakehouse_pipeline.py
[2026-08-29T08:00:55.779+0000] {processor.py:840} INFO - DAG(s) 'lakehouse_pipeline' retrieved from /opt/airflow/dags/lakehouse_pipeline.py
[2026-08-29T08:00:55.816+0000] {logging_mixin.py:188} INFO - [2026-08-29T08:00:55.816+0000] {dag.py:3089} INFO - Sync 1 DAGs
[2026-08-29T08:00:55.827+0000] {logging_mixin.py:188} INFO - [2026-08-29T08:00:55.827+0000] {dag.py:3947} INFO - Setting next_dagrun for lakehouse_pipeline to None, run_after=None
[2026-08-29T08:00:55.844+0000] {processor.py:183} INFO - Processing /opt/airflow/dags/lakehouse_pipeline.py took 0.092 seconds
[2026-08-29T08:01:26.025+0000] {processor.py:161} INFO - Started process (PID=340) to work on /opt/airflow/dags/lakehouse_pipeline.py
[2026-08-29T08:01:26.026+0000] {processor.py:830} INFO - Processing file /opt/airflow/dags/lakehouse_pipeline.py for tasks to queue
[2026-08-29T08:01:26.028+0000] {logging_mixin.py:188} INFO - [2026-08-29T08:01:26.028+0000] {dagbag.py:545} INFO - Filling up the DagBag from /opt/airflow/dags/lakehouse_pipeline.py
[2026-08-29T08:01:26.050+0000] {processor.py:840} INFO - DAG(s) 'lakehouse_pipeline' retrieved from /opt/airflow/dags/lakehouse_pipeline.py
[2026-08-29T08:01:26.087+0000] {logging_mixin.py:188} INFO - [2026-08-29T08:01:26.087+0000] {dag.py:3089} INFO - Sync 1 DAGs
[2026-08-29T08:01:26.098+0000] {logging_mixin.py:188} INFO - [2026-08-29T08:01:26.098+0000] {dag.py:3947} INFO - Setting next_dagrun for lakehouse_pipeline to None, run_after=None
[2026-08-29T08:01:26.124+0000] {processor.py:183} INFO - Processing /opt/airflow/dags/lakehouse_pipeline.py took 0.106 seconds
[2026-08-29T08:01:56.359+0000] {processor.py:161} INFO - Started process (PID=345) to work on /opt/airflow/dags/lakehouse_pipeline.py
[2026-08-29T08:01:56.360+0000] {processor.py:830} INFO - Processing file /opt/airflow/dags/lakehouse_pipeline.py for tasks to queue
[2026-08-29T08:01:56.362+0000] {logging_mixin.py:188} INFO - [2026-08-29T08:01:56.361+0000] {dagbag.py:545} INFO - Filling up the DagBag from /opt/airflow/dags/lakehouse_pipeline.py
[2026-08-29T08:01:56.381+0000] {processor.py:840} INFO - DAG(s) 'lakehouse_pipeline' retrieved from /opt/airflow/dags/lakehouse_pipeline.py
[2026-08-29T08:01:56.421+0000] {logging_mixin.py:188} INFO - [2026-08-29T08:01:56.421+0000] {dag.py:3089} INFO - Sync 1 DAGs
[2026-08-29T08:01:56.432+0000] {logging_mixin.py:188} INFO - [2026-08-29T08:01:56.432+0000] {dag.py:3947} INFO - Setting next_dagrun for lakehouse_pipeline to None, run_after=None
[2026-08-29T08:01:56.449+0000] {processor.py:183} INFO - Processing /opt/airflow/dags/lakehouse_pipeline.py took 0.096 seconds
[2026-08-29T08:02:26.608+0000] {processor.py:161} INFO - Started process (PID=350) to work on /opt/airflow/dags/lakehouse_pipeline.py
[2026-08-29T08:02:26.609+0000] {processor.py:830} INFO - Processing file /opt/airflow/dags/lakehouse_pipeline.py for tasks to queue
[2026-08-29T08:02:26.611+0000] {logging_mixin.py:188} INFO - [2026-08-29T08:02:26.611+0000] {dagbag.py:545} INFO - Filling up the DagBag from /opt/airflow/dags/lakehouse_pipeline.py
[2026-08-29T08:02:26.630+0000] {processor.py:840} INFO - DAG(s) 'lakehouse_pipeline' retrieved from /opt/airflow/dags/lakehouse_pipeline.py
[2026-08-29T08:02:26.671+0000] {logging_mixin.py:188} INFO - [2026-08-29T08:02:26.671+0000] {dag.py:3089} INFO - Sync 1 DAGs
[2026-08-29T08:02:26.682+0000] {logging_mixin.py:188} INFO - [2026-08-29T08:02:26.682+0000] {dag.py:3947} INFO - Setting next_dagrun for lakehouse_pipeline to None, run_after=None
[2026-08-29T08:02:26.700+0000] {processor.py:183} INFO - Processing /opt/airflow/dags/lakehouse_pipeline.py took 0.098 seconds
[2026-08-29T08:02:56.995+0000] {processor.py:161} INFO - Started process (PID=355) to work on /opt/airflow/dags/lakehouse_pipeline.py
[2026-08-29T08:02:56.999+0000] {processor.py:830} INFO - Processing file /opt/airflow/dags/lakehouse_pipeline.py for tasks to queue
[2026-08-29T08:02:57.005+0000] {logging_mixin.py:188} INFO - [2026-08-29T08:02:57.004+0000] {dagbag.py:545} INFO - Filling up the DagBag from /opt/airflow/dags/lakehouse_pipeline.py
[2026-08-29T08:02:57.066+0000] {processor.py:840} INFO - DAG(s) 'lakehouse_pipeline' retrieved from /opt/airflow/dags/lakehouse_pipeline.py
[2026-08-29T08:02:57.149+0000] {logging_mixin.py:188} INFO - [2026-08-29T08:02:57.149+0000] {dag.py:3089} INFO - Sync 1 DAGs
[2026-08-29T08:02:57.161+0000] {logging_mixin.py:188} INFO - [2026-08-29T08:02:57.161+0000] {dag.py:3947} INFO - Setting next_dagrun for lakehouse_pipeline to None, run_after=None
[2026-08-29T08:02:57.180+0000] {processor.py:183} INFO - Processing /opt/airflow/dags/lakehouse_pipeline.py took 0.201 seconds
[2026-08-29T08:03:27.303+0000] {processor.py:161} INFO - Started process (PID=360) to work on /opt/airflow/dags/lakehouse_pipeline.py
[2026-08-29T08:03:27.305+0000] {processor.py:830} INFO - Processing file /opt/airflow/dags/lakehouse_pipeline.py for tasks to queue
[2026-08-29T08:03:27.311+0000] {logging_mixin.py:188} INFO - [2026-08-29T08:03:27.310+0000] {dagbag.py:545} INFO - Filling up the DagBag from /opt/airflow/dags/lakehouse_pipeline.py
[2026-08-29T08:03:27.357+0000] {processor.py:840} INFO - DAG(s) 'lakehouse_pipeline' retrieved from /opt/airflow/dags/lakehouse_pipeline.py
[2026-08-29T08:03:27.454+0000] {logging_mixin.py:188} INFO - [2026-08-29T08:03:27.453+0000] {dag.py:3089} INFO - Sync 1 DAGs
[2026-08-29T08:03:27.483+0000] {logging_mixin.py:188} INFO - [2026-08-29T08:03:27.482+0000] {dag.py:3947} INFO - Setting next_dagrun for lakehouse_pipeline to None, run_after=None
[2026-08-29T08:03:27.520+0000] {processor.py:183} INFO - Processing /opt/airflow/dags/lakehouse_pipeline.py took 0.239 seconds
[2026-08-29T08:03:57.688+0000] {processor.py:161} INFO - Started process (PID=365) to work on /opt/airflow/dags/lakehouse_pipeline.py
[2026-08-29T08:03:57.690+0000] {processor.py:830} INFO - Processing file /opt/airflow/dags/lakehouse_pipeline.py for tasks to queue
[2026-08-29T08:03:57.694+0000] {logging_mixin.py:188} INFO - [2026-08-29T08:03:57.694+0000] {dagbag.py:545} INFO - Filling up the DagBag from /opt/airflow/dags/lakehouse_pipeline.py
[2026-08-29T08:03:57.744+0000] {processor.py:840} INFO - DAG(s) 'lakehouse_pipeline' retrieved from /opt/airflow/dags/lakehouse_pipeline.py
[2026-08-29T08:03:57.836+0000] {logging_mixin.py:188} INFO - [2026-08-29T08:03:57.836+0000] {dag.py:3089} INFO - Sync 1 DAGs
[2026-08-29T08:03:57.868+0000] {logging_mixin.py:188} INFO - [2026-08-29T08:03:57.867+0000] {dag.py:3947} INFO - Setting next_dagrun for lakehouse_pipeline to None, run_after=None
[2026-08-29T08:03:57.911+0000] {processor.py:183} INFO - Processing /opt/airflow/dags/lakehouse_pipeline.py took 0.240 seconds
[2026-08-29T08:04:28.145+0000] {processor.py:161} INFO - Started process (PID=370) to work on /opt/airflow/dags/lakehouse_pipeline.py
[2026-08-29T08:04:28.146+0000] {processor.py:830} INFO - Processing file /opt/airflow/dags/lakehouse_pipeline.py for tasks to queue
[2026-08-29T08:04:28.148+0000] {logging_mixin.py:188} INFO - [2026-08-29T08:04:28.148+0000] {dagbag.py:545} INFO - Filling up the DagBag from /opt/airflow/dags/lakehouse_pipeline.py
[2026-08-29T08:04:28.168+0000] {processor.py:840} INFO - DAG(s) 'lakehouse_pipeline' retrieved from /opt/airflow/dags/lakehouse_pipeline.py
[2026-08-29T08:04:28.208+0000] {logging_mixin.py:188} INFO - [2026-08-29T08:04:28.208+0000] {dag.py:3089} INFO - Sync 1 DAGs
[2026-08-29T08:04:28.220+0000] {logging_mixin.py:188} INFO - [2026-08-29T08:04:28.220+0000] {dag.py:3947} INFO - Setting next_dagrun for lakehouse_pipeline to None, run_after=None
[2026-08-29T08:04:28.243+0000] {processor.py:183} INFO - Processing /opt/airflow/dags/lakehouse_pipeline.py took 0.105 seconds
[2026-08-29T08:04:58.389+0000] {processor.py:161} INFO - Started process (PID=375) to work on /opt/airflow/dags/lakehouse_pipeline.py
[2026-08-29T08:04:58.390+0000] {processor.py:830} INFO - Processing file /opt/airflow/dags/lakehouse_pipeline.py for tasks to queue
[2026-08-29T08:04:58.392+0000] {logging_mixin.py:188} INFO - [2026-08-29T08:04:58.391+0000] {dagbag.py:545} INFO - Filling up the DagBag from /opt/airflow/dags/lakehouse_pipeline.py
[2026-08-29T08:04:58.411+0000] {processor.py:840} INFO - DAG(s) 'lakehouse_pipeline' retrieved from /opt/airflow/dags/lakehouse_pipeline.py
[2026-08-29T08:04:58.451+0000] {logging_mixin.py:188} INFO - [2026-08-29T08:04:58.451+0000] {dag.py:3089} INFO - Sync 1 DAGs
[2026-08-29T08:04:58.462+0000] {logging_mixin.py:188} INFO - [2026-08-29T08:04:58.462+0000] {dag.py:3947} INFO - Setting next_dagrun for lakehouse_pipeline to None, run_after=None
[2026-08-29T08:04:58.479+0000] {processor.py:183} INFO - Processing /opt/airflow/dags/lakehouse_pipeline.py took 0.097 seconds
[2026-08-29T08:05:28.687+0000] {processor.py:161} INFO - Started process (PID=380) to work on /opt/airflow/dags/lakehouse_pipeline.py
[2026-08-29T08:05:28.687+0000] {processor.py:830} INFO - Processing file /opt/airflow/dags/lakehouse_pipeline.py for tasks to queue
[2026-08-29T08:05:28.690+0000] {logging_mixin.py:188} INFO - [2026-08-29T08:05:28.689+0000] {dagbag.py:545} INFO - Filling up the DagBag from /opt/airflow/dags/lakehouse_pipeline.py
[2026-08-29T08:05:28.711+0000] {processor.py:840} INFO - DAG(s) 'lakehouse_pipeline' retrieved from /opt/airflow/dags/lakehouse_pipeline.py
[2026-08-29T08:05:28.757+0000] {logging_mixin.py:188} INFO - [2026-08-29T08:05:28.757+0000] {dag.py:3089} INFO - Sync 1 DAGs
[2026-08-29T08:05:28.772+0000] {logging_mixin.py:188} INFO - [2026-08-29T08:05:28.772+0000] {dag.py:3947} INFO - Setting next_dagrun for lakehouse_pipeline to None, run_after=None
[2026-08-29T08:05:28.798+0000] {processor.py:183} INFO - Processing /opt/airflow/dags/lakehouse_pipeline.py took 0.118 seconds
[2026-08-29T08:05:58.944+0000] {processor.py:161} INFO - Started process (PID=385) to work on /opt/airflow/dags/lakehouse_pipeline.py
[2026-08-29T08:05:58.945+0000] {processor.py:830} INFO - Processing file /opt/airflow/dags/lakehouse_pipeline.py for tasks to queue
[2026-08-29T08:05:58.947+0000] {logging_mixin.py:188} INFO - [2026-08-29T08:05:58.947+0000] {dagbag.py:545} INFO - Filling up the DagBag from /opt/airflow/dags/lakehouse_pipeline.py
[2026-08-29T08:05:58.967+0000] {processor.py:840} INFO - DAG(s) 'lakehouse_pipeline' retrieved from /opt/airflow/dags/lakehouse_pipeline.py
[2026-08-29T08:05:59.005+0000] {logging_mixin.py:188} INFO - [2026-08-29T08:05:59.005+0000] {dag.py:3089} INFO - Sync 1 DAGs
[2026-08-29T08:05:59.017+0000] {logging_mixin.py:188} INFO - [2026-08-29T08:05:59.016+0000] {dag.py:3947} INFO - Setting next_dagrun for lakehouse_pipeline to None, run_after=None
[2026-08-29T08:05:59.035+0000] {processor.py:183} INFO - Processing /opt/airflow/dags/lakehouse_pipeline.py took 0.098 seconds
[2026-08-29T08:06:29.303+0000] {processor.py:161} INFO - Started process (PID=390) to work on /opt/airflow/dags/lakehouse_pipeline.py
[2026-08-29T08:06:29.320+0000] {processor.py:830} INFO - Processing file /opt/airflow/dags/lakehouse_pipeline.py for tasks to queue
[2026-08-29T08:06:29.339+0000] {logging_mixin.py:188} INFO - [2026-08-29T08:06:29.338+0000] {dagbag.py:545} INFO - Filling up the DagBag from /opt/airflow/dags/lakehouse_pipeline.py
[2026-08-29T08:06:29.379+0000] {processor.py:840} INFO - DAG(s) 'lakehouse_pipeline' retrieved from /opt/airflow/dags/lakehouse_pipeline.py
[2026-08-29T08:06:29.436+0000] {logging_mixin.py:188} INFO - [2026-08-29T08:06:29.435+0000] {dag.py:3089} INFO - Sync 1 DAGs
[2026-08-29T08:06:29.449+0000] {logging_mixin.py:188} INFO - [2026-08-29T08:06:29.449+0000] {dag.py:3947} INFO - Setting next_dagrun for lakehouse_pipeline to None, run_after=None
[2026-08-29T08:06:29.474+0000] {processor.py:183} INFO - Processing /opt/airflow/dags/lakehouse_pipeline.py took 0.188 seconds
[2026-08-29T08:06:59.540+0000] {processor.py:161} INFO - Started process (PID=395) to work on /opt/airflow/dags/lakehouse_pipeline.py
[2026-08-29T08:06:59.541+0000] {processor.py:830} INFO - Processing file /opt/airflow/dags/lakehouse_pipeline.py for tasks to queue
[2026-08-29T08:06:59.545+0000] {logging_mixin.py:188} INFO - [2026-08-29T08:06:59.545+0000] {dagbag.py:545} INFO - Filling up the DagBag from /opt/airflow/dags/lakehouse_pipeline.py
[2026-08-29T08:06:59.570+0000] {processor.py:840} INFO - DAG(s) 'lakehouse_pipeline' retrieved from /opt/airflow/dags/lakehouse_pipeline.py
[2026-08-29T08:06:59.612+0000] {logging_mixin.py:188} INFO - [2026-08-29T08:06:59.612+0000] {dag.py:3089} INFO - Sync 1 DAGs
[2026-08-29T08:06:59.625+0000] {logging_mixin.py:188} INFO - [2026-08-29T08:06:59.625+0000] {dag.py:3947} INFO - Setting next_dagrun for lakehouse_pipeline to None, run_after=None
[2026-08-29T08:06:59.648+0000] {processor.py:183} INFO - Processing /opt/airflow/dags/lakehouse_pipeline.py took 0.116 seconds
[2026-08-29T08:07:29.762+0000] {processor.py:161} INFO - Started process (PID=400) to work on /opt/airflow/dags/lakehouse_pipeline.py
[2026-08-29T08:07:29.764+0000] {processor.py:830} INFO - Processing file /opt/airflow/dags/lakehouse_pipeline.py for tasks to queue
[2026-08-29T08:07:29.766+0000] {logging_mixin.py:188} INFO - [2026-08-29T08:07:29.766+0000] {dagbag.py:545} INFO - Filling up the DagBag from /opt/airflow/dags/lakehouse_pipeline.py
[2026-08-29T08:07:29.790+0000] {processor.py:840} INFO - DAG(s) 'lakehouse_pipeline' retrieved from /opt/airflow/dags/lakehouse_pipeline.py
[2026-08-29T08:07:29.838+0000] {logging_mixin.py:188} INFO - [2026-08-29T08:07:29.838+0000] {dag.py:3089} INFO - Sync 1 DAGs
[2026-08-29T08:07:29.855+0000] {logging_mixin.py:188} INFO - [2026-08-29T08:07:29.854+0000] {dag.py:3947} INFO - Setting next_dagrun for lakehouse_pipeline to None, run_after=None
[2026-08-29T08:07:29.889+0000] {processor.py:183} INFO - Processing /opt/airflow/dags/lakehouse_pipeline.py took 0.134 seconds
[2026-08-29T08:08:00.110+0000] {processor.py:161} INFO - Started process (PID=405) to work on /opt/airflow/dags/lakehouse_pipeline.py
[2026-08-29T08:08:00.111+0000] {processor.py:830} INFO - Processing file /opt/airflow/dags/lakehouse_pipeline.py for tasks to queue
[2026-08-29T08:08:00.113+0000] {logging_mixin.py:188} INFO - [2026-08-29T08:08:00.112+0000] {dagbag.py:545} INFO - Filling up the DagBag from /opt/airflow/dags/lakehouse_pipeline.py
[2026-08-29T08:08:00.137+0000] {processor.py:840} INFO - DAG(s) 'lakehouse_pipeline' retrieved from /opt/airflow/dags/lakehouse_pipeline.py
[2026-08-29T08:08:00.179+0000] {logging_mixin.py:188} INFO - [2026-08-29T08:08:00.178+0000] {dag.py:3089} INFO - Sync 1 DAGs
[2026-08-29T08:08:00.190+0000] {logging_mixin.py:188} INFO - [2026-08-29T08:08:00.190+0000] {dag.py:3947} INFO - Setting next_dagrun for lakehouse_pipeline to None, run_after=None
[2026-08-29T08:08:00.210+0000] {processor.py:183} INFO - Processing /opt/airflow/dags/lakehouse_pipeline.py took 0.109 seconds
[2026-08-29T08:08:30.363+0000] {processor.py:161} INFO - Started process (PID=410) to work on /opt/airflow/dags/lakehouse_pipeline.py
[2026-08-29T08:08:30.364+0000] {processor.py:830} INFO - Processing file /opt/airflow/dags/lakehouse_pipeline.py for tasks to queue
[2026-08-29T08:08:30.366+0000] {logging_mixin.py:188} INFO - [2026-08-29T08:08:30.366+0000] {dagbag.py:545} INFO - Filling up the DagBag from /opt/airflow/dags/lakehouse_pipeline.py
[2026-08-29T08:08:30.387+0000] {processor.py:840} INFO - DAG(s) 'lakehouse_pipeline' retrieved from /opt/airflow/dags/lakehouse_pipeline.py
[2026-08-29T08:08:30.433+0000] {logging_mixin.py:188} INFO - [2026-08-29T08:08:30.433+0000] {dag.py:3089} INFO - Sync 1 DAGs
[2026-08-29T08:08:30.448+0000] {logging_mixin.py:188} INFO - [2026-08-29T08:08:30.447+0000] {dag.py:3947} INFO - Setting next_dagrun for lakehouse_pipeline to None, run_after=None
[2026-08-29T08:08:30.469+0000] {processor.py:183} INFO - Processing /opt/airflow/dags/lakehouse_pipeline.py took 0.116 seconds
[2026-08-29T08:09:00.715+0000] {processor.py:161} INFO - Started process (PID=415) to work on /opt/airflow/dags/lakehouse_pipeline.py
[2026-08-29T08:09:00.716+0000] {processor.py:830} INFO - Processing file /opt/airflow/dags/lakehouse_pipeline.py for tasks to queue
[2026-08-29T08:09:00.718+0000] {logging_mixin.py:188} INFO - [2026-08-29T08:09:00.718+0000] {dagbag.py:545} INFO - Filling up the DagBag from /opt/airflow/dags/lakehouse_pipeline.py
[2026-08-29T08:09:00.738+0000] {processor.py:840} INFO - DAG(s) 'lakehouse_pipeline' retrieved from /opt/airflow/dags/lakehouse_pipeline.py
[2026-08-29T08:09:00.777+0000] {logging_mixin.py:188} INFO - [2026-08-29T08:09:00.776+0000] {dag.py:3089} INFO - Sync 1 DAGs
[2026-08-29T08:09:00.788+0000] {logging_mixin.py:188} INFO - [2026-08-29T08:09:00.787+0000] {dag.py:3947} INFO - Setting next_dagrun for lakehouse_pipeline to None, run_after=None
[2026-08-29T08:09:00.816+0000] {processor.py:183} INFO - Processing /opt/airflow/dags/lakehouse_pipeline.py took 0.107 seconds
[2026-08-29T08:09:30.993+0000] {processor.py:161} INFO - Started process (PID=420) to work on /opt/airflow/dags/lakehouse_pipeline.py
[2026-08-29T08:09:30.994+0000] {processor.py:830} INFO - Processing file /opt/airflow/dags/lakehouse_pipeline.py for tasks to queue
[2026-08-29T08:09:30.995+0000] {logging_mixin.py:188} INFO - [2026-08-29T08:09:30.995+0000] {dagbag.py:545} INFO - Filling up the DagBag from /opt/airflow/dags/lakehouse_pipeline.py
[2026-08-29T08:09:31.016+0000] {processor.py:840} INFO - DAG(s) 'lakehouse_pipeline' retrieved from /opt/airflow/dags/lakehouse_pipeline.py
[2026-08-29T08:09:31.053+0000] {logging_mixin.py:188} INFO - [2026-08-29T08:09:31.053+0000] {dag.py:3089} INFO - Sync 1 DAGs
[2026-08-29T08:09:31.064+0000] {logging_mixin.py:188} INFO - [2026-08-29T08:09:31.064+0000] {dag.py:3947} INFO - Setting next_dagrun for lakehouse_pipeline to None, run_after=None
[2026-08-29T08:09:31.082+0000] {processor.py:183} INFO - Processing /opt/airflow/dags/lakehouse_pipeline.py took 0.095 seconds
[2026-08-29T08:10:01.291+0000] {processor.py:161} INFO - Started process (PID=425) to work on /opt/airflow/dags/lakehouse_pipeline.py
[2026-08-29T08:10:01.292+0000] {processor.py:830} INFO - Processing file /opt/airflow/dags/lakehouse_pipeline.py for tasks to queue
[2026-08-29T08:10:01.304+0000] {logging_mixin.py:188} INFO - [2026-08-29T08:10:01.303+0000] {dagbag.py:545} INFO - Filling up the DagBag from /opt/airflow/dags/lakehouse_pipeline.py
[2026-08-29T08:10:01.421+0000] {processor.py:840} INFO - DAG(s) 'lakehouse_pipeline' retrieved from /opt/airflow/dags/lakehouse_pipeline.py
[2026-08-29T08:10:01.600+0000] {logging_mixin.py:188} INFO - [2026-08-29T08:10:01.597+0000] {dag.py:3089} INFO - Sync 1 DAGs
[2026-08-29T08:10:01.672+0000] {logging_mixin.py:188} INFO - [2026-08-29T08:10:01.672+0000] {dag.py:3947} INFO - Setting next_dagrun for lakehouse_pipeline to None, run_after=None
[2026-08-29T08:10:01.757+0000] {processor.py:183} INFO - Processing /opt/airflow/dags/lakehouse_pipeline.py took 0.486 seconds
[2026-08-29T08:10:32.075+0000] {processor.py:161} INFO - Started process (PID=430) to work on /opt/airflow/dags/lakehouse_pipeline.py
[2026-08-29T08:10:32.076+0000] {processor.py:830} INFO - Processing file /opt/airflow/dags/lakehouse_pipeline.py for tasks to queue
[2026-08-29T08:10:32.079+0000] {logging_mixin.py:188} INFO - [2026-08-29T08:10:32.078+0000] {dagbag.py:545} INFO - Filling up the DagBag from /opt/airflow/dags/lakehouse_pipeline.py
[2026-08-29T08:10:32.109+0000] {processor.py:840} INFO - DAG(s) 'lakehouse_pipeline' retrieved from /opt/airflow/dags/lakehouse_pipeline.py
[2026-08-29T08:10:32.160+0000] {logging_mixin.py:188} INFO - [2026-08-29T08:10:32.160+0000] {dag.py:3089} INFO - Sync 1 DAGs
[2026-08-29T08:10:32.174+0000] {logging_mixin.py:188} INFO - [2026-08-29T08:10:32.174+0000] {dag.py:3947} INFO - Setting next_dagrun for lakehouse_pipeline to None, run_after=None
[2026-08-29T08:10:32.198+0000] {processor.py:183} INFO - Processing /opt/airflow/dags/lakehouse_pipeline.py took 0.133 seconds
[2026-08-29T08:11:02.392+0000] {processor.py:161} INFO - Started process (PID=435) to work on /opt/airflow/dags/lakehouse_pipeline.py
[2026-08-29T08:11:02.394+0000] {processor.py:830} INFO - Processing file /opt/airflow/dags/lakehouse_pipeline.py for tasks to queue
[2026-08-29T08:11:02.397+0000] {logging_mixin.py:188} INFO - [2026-08-29T08:11:02.397+0000] {dagbag.py:545} INFO - Filling up the DagBag from /opt/airflow/dags/lakehouse_pipeline.py
[2026-08-29T08:11:02.418+0000] {processor.py:840} INFO - DAG(s) 'lakehouse_pipeline' retrieved from /opt/airflow/dags/lakehouse_pipeline.py
[2026-08-29T08:11:02.468+0000] {logging_mixin.py:188} INFO - [2026-08-29T08:11:02.467+0000] {dag.py:3089} INFO - Sync 1 DAGs
[2026-08-29T08:11:02.484+0000] {logging_mixin.py:188} INFO - [2026-08-29T08:11:02.484+0000] {dag.py:3947} INFO - Setting next_dagrun for lakehouse_pipeline to None, run_after=None
[2026-08-29T08:11:02.508+0000] {processor.py:183} INFO - Processing /opt/airflow/dags/lakehouse_pipeline.py took 0.123 seconds
[2026-08-29T08:11:32.673+0000] {processor.py:161} INFO - Started process (PID=440) to work on /opt/airflow/dags/lakehouse_pipeline.py
[2026-08-29T08:11:32.674+0000] {processor.py:830} INFO - Processing file /opt/airflow/dags/lakehouse_pipeline.py for tasks to queue
[2026-08-29T08:11:32.676+0000] {logging_mixin.py:188} INFO - [2026-08-29T08:11:32.676+0000] {dagbag.py:545} INFO - Filling up the DagBag from /opt/airflow/dags/lakehouse_pipeline.py
[2026-08-29T08:11:32.697+0000] {processor.py:840} INFO - DAG(s) 'lakehouse_pipeline' retrieved from /opt/airflow/dags/lakehouse_pipeline.py
[2026-08-29T08:11:32.741+0000] {logging_mixin.py:188} INFO - [2026-08-29T08:11:32.740+0000] {dag.py:3089} INFO - Sync 1 DAGs
[2026-08-29T08:11:32.753+0000] {logging_mixin.py:188} INFO - [2026-08-29T08:11:32.752+0000] {dag.py:3947} INFO - Setting next_dagrun for lakehouse_pipeline to None, run_after=None
[2026-08-29T08:11:32.772+0000] {processor.py:183} INFO - Processing /opt/airflow/dags/lakehouse_pipeline.py took 0.109 seconds
[2026-08-29T08:12:03.021+0000] {processor.py:161} INFO - Started process (PID=445) to work on /opt/airflow/dags/lakehouse_pipeline.py
[2026-08-29T08:12:03.022+0000] {processor.py:830} INFO - Processing file /opt/airflow/dags/lakehouse_pipeline.py for tasks to queue
[2026-08-29T08:12:03.024+0000] {logging_mixin.py:188} INFO - [2026-08-29T08:12:03.023+0000] {dagbag.py:545} INFO - Filling up the DagBag from /opt/airflow/dags/lakehouse_pipeline.py
[2026-08-29T08:12:03.045+0000] {processor.py:840} INFO - DAG(s) 'lakehouse_pipeline' retrieved from /opt/airflow/dags/lakehouse_pipeline.py
[2026-08-29T08:12:03.085+0000] {logging_mixin.py:188} INFO - [2026-08-29T08:12:03.085+0000] {dag.py:3089} INFO - Sync 1 DAGs
[2026-08-29T08:12:03.097+0000] {logging_mixin.py:188} INFO - [2026-08-29T08:12:03.096+0000] {dag.py:3947} INFO - Setting next_dagrun for lakehouse_pipeline to None, run_after=None
[2026-08-29T08:12:03.114+0000] {processor.py:183} INFO - Processing /opt/airflow/dags/lakehouse_pipeline.py took 0.101 seconds
[2026-08-29T08:12:33.259+0000] {processor.py:161} INFO - Started process (PID=450) to work on /opt/airflow/dags/lakehouse_pipeline.py
[2026-08-29T08:12:33.260+0000] {processor.py:830} INFO - Processing file /opt/airflow/dags/lakehouse_pipeline.py for tasks to queue
[2026-08-29T08:12:33.263+0000] {logging_mixin.py:188} INFO - [2026-08-29T08:12:33.263+0000] {dagbag.py:545} INFO - Filling up the DagBag from /opt/airflow/dags/lakehouse_pipeline.py
[2026-08-29T08:12:33.298+0000] {processor.py:840} INFO - DAG(s) 'lakehouse_pipeline' retrieved from /opt/airflow/dags/lakehouse_pipeline.py
[2026-08-29T08:12:33.378+0000] {logging_mixin.py:188} INFO - [2026-08-29T08:12:33.378+0000] {dag.py:3089} INFO - Sync 1 DAGs
[2026-08-29T08:12:33.399+0000] {logging_mixin.py:188} INFO - [2026-08-29T08:12:33.398+0000] {dag.py:3947} INFO - Setting next_dagrun for lakehouse_pipeline to None, run_after=None
[2026-08-29T08:12:33.431+0000] {processor.py:183} INFO - Processing /opt/airflow/dags/lakehouse_pipeline.py took 0.185 seconds
[2026-08-29T08:13:03.624+0000] {processor.py:161} INFO - Started process (PID=455) to work on /opt/airflow/dags/lakehouse_pipeline.py
[2026-08-29T08:13:03.625+0000] {processor.py:830} INFO - Processing file /opt/airflow/dags/lakehouse_pipeline.py for tasks to queue
[2026-08-29T08:13:03.631+0000] {logging_mixin.py:188} INFO - [2026-08-29T08:13:03.630+0000] {dagbag.py:545} INFO - Filling up the DagBag from /opt/airflow/dags/lakehouse_pipeline.py
[2026-08-29T08:13:03.687+0000] {processor.py:840} INFO - DAG(s) 'lakehouse_pipeline' retrieved from /opt/airflow/dags/lakehouse_pipeline.py
[2026-08-29T08:13:03.803+0000] {logging_mixin.py:188} INFO - [2026-08-29T08:13:03.803+0000] {dag.py:3089} INFO - Sync 1 DAGs
[2026-08-29T08:13:03.880+0000] {logging_mixin.py:188} INFO - [2026-08-29T08:13:03.880+0000] {dag.py:3947} INFO - Setting next_dagrun for lakehouse_pipeline to None, run_after=None
[2026-08-29T08:13:03.945+0000] {processor.py:183} INFO - Processing /opt/airflow/dags/lakehouse_pipeline.py took 0.346 seconds
[2026-08-29T08:13:34.204+0000] {processor.py:161} INFO - Started process (PID=460) to work on /opt/airflow/dags/lakehouse_pipeline.py
[2026-08-29T08:13:34.205+0000] {processor.py:830} INFO - Processing file /opt/airflow/dags/lakehouse_pipeline.py for tasks to queue
[2026-08-29T08:13:34.207+0000] {logging_mixin.py:188} INFO - [2026-08-29T08:13:34.207+0000] {dagbag.py:545} INFO - Filling up the DagBag from /opt/airflow/dags/lakehouse_pipeline.py
[2026-08-29T08:13:34.235+0000] {processor.py:840} INFO - DAG(s) 'lakehouse_pipeline' retrieved from /opt/airflow/dags/lakehouse_pipeline.py
[2026-08-29T08:13:34.286+0000] {logging_mixin.py:188} INFO - [2026-08-29T08:13:34.286+0000] {dag.py:3089} INFO - Sync 1 DAGs
[2026-08-29T08:13:34.301+0000] {logging_mixin.py:188} INFO - [2026-08-29T08:13:34.300+0000] {dag.py:3947} INFO - Setting next_dagrun for lakehouse_pipeline to None, run_after=None
[2026-08-29T08:13:34.325+0000] {processor.py:183} INFO - Processing /opt/airflow/dags/lakehouse_pipeline.py took 0.129 seconds
[2026-08-29T08:14:04.449+0000] {processor.py:161} INFO - Started process (PID=465) to work on /opt/airflow/dags/lakehouse_pipeline.py
[2026-08-29T08:14:04.450+0000] {processor.py:830} INFO - Processing file /opt/airflow/dags/lakehouse_pipeline.py for tasks to queue
[2026-08-29T08:14:04.454+0000] {logging_mixin.py:188} INFO - [2026-08-29T08:14:04.453+0000] {dagbag.py:545} INFO - Filling up the DagBag from /opt/airflow/dags/lakehouse_pipeline.py
[2026-08-29T08:14:04.476+0000] {processor.py:840} INFO - DAG(s) 'lakehouse_pipeline' retrieved from /opt/airflow/dags/lakehouse_pipeline.py
[2026-08-29T08:14:04.528+0000] {logging_mixin.py:188} INFO - [2026-08-29T08:14:04.528+0000] {dag.py:3089} INFO - Sync 1 DAGs
[2026-08-29T08:14:04.551+0000] {logging_mixin.py:188} INFO - [2026-08-29T08:14:04.551+0000] {dag.py:3947} INFO - Setting next_dagrun for lakehouse_pipeline to None, run_after=None
[2026-08-29T08:14:04.618+0000] {processor.py:183} INFO - Processing /opt/airflow/dags/lakehouse_pipeline.py took 0.185 seconds
[2026-08-29T08:14:34.716+0000] {processor.py:161} INFO - Started process (PID=470) to work on /opt/airflow/dags/lakehouse_pipeline.py
[2026-08-29T08:14:34.717+0000] {processor.py:830} INFO - Processing file /opt/airflow/dags/lakehouse_pipeline.py for tasks to queue
[2026-08-29T08:14:34.719+0000] {logging_mixin.py:188} INFO - [2026-08-29T08:14:34.719+0000] {dagbag.py:545} INFO - Filling up the DagBag from /opt/airflow/dags/lakehouse_pipeline.py
[2026-08-29T08:14:34.741+0000] {processor.py:840} INFO - DAG(s) 'lakehouse_pipeline' retrieved from /opt/airflow/dags/lakehouse_pipeline.py
[2026-08-29T08:14:34.795+0000] {logging_mixin.py:188} INFO - [2026-08-29T08:14:34.794+0000] {dag.py:3089} INFO - Sync 1 DAGs
[2026-08-29T08:14:34.812+0000] {logging_mixin.py:188} INFO - [2026-08-29T08:14:34.812+0000] {dag.py:3947} INFO - Setting next_dagrun for lakehouse_pipeline to None, run_after=None
[2026-08-29T08:14:34.833+0000] {processor.py:183} INFO - Processing /opt/airflow/dags/lakehouse_pipeline.py took 0.125 seconds
[2026-08-29T08:15:05.016+0000] {processor.py:161} INFO - Started process (PID=475) to work on /opt/airflow/dags/lakehouse_pipeline.py
[2026-08-29T08:15:05.018+0000] {processor.py:830} INFO - Processing file /opt/airflow/dags/lakehouse_pipeline.py for tasks to queue
[2026-08-29T08:15:05.020+0000] {logging_mixin.py:188} INFO - [2026-08-29T08:15:05.020+0000] {dagbag.py:545} INFO - Filling up the DagBag from /opt/airflow/dags/lakehouse_pipeline.py
[2026-08-29T08:15:05.045+0000] {processor.py:840} INFO - DAG(s) 'lakehouse_pipeline' retrieved from /opt/airflow/dags/lakehouse_pipeline.py
[2026-08-29T08:15:05.094+0000] {logging_mixin.py:188} INFO - [2026-08-29T08:15:05.094+0000] {dag.py:3089} INFO - Sync 1 DAGs
[2026-08-29T08:15:05.111+0000] {logging_mixin.py:188} INFO - [2026-08-29T08:15:05.111+0000] {dag.py:3947} INFO - Setting next_dagrun for lakehouse_pipeline to None, run_after=None
[2026-08-29T08:15:05.141+0000] {processor.py:183} INFO - Processing /opt/airflow/dags/lakehouse_pipeline.py took 0.132 seconds
[2026-08-29T08:15:51.521+0000] {processor.py:161} INFO - Started process (PID=167) to work on /opt/airflow/dags/lakehouse_pipeline.py
[2026-08-29T08:15:51.522+0000] {processor.py:830} INFO - Processing file /opt/airflow/dags/lakehouse_pipeline.py for tasks to queue
[2026-08-29T08:15:51.525+0000] {logging_mixin.py:188} INFO - [2026-08-29T08:15:51.524+0000] {dagbag.py:545} INFO - Filling up the DagBag from /opt/airflow/dags/lakehouse_pipeline.py
[2026-08-29T08:15:51.563+0000] {processor.py:840} INFO - DAG(s) 'lakehouse_pipeline' retrieved from /opt/airflow/dags/lakehouse_pipeline.py
[2026-08-29T08:15:51.838+0000] {logging_mixin.py:188} INFO - [2026-08-29T08:15:51.837+0000] {dag.py:3089} INFO - Sync 1 DAGs
[2026-08-29T08:15:51.872+0000] {logging_mixin.py:188} INFO - [2026-08-29T08:15:51.871+0000] {dag.py:3947} INFO - Setting next_dagrun for lakehouse_pipeline to None, run_after=None
[2026-08-29T08:15:51.916+0000] {processor.py:183} INFO - Processing /opt/airflow/dags/lakehouse_pipeline.py took 0.402 seconds
[2026-08-29T08:16:22.145+0000] {processor.py:161} INFO - Started process (PID=172) to work on /opt/airflow/dags/lakehouse_pipeline.py
[2026-08-29T08:16:22.146+0000] {processor.py:830} INFO - Processing file /opt/airflow/dags/lakehouse_pipeline.py for tasks to queue
[2026-08-29T08:16:22.150+0000] {logging_mixin.py:188} INFO - [2026-08-29T08:16:22.149+0000] {dagbag.py:545} INFO - Filling up the DagBag from /opt/airflow/dags/lakehouse_pipeline.py
[2026-08-29T08:16:22.170+0000] {processor.py:840} INFO - DAG(s) 'lakehouse_pipeline' retrieved from /opt/airflow/dags/lakehouse_pipeline.py
[2026-08-29T08:16:22.219+0000] {logging_mixin.py:188} INFO - [2026-08-29T08:16:22.217+0000] {dag.py:3089} INFO - Sync 1 DAGs
[2026-08-29T08:16:22.231+0000] {logging_mixin.py:188} INFO - [2026-08-29T08:16:22.231+0000] {dag.py:3947} INFO - Setting next_dagrun for lakehouse_pipeline to None, run_after=None
[2026-08-29T08:16:22.251+0000] {processor.py:183} INFO - Processing /opt/airflow/dags/lakehouse_pipeline.py took 0.112 seconds
[2026-08-29T08:16:52.323+0000] {processor.py:161} INFO - Started process (PID=177) to work on /opt/airflow/dags/lakehouse_pipeline.py
[2026-08-29T08:16:52.324+0000] {processor.py:830} INFO - Processing file /opt/airflow/dags/lakehouse_pipeline.py for tasks to queue
[2026-08-29T08:16:52.326+0000] {logging_mixin.py:188} INFO - [2026-08-29T08:16:52.326+0000] {dagbag.py:545} INFO - Filling up the DagBag from /opt/airflow/dags/lakehouse_pipeline.py
[2026-08-29T08:16:52.351+0000] {processor.py:840} INFO - DAG(s) 'lakehouse_pipeline' retrieved from /opt/airflow/dags/lakehouse_pipeline.py
[2026-08-29T08:16:52.402+0000] {logging_mixin.py:188} INFO - [2026-08-29T08:16:52.402+0000] {dag.py:3089} INFO - Sync 1 DAGs
[2026-08-29T08:16:52.417+0000] {logging_mixin.py:188} INFO - [2026-08-29T08:16:52.417+0000] {dag.py:3947} INFO - Setting next_dagrun for lakehouse_pipeline to None, run_after=None
[2026-08-29T08:16:52.442+0000] {processor.py:183} INFO - Processing /opt/airflow/dags/lakehouse_pipeline.py took 0.127 seconds
[2026-08-29T08:17:22.645+0000] {processor.py:161} INFO - Started process (PID=182) to work on /opt/airflow/dags/lakehouse_pipeline.py
[2026-08-29T08:17:22.646+0000] {processor.py:830} INFO - Processing file /opt/airflow/dags/lakehouse_pipeline.py for tasks to queue
[2026-08-29T08:17:22.648+0000] {logging_mixin.py:188} INFO - [2026-08-29T08:17:22.648+0000] {dagbag.py:545} INFO - Filling up the DagBag from /opt/airflow/dags/lakehouse_pipeline.py
[2026-08-29T08:17:22.670+0000] {processor.py:840} INFO - DAG(s) 'lakehouse_pipeline' retrieved from /opt/airflow/dags/lakehouse_pipeline.py
[2026-08-29T08:17:22.711+0000] {logging_mixin.py:188} INFO - [2026-08-29T08:17:22.711+0000] {dag.py:3089} INFO - Sync 1 DAGs
[2026-08-29T08:17:22.723+0000] {logging_mixin.py:188} INFO - [2026-08-29T08:17:22.723+0000] {dag.py:3947} INFO - Setting next_dagrun for lakehouse_pipeline to None, run_after=None
[2026-08-29T08:17:22.743+0000] {processor.py:183} INFO - Processing /opt/airflow/dags/lakehouse_pipeline.py took 0.104 seconds
[2026-08-29T08:17:52.879+0000] {processor.py:161} INFO - Started process (PID=193) to work on /opt/airflow/dags/lakehouse_pipeline.py
[2026-08-29T08:17:52.880+0000] {processor.py:830} INFO - Processing file /opt/airflow/dags/lakehouse_pipeline.py for tasks to queue
[2026-08-29T08:17:52.882+0000] {logging_mixin.py:188} INFO - [2026-08-29T08:17:52.882+0000] {dagbag.py:545} INFO - Filling up the DagBag from /opt/airflow/dags/lakehouse_pipeline.py
[2026-08-29T08:17:52.903+0000] {processor.py:840} INFO - DAG(s) 'lakehouse_pipeline' retrieved from /opt/airflow/dags/lakehouse_pipeline.py
[2026-08-29T08:17:52.946+0000] {logging_mixin.py:188} INFO - [2026-08-29T08:17:52.946+0000] {dag.py:3089} INFO - Sync 1 DAGs
[2026-08-29T08:17:52.958+0000] {logging_mixin.py:188} INFO - [2026-08-29T08:17:52.958+0000] {dag.py:3947} INFO - Setting next_dagrun for lakehouse_pipeline to None, run_after=None
[2026-08-29T08:17:52.978+0000] {processor.py:183} INFO - Processing /opt/airflow/dags/lakehouse_pipeline.py took 0.106 seconds
[2026-08-29T08:18:23.200+0000] {processor.py:161} INFO - Started process (PID=198) to work on /opt/airflow/dags/lakehouse_pipeline.py
[2026-08-29T08:18:23.201+0000] {processor.py:830} INFO - Processing file /opt/airflow/dags/lakehouse_pipeline.py for tasks to queue
[2026-08-29T08:18:23.203+0000] {logging_mixin.py:188} INFO - [2026-08-29T08:18:23.202+0000] {dagbag.py:545} INFO - Filling up the DagBag from /opt/airflow/dags/lakehouse_pipeline.py
[2026-08-29T08:18:23.222+0000] {processor.py:840} INFO - DAG(s) 'lakehouse_pipeline' retrieved from /opt/airflow/dags/lakehouse_pipeline.py
[2026-08-29T08:18:23.260+0000] {logging_mixin.py:188} INFO - [2026-08-29T08:18:23.260+0000] {dag.py:3089} INFO - Sync 1 DAGs
[2026-08-29T08:18:23.272+0000] {logging_mixin.py:188} INFO - [2026-08-29T08:18:23.272+0000] {dag.py:3947} INFO - Setting next_dagrun for lakehouse_pipeline to None, run_after=None
[2026-08-29T08:18:23.290+0000] {processor.py:183} INFO - Processing /opt/airflow/dags/lakehouse_pipeline.py took 0.096 seconds
[2026-08-29T08:18:53.626+0000] {processor.py:161} INFO - Started process (PID=463) to work on /opt/airflow/dags/lakehouse_pipeline.py
[2026-08-29T08:18:53.628+0000] {processor.py:830} INFO - Processing file /opt/airflow/dags/lakehouse_pipeline.py for tasks to queue
[2026-08-29T08:18:53.649+0000] {logging_mixin.py:188} INFO - [2026-08-29T08:18:53.646+0000] {dagbag.py:545} INFO - Filling up the DagBag from /opt/airflow/dags/lakehouse_pipeline.py
[2026-08-29T08:18:54.007+0000] {processor.py:840} INFO - DAG(s) 'lakehouse_pipeline' retrieved from /opt/airflow/dags/lakehouse_pipeline.py
[2026-08-29T08:18:54.286+0000] {logging_mixin.py:188} INFO - [2026-08-29T08:18:54.285+0000] {dag.py:3089} INFO - Sync 1 DAGs
[2026-08-29T08:18:54.368+0000] {logging_mixin.py:188} INFO - [2026-08-29T08:18:54.367+0000] {dag.py:3947} INFO - Setting next_dagrun for lakehouse_pipeline to None, run_after=None
[2026-08-29T08:18:54.423+0000] {processor.py:183} INFO - Processing /opt/airflow/dags/lakehouse_pipeline.py took 0.854 seconds
[2026-08-29T08:19:24.950+0000] {processor.py:161} INFO - Started process (PID=627) to work on /opt/airflow/dags/lakehouse_pipeline.py
[2026-08-29T08:19:24.956+0000] {processor.py:830} INFO - Processing file /opt/airflow/dags/lakehouse_pipeline.py for tasks to queue
[2026-08-29T08:19:24.966+0000] {logging_mixin.py:188} INFO - [2026-08-29T08:19:24.963+0000] {dagbag.py:545} INFO - Filling up the DagBag from /opt/airflow/dags/lakehouse_pipeline.py
[2026-08-29T08:19:25.056+0000] {processor.py:840} INFO - DAG(s) 'lakehouse_pipeline' retrieved from /opt/airflow/dags/lakehouse_pipeline.py
[2026-08-29T08:19:25.292+0000] {logging_mixin.py:188} INFO - [2026-08-29T08:19:25.291+0000] {dag.py:3089} INFO - Sync 1 DAGs
[2026-08-29T08:19:25.356+0000] {logging_mixin.py:188} INFO - [2026-08-29T08:19:25.355+0000] {dag.py:3947} INFO - Setting next_dagrun for lakehouse_pipeline to None, run_after=None
[2026-08-29T08:19:25.410+0000] {processor.py:183} INFO - Processing /opt/airflow/dags/lakehouse_pipeline.py took 0.519 seconds
[2026-08-29T08:19:55.749+0000] {processor.py:161} INFO - Started process (PID=1215) to work on /opt/airflow/dags/lakehouse_pipeline.py
[2026-08-29T08:19:55.754+0000] {processor.py:830} INFO - Processing file /opt/airflow/dags/lakehouse_pipeline.py for tasks to queue
[2026-08-29T08:19:55.762+0000] {logging_mixin.py:188} INFO - [2026-08-29T08:19:55.761+0000] {dagbag.py:545} INFO - Filling up the DagBag from /opt/airflow/dags/lakehouse_pipeline.py
[2026-08-29T08:19:55.885+0000] {processor.py:840} INFO - DAG(s) 'lakehouse_pipeline' retrieved from /opt/airflow/dags/lakehouse_pipeline.py
[2026-08-29T08:19:56.192+0000] {logging_mixin.py:188} INFO - [2026-08-29T08:19:56.191+0000] {dag.py:3089} INFO - Sync 1 DAGs
[2026-08-29T08:19:56.300+0000] {logging_mixin.py:188} INFO - [2026-08-29T08:19:56.300+0000] {dag.py:3947} INFO - Setting next_dagrun for lakehouse_pipeline to None, run_after=None
[2026-08-29T08:19:56.417+0000] {processor.py:183} INFO - Processing /opt/airflow/dags/lakehouse_pipeline.py took 0.683 seconds
[2026-08-29T08:20:26.790+0000] {processor.py:161} INFO - Started process (PID=1325) to work on /opt/airflow/dags/lakehouse_pipeline.py
[2026-08-29T08:20:26.792+0000] {processor.py:830} INFO - Processing file /opt/airflow/dags/lakehouse_pipeline.py for tasks to queue
[2026-08-29T08:20:26.798+0000] {logging_mixin.py:188} INFO - [2026-08-29T08:20:26.798+0000] {dagbag.py:545} INFO - Filling up the DagBag from /opt/airflow/dags/lakehouse_pipeline.py
[2026-08-29T08:20:26.856+0000] {processor.py:840} INFO - DAG(s) 'lakehouse_pipeline' retrieved from /opt/airflow/dags/lakehouse_pipeline.py
[2026-08-29T08:20:26.972+0000] {logging_mixin.py:188} INFO - [2026-08-29T08:20:26.971+0000] {dag.py:3089} INFO - Sync 1 DAGs
[2026-08-29T08:20:26.993+0000] {logging_mixin.py:188} INFO - [2026-08-29T08:20:26.993+0000] {dag.py:3947} INFO - Setting next_dagrun for lakehouse_pipeline to None, run_after=None
[2026-08-29T08:20:27.041+0000] {processor.py:183} INFO - Processing /opt/airflow/dags/lakehouse_pipeline.py took 0.264 seconds
[2026-08-29T08:20:58.348+0000] {processor.py:161} INFO - Started process (PID=1640) to work on /opt/airflow/dags/lakehouse_pipeline.py
[2026-08-29T08:20:58.362+0000] {processor.py:830} INFO - Processing file /opt/airflow/dags/lakehouse_pipeline.py for tasks to queue
[2026-08-29T08:20:58.404+0000] {logging_mixin.py:188} INFO - [2026-08-29T08:20:58.400+0000] {dagbag.py:545} INFO - Filling up the DagBag from /opt/airflow/dags/lakehouse_pipeline.py
[2026-08-29T08:20:59.130+0000] {processor.py:840} INFO - DAG(s) 'lakehouse_pipeline' retrieved from /opt/airflow/dags/lakehouse_pipeline.py
[2026-08-29T08:20:59.555+0000] {logging_mixin.py:188} INFO - [2026-08-29T08:20:59.555+0000] {dag.py:3089} INFO - Sync 1 DAGs
[2026-08-29T08:20:59.851+0000] {logging_mixin.py:188} INFO - [2026-08-29T08:20:59.851+0000] {dag.py:3947} INFO - Setting next_dagrun for lakehouse_pipeline to None, run_after=None
[2026-08-29T08:21:00.090+0000] {processor.py:183} INFO - Processing /opt/airflow/dags/lakehouse_pipeline.py took 2.173 seconds
[2026-08-29T08:21:30.365+0000] {processor.py:161} INFO - Started process (PID=1773) to work on /opt/airflow/dags/lakehouse_pipeline.py
[2026-08-29T08:21:30.366+0000] {processor.py:830} INFO - Processing file /opt/airflow/dags/lakehouse_pipeline.py for tasks to queue
[2026-08-29T08:21:30.368+0000] {logging_mixin.py:188} INFO - [2026-08-29T08:21:30.368+0000] {dagbag.py:545} INFO - Filling up the DagBag from /opt/airflow/dags/lakehouse_pipeline.py
[2026-08-29T08:21:30.393+0000] {processor.py:840} INFO - DAG(s) 'lakehouse_pipeline' retrieved from /opt/airflow/dags/lakehouse_pipeline.py
[2026-08-29T08:21:30.466+0000] {logging_mixin.py:188} INFO - [2026-08-29T08:21:30.466+0000] {dag.py:3089} INFO - Sync 1 DAGs
[2026-08-29T08:21:30.489+0000] {logging_mixin.py:188} INFO - [2026-08-29T08:21:30.488+0000] {dag.py:3947} INFO - Setting next_dagrun for lakehouse_pipeline to None, run_after=None
[2026-08-29T08:21:30.530+0000] {processor.py:183} INFO - Processing /opt/airflow/dags/lakehouse_pipeline.py took 0.174 seconds
[2026-08-29T08:22:00.849+0000] {processor.py:161} INFO - Started process (PID=2089) to work on /opt/airflow/dags/lakehouse_pipeline.py
[2026-08-29T08:22:00.851+0000] {processor.py:830} INFO - Processing file /opt/airflow/dags/lakehouse_pipeline.py for tasks to queue
[2026-08-29T08:22:00.854+0000] {logging_mixin.py:188} INFO - [2026-08-29T08:22:00.853+0000] {dagbag.py:545} INFO - Filling up the DagBag from /opt/airflow/dags/lakehouse_pipeline.py
[2026-08-29T08:22:00.894+0000] {processor.py:840} INFO - DAG(s) 'lakehouse_pipeline' retrieved from /opt/airflow/dags/lakehouse_pipeline.py
[2026-08-29T08:22:00.992+0000] {logging_mixin.py:188} INFO - [2026-08-29T08:22:00.991+0000] {dag.py:3089} INFO - Sync 1 DAGs
[2026-08-29T08:22:01.029+0000] {logging_mixin.py:188} INFO - [2026-08-29T08:22:01.029+0000] {dag.py:3947} INFO - Setting next_dagrun for lakehouse_pipeline to None, run_after=None
[2026-08-29T08:22:01.088+0000] {processor.py:183} INFO - Processing /opt/airflow/dags/lakehouse_pipeline.py took 0.252 seconds
[2026-08-29T08:22:31.463+0000] {processor.py:161} INFO - Started process (PID=2243) to work on /opt/airflow/dags/lakehouse_pipeline.py
[2026-08-29T08:22:31.466+0000] {processor.py:830} INFO - Processing file /opt/airflow/dags/lakehouse_pipeline.py for tasks to queue
[2026-08-29T08:22:31.470+0000] {logging_mixin.py:188} INFO - [2026-08-29T08:22:31.469+0000] {dagbag.py:545} INFO - Filling up the DagBag from /opt/airflow/dags/lakehouse_pipeline.py
[2026-08-29T08:22:31.529+0000] {processor.py:840} INFO - DAG(s) 'lakehouse_pipeline' retrieved from /opt/airflow/dags/lakehouse_pipeline.py
[2026-08-29T08:22:31.635+0000] {logging_mixin.py:188} INFO - [2026-08-29T08:22:31.635+0000] {dag.py:3089} INFO - Sync 1 DAGs
[2026-08-29T08:22:31.665+0000] {logging_mixin.py:188} INFO - [2026-08-29T08:22:31.664+0000] {dag.py:3947} INFO - Setting next_dagrun for lakehouse_pipeline to None, run_after=None
[2026-08-29T08:22:31.712+0000] {processor.py:183} INFO - Processing /opt/airflow/dags/lakehouse_pipeline.py took 0.272 seconds
[2026-08-29T08:23:01.892+0000] {processor.py:161} INFO - Started process (PID=2638) to work on /opt/airflow/dags/lakehouse_pipeline.py
[2026-08-29T08:23:01.895+0000] {processor.py:830} INFO - Processing file /opt/airflow/dags/lakehouse_pipeline.py for tasks to queue
[2026-08-29T08:23:01.900+0000] {logging_mixin.py:188} INFO - [2026-08-29T08:23:01.899+0000] {dagbag.py:545} INFO - Filling up the DagBag from /opt/airflow/dags/lakehouse_pipeline.py
[2026-08-29T08:23:01.943+0000] {processor.py:840} INFO - DAG(s) 'lakehouse_pipeline' retrieved from /opt/airflow/dags/lakehouse_pipeline.py
[2026-08-29T08:23:02.040+0000] {logging_mixin.py:188} INFO - [2026-08-29T08:23:02.039+0000] {dag.py:3089} INFO - Sync 1 DAGs
[2026-08-29T08:23:02.072+0000] {logging_mixin.py:188} INFO - [2026-08-29T08:23:02.071+0000] {dag.py:3947} INFO - Setting next_dagrun for lakehouse_pipeline to None, run_after=None
[2026-08-29T08:23:02.104+0000] {processor.py:183} INFO - Processing /opt/airflow/dags/lakehouse_pipeline.py took 0.224 seconds
[2026-08-29T08:23:32.390+0000] {processor.py:161} INFO - Started process (PID=2998) to work on /opt/airflow/dags/lakehouse_pipeline.py
[2026-08-29T08:23:32.393+0000] {processor.py:830} INFO - Processing file /opt/airflow/dags/lakehouse_pipeline.py for tasks to queue
[2026-08-29T08:23:32.398+0000] {logging_mixin.py:188} INFO - [2026-08-29T08:23:32.397+0000] {dagbag.py:545} INFO - Filling up the DagBag from /opt/airflow/dags/lakehouse_pipeline.py
[2026-08-29T08:23:32.444+0000] {processor.py:840} INFO - DAG(s) 'lakehouse_pipeline' retrieved from /opt/airflow/dags/lakehouse_pipeline.py
[2026-08-29T08:23:32.528+0000] {logging_mixin.py:188} INFO - [2026-08-29T08:23:32.528+0000] {dag.py:3089} INFO - Sync 1 DAGs
[2026-08-29T08:23:32.554+0000] {logging_mixin.py:188} INFO - [2026-08-29T08:23:32.554+0000] {dag.py:3947} INFO - Setting next_dagrun for lakehouse_pipeline to None, run_after=None
[2026-08-29T08:23:32.606+0000] {processor.py:183} INFO - Processing /opt/airflow/dags/lakehouse_pipeline.py took 0.225 seconds
[2026-08-29T08:24:02.801+0000] {processor.py:161} INFO - Started process (PID=3302) to work on /opt/airflow/dags/lakehouse_pipeline.py
[2026-08-29T08:24:02.803+0000] {processor.py:830} INFO - Processing file /opt/airflow/dags/lakehouse_pipeline.py for tasks to queue
[2026-08-29T08:24:02.807+0000] {logging_mixin.py:188} INFO - [2026-08-29T08:24:02.806+0000] {dagbag.py:545} INFO - Filling up the DagBag from /opt/airflow/dags/lakehouse_pipeline.py
[2026-08-29T08:24:02.852+0000] {processor.py:840} INFO - DAG(s) 'lakehouse_pipeline' retrieved from /opt/airflow/dags/lakehouse_pipeline.py
[2026-08-29T08:24:02.943+0000] {logging_mixin.py:188} INFO - [2026-08-29T08:24:02.942+0000] {dag.py:3089} INFO - Sync 1 DAGs
[2026-08-29T08:24:02.973+0000] {logging_mixin.py:188} INFO - [2026-08-29T08:24:02.972+0000] {dag.py:3947} INFO - Setting next_dagrun for lakehouse_pipeline to None, run_after=None
[2026-08-29T08:24:03.009+0000] {processor.py:183} INFO - Processing /opt/airflow/dags/lakehouse_pipeline.py took 0.220 seconds
[2026-08-29T08:24:33.456+0000] {processor.py:161} INFO - Started process (PID=3637) to work on /opt/airflow/dags/lakehouse_pipeline.py
[2026-08-29T08:24:33.458+0000] {processor.py:830} INFO - Processing file /opt/airflow/dags/lakehouse_pipeline.py for tasks to queue
[2026-08-29T08:24:33.461+0000] {logging_mixin.py:188} INFO - [2026-08-29T08:24:33.461+0000] {dagbag.py:545} INFO - Filling up the DagBag from /opt/airflow/dags/lakehouse_pipeline.py
[2026-08-29T08:24:33.508+0000] {processor.py:840} INFO - DAG(s) 'lakehouse_pipeline' retrieved from /opt/airflow/dags/lakehouse_pipeline.py
[2026-08-29T08:24:33.602+0000] {logging_mixin.py:188} INFO - [2026-08-29T08:24:33.601+0000] {dag.py:3089} INFO - Sync 1 DAGs
[2026-08-29T08:24:33.634+0000] {logging_mixin.py:188} INFO - [2026-08-29T08:24:33.634+0000] {dag.py:3947} INFO - Setting next_dagrun for lakehouse_pipeline to None, run_after=None
[2026-08-29T08:24:33.676+0000] {processor.py:183} INFO - Processing /opt/airflow/dags/lakehouse_pipeline.py took 0.231 seconds
[2026-08-29T08:25:03.883+0000] {processor.py:161} INFO - Started process (PID=3942) to work on /opt/airflow/dags/lakehouse_pipeline.py
[2026-08-29T08:25:03.885+0000] {processor.py:830} INFO - Processing file /opt/airflow/dags/lakehouse_pipeline.py for tasks to queue
[2026-08-29T08:25:03.888+0000] {logging_mixin.py:188} INFO - [2026-08-29T08:25:03.887+0000] {dagbag.py:545} INFO - Filling up the DagBag from /opt/airflow/dags/lakehouse_pipeline.py
[2026-08-29T08:25:03.955+0000] {processor.py:840} INFO - DAG(s) 'lakehouse_pipeline' retrieved from /opt/airflow/dags/lakehouse_pipeline.py
[2026-08-29T08:25:04.071+0000] {logging_mixin.py:188} INFO - [2026-08-29T08:25:04.070+0000] {dag.py:3089} INFO - Sync 1 DAGs
[2026-08-29T08:25:04.100+0000] {logging_mixin.py:188} INFO - [2026-08-29T08:25:04.100+0000] {dag.py:3947} INFO - Setting next_dagrun for lakehouse_pipeline to None, run_after=None
[2026-08-29T08:25:04.147+0000] {processor.py:183} INFO - Processing /opt/airflow/dags/lakehouse_pipeline.py took 0.280 seconds
[2026-08-29T08:25:34.427+0000] {processor.py:161} INFO - Started process (PID=4284) to work on /opt/airflow/dags/lakehouse_pipeline.py
[2026-08-29T08:25:34.429+0000] {processor.py:830} INFO - Processing file /opt/airflow/dags/lakehouse_pipeline.py for tasks to queue
[2026-08-29T08:25:34.434+0000] {logging_mixin.py:188} INFO - [2026-08-29T08:25:34.432+0000] {dagbag.py:545} INFO - Filling up the DagBag from /opt/airflow/dags/lakehouse_pipeline.py
[2026-08-29T08:25:34.502+0000] {processor.py:840} INFO - DAG(s) 'lakehouse_pipeline' retrieved from /opt/airflow/dags/lakehouse_pipeline.py
[2026-08-29T08:25:34.622+0000] {logging_mixin.py:188} INFO - [2026-08-29T08:25:34.622+0000] {dag.py:3089} INFO - Sync 1 DAGs
[2026-08-29T08:25:34.649+0000] {logging_mixin.py:188} INFO - [2026-08-29T08:25:34.648+0000] {dag.py:3947} INFO - Setting next_dagrun for lakehouse_pipeline to None, run_after=None
[2026-08-29T08:25:34.687+0000] {processor.py:183} INFO - Processing /opt/airflow/dags/lakehouse_pipeline.py took 0.276 seconds
[2026-08-29T08:26:04.988+0000] {processor.py:161} INFO - Started process (PID=4647) to work on /opt/airflow/dags/lakehouse_pipeline.py
[2026-08-29T08:26:04.990+0000] {processor.py:830} INFO - Processing file /opt/airflow/dags/lakehouse_pipeline.py for tasks to queue
[2026-08-29T08:26:04.994+0000] {logging_mixin.py:188} INFO - [2026-08-29T08:26:04.993+0000] {dagbag.py:545} INFO - Filling up the DagBag from /opt/airflow/dags/lakehouse_pipeline.py
[2026-08-29T08:26:05.043+0000] {processor.py:840} INFO - DAG(s) 'lakehouse_pipeline' retrieved from /opt/airflow/dags/lakehouse_pipeline.py
[2026-08-29T08:26:05.122+0000] {logging_mixin.py:188} INFO - [2026-08-29T08:26:05.122+0000] {dag.py:3089} INFO - Sync 1 DAGs
[2026-08-29T08:26:05.148+0000] {logging_mixin.py:188} INFO - [2026-08-29T08:26:05.147+0000] {dag.py:3947} INFO - Setting next_dagrun for lakehouse_pipeline to None, run_after=None
[2026-08-29T08:26:05.191+0000] {processor.py:183} INFO - Processing /opt/airflow/dags/lakehouse_pipeline.py took 0.218 seconds
[2026-08-29T08:26:35.504+0000] {processor.py:161} INFO - Started process (PID=5086) to work on /opt/airflow/dags/lakehouse_pipeline.py
[2026-08-29T08:26:35.506+0000] {processor.py:830} INFO - Processing file /opt/airflow/dags/lakehouse_pipeline.py for tasks to queue
[2026-08-29T08:26:35.510+0000] {logging_mixin.py:188} INFO - [2026-08-29T08:26:35.510+0000] {dagbag.py:545} INFO - Filling up the DagBag from /opt/airflow/dags/lakehouse_pipeline.py
[2026-08-29T08:26:35.571+0000] {processor.py:840} INFO - DAG(s) 'lakehouse_pipeline' retrieved from /opt/airflow/dags/lakehouse_pipeline.py
[2026-08-29T08:26:35.696+0000] {logging_mixin.py:188} INFO - [2026-08-29T08:26:35.695+0000] {dag.py:3089} INFO - Sync 1 DAGs
[2026-08-29T08:26:35.730+0000] {logging_mixin.py:188} INFO - [2026-08-29T08:26:35.729+0000] {dag.py:3947} INFO - Setting next_dagrun for lakehouse_pipeline to None, run_after=None
[2026-08-29T08:26:35.776+0000] {processor.py:183} INFO - Processing /opt/airflow/dags/lakehouse_pipeline.py took 0.296 seconds
[2026-08-29T08:27:06.142+0000] {processor.py:161} INFO - Started process (PID=5476) to work on /opt/airflow/dags/lakehouse_pipeline.py
[2026-08-29T08:27:06.152+0000] {processor.py:830} INFO - Processing file /opt/airflow/dags/lakehouse_pipeline.py for tasks to queue
[2026-08-29T08:27:06.161+0000] {logging_mixin.py:188} INFO - [2026-08-29T08:27:06.160+0000] {dagbag.py:545} INFO - Filling up the DagBag from /opt/airflow/dags/lakehouse_pipeline.py
[2026-08-29T08:27:06.246+0000] {processor.py:840} INFO - DAG(s) 'lakehouse_pipeline' retrieved from /opt/airflow/dags/lakehouse_pipeline.py
[2026-08-29T08:27:06.339+0000] {logging_mixin.py:188} INFO - [2026-08-29T08:27:06.338+0000] {dag.py:3089} INFO - Sync 1 DAGs
[2026-08-29T08:27:06.383+0000] {logging_mixin.py:188} INFO - [2026-08-29T08:27:06.383+0000] {dag.py:3947} INFO - Setting next_dagrun for lakehouse_pipeline to None, run_after=None
[2026-08-29T08:27:06.463+0000] {processor.py:183} INFO - Processing /opt/airflow/dags/lakehouse_pipeline.py took 0.376 seconds
[2026-08-29T08:27:36.595+0000] {processor.py:161} INFO - Started process (PID=5816) to work on /opt/airflow/dags/lakehouse_pipeline.py
[2026-08-29T08:27:36.600+0000] {processor.py:830} INFO - Processing file /opt/airflow/dags/lakehouse_pipeline.py for tasks to queue
[2026-08-29T08:27:36.605+0000] {logging_mixin.py:188} INFO - [2026-08-29T08:27:36.604+0000] {dagbag.py:545} INFO - Filling up the DagBag from /opt/airflow/dags/lakehouse_pipeline.py
[2026-08-29T08:27:36.650+0000] {processor.py:840} INFO - DAG(s) 'lakehouse_pipeline' retrieved from /opt/airflow/dags/lakehouse_pipeline.py
[2026-08-29T08:27:36.731+0000] {logging_mixin.py:188} INFO - [2026-08-29T08:27:36.730+0000] {dag.py:3089} INFO - Sync 1 DAGs
[2026-08-29T08:27:36.763+0000] {logging_mixin.py:188} INFO - [2026-08-29T08:27:36.763+0000] {dag.py:3947} INFO - Setting next_dagrun for lakehouse_pipeline to None, run_after=None
[2026-08-29T08:27:36.811+0000] {processor.py:183} INFO - Processing /opt/airflow/dags/lakehouse_pipeline.py took 0.235 seconds
[2026-08-29T08:28:07.313+0000] {processor.py:161} INFO - Started process (PID=6149) to work on /opt/airflow/dags/lakehouse_pipeline.py
[2026-08-29T08:28:07.315+0000] {processor.py:830} INFO - Processing file /opt/airflow/dags/lakehouse_pipeline.py for tasks to queue
[2026-08-29T08:28:07.319+0000] {logging_mixin.py:188} INFO - [2026-08-29T08:28:07.319+0000] {dagbag.py:545} INFO - Filling up the DagBag from /opt/airflow/dags/lakehouse_pipeline.py
[2026-08-29T08:28:07.362+0000] {processor.py:840} INFO - DAG(s) 'lakehouse_pipeline' retrieved from /opt/airflow/dags/lakehouse_pipeline.py
[2026-08-29T08:28:07.452+0000] {logging_mixin.py:188} INFO - [2026-08-29T08:28:07.451+0000] {dag.py:3089} INFO - Sync 1 DAGs
[2026-08-29T08:28:07.479+0000] {logging_mixin.py:188} INFO - [2026-08-29T08:28:07.479+0000] {dag.py:3947} INFO - Setting next_dagrun for lakehouse_pipeline to None, run_after=None
[2026-08-29T08:28:07.524+0000] {processor.py:183} INFO - Processing /opt/airflow/dags/lakehouse_pipeline.py took 0.221 seconds
[2026-08-29T08:28:37.632+0000] {processor.py:161} INFO - Started process (PID=6422) to work on /opt/airflow/dags/lakehouse_pipeline.py
[2026-08-29T08:28:37.635+0000] {processor.py:830} INFO - Processing file /opt/airflow/dags/lakehouse_pipeline.py for tasks to queue
[2026-08-29T08:28:37.640+0000] {logging_mixin.py:188} INFO - [2026-08-29T08:28:37.638+0000] {dagbag.py:545} INFO - Filling up the DagBag from /opt/airflow/dags/lakehouse_pipeline.py
[2026-08-29T08:28:37.686+0000] {processor.py:840} INFO - DAG(s) 'lakehouse_pipeline' retrieved from /opt/airflow/dags/lakehouse_pipeline.py
[2026-08-29T08:28:38.064+0000] {logging_mixin.py:188} INFO - [2026-08-29T08:28:38.063+0000] {dag.py:3089} INFO - Sync 1 DAGs
[2026-08-29T08:28:38.119+0000] {logging_mixin.py:188} INFO - [2026-08-29T08:28:38.118+0000] {dag.py:3947} INFO - Setting next_dagrun for lakehouse_pipeline to None, run_after=None
[2026-08-29T08:28:38.232+0000] {processor.py:183} INFO - Processing /opt/airflow/dags/lakehouse_pipeline.py took 0.614 seconds
[2026-08-29T08:29:08.675+0000] {processor.py:161} INFO - Started process (PID=6863) to work on /opt/airflow/dags/lakehouse_pipeline.py
[2026-08-29T08:29:08.678+0000] {processor.py:830} INFO - Processing file /opt/airflow/dags/lakehouse_pipeline.py for tasks to queue
[2026-08-29T08:29:08.688+0000] {logging_mixin.py:188} INFO - [2026-08-29T08:29:08.687+0000] {dagbag.py:545} INFO - Filling up the DagBag from /opt/airflow/dags/lakehouse_pipeline.py
[2026-08-29T08:29:08.746+0000] {processor.py:840} INFO - DAG(s) 'lakehouse_pipeline' retrieved from /opt/airflow/dags/lakehouse_pipeline.py
[2026-08-29T08:29:08.833+0000] {logging_mixin.py:188} INFO - [2026-08-29T08:29:08.833+0000] {dag.py:3089} INFO - Sync 1 DAGs
[2026-08-29T08:29:08.870+0000] {logging_mixin.py:188} INFO - [2026-08-29T08:29:08.869+0000] {dag.py:3947} INFO - Setting next_dagrun for lakehouse_pipeline to None, run_after=None
[2026-08-29T08:29:08.927+0000] {processor.py:183} INFO - Processing /opt/airflow/dags/lakehouse_pipeline.py took 0.274 seconds
[2026-08-29T08:29:39.408+0000] {processor.py:161} INFO - Started process (PID=7078) to work on /opt/airflow/dags/lakehouse_pipeline.py
[2026-08-29T08:29:39.412+0000] {processor.py:830} INFO - Processing file /opt/airflow/dags/lakehouse_pipeline.py for tasks to queue
[2026-08-29T08:29:39.419+0000] {logging_mixin.py:188} INFO - [2026-08-29T08:29:39.417+0000] {dagbag.py:545} INFO - Filling up the DagBag from /opt/airflow/dags/lakehouse_pipeline.py
[2026-08-29T08:29:39.513+0000] {processor.py:840} INFO - DAG(s) 'lakehouse_pipeline' retrieved from /opt/airflow/dags/lakehouse_pipeline.py
[2026-08-29T08:29:39.634+0000] {logging_mixin.py:188} INFO - [2026-08-29T08:29:39.633+0000] {dag.py:3089} INFO - Sync 1 DAGs
[2026-08-29T08:29:39.690+0000] {logging_mixin.py:188} INFO - [2026-08-29T08:29:39.689+0000] {dag.py:3947} INFO - Setting next_dagrun for lakehouse_pipeline to None, run_after=None
[2026-08-29T08:29:39.787+0000] {processor.py:183} INFO - Processing /opt/airflow/dags/lakehouse_pipeline.py took 0.404 seconds
[2026-08-29T08:30:10.283+0000] {processor.py:161} INFO - Started process (PID=7493) to work on /opt/airflow/dags/lakehouse_pipeline.py
[2026-08-29T08:30:10.285+0000] {processor.py:830} INFO - Processing file /opt/airflow/dags/lakehouse_pipeline.py for tasks to queue
[2026-08-29T08:30:10.291+0000] {logging_mixin.py:188} INFO - [2026-08-29T08:30:10.291+0000] {dagbag.py:545} INFO - Filling up the DagBag from /opt/airflow/dags/lakehouse_pipeline.py
[2026-08-29T08:30:10.344+0000] {processor.py:840} INFO - DAG(s) 'lakehouse_pipeline' retrieved from /opt/airflow/dags/lakehouse_pipeline.py
[2026-08-29T08:30:10.452+0000] {logging_mixin.py:188} INFO - [2026-08-29T08:30:10.451+0000] {dag.py:3089} INFO - Sync 1 DAGs
[2026-08-29T08:30:10.508+0000] {logging_mixin.py:188} INFO - [2026-08-29T08:30:10.507+0000] {dag.py:3947} INFO - Setting next_dagrun for lakehouse_pipeline to None, run_after=None
[2026-08-29T08:30:10.570+0000] {processor.py:183} INFO - Processing /opt/airflow/dags/lakehouse_pipeline.py took 0.325 seconds
[2026-08-29T08:30:40.991+0000] {processor.py:161} INFO - Started process (PID=7693) to work on /opt/airflow/dags/lakehouse_pipeline.py
[2026-08-29T08:30:40.995+0000] {processor.py:830} INFO - Processing file /opt/airflow/dags/lakehouse_pipeline.py for tasks to queue
[2026-08-29T08:30:40.999+0000] {logging_mixin.py:188} INFO - [2026-08-29T08:30:40.998+0000] {dagbag.py:545} INFO - Filling up the DagBag from /opt/airflow/dags/lakehouse_pipeline.py
[2026-08-29T08:30:41.044+0000] {processor.py:840} INFO - DAG(s) 'lakehouse_pipeline' retrieved from /opt/airflow/dags/lakehouse_pipeline.py
[2026-08-29T08:30:41.178+0000] {logging_mixin.py:188} INFO - [2026-08-29T08:30:41.178+0000] {dag.py:3089} INFO - Sync 1 DAGs
[2026-08-29T08:30:41.203+0000] {logging_mixin.py:188} INFO - [2026-08-29T08:30:41.203+0000] {dag.py:3947} INFO - Setting next_dagrun for lakehouse_pipeline to None, run_after=None
[2026-08-29T08:30:41.239+0000] {processor.py:183} INFO - Processing /opt/airflow/dags/lakehouse_pipeline.py took 0.264 seconds
[2026-08-29T08:31:11.349+0000] {processor.py:161} INFO - Started process (PID=8052) to work on /opt/airflow/dags/lakehouse_pipeline.py
[2026-08-29T08:31:11.351+0000] {processor.py:830} INFO - Processing file /opt/airflow/dags/lakehouse_pipeline.py for tasks to queue
[2026-08-29T08:31:11.407+0000] {logging_mixin.py:188} INFO - [2026-08-29T08:31:11.406+0000] {dagbag.py:545} INFO - Filling up the DagBag from /opt/airflow/dags/lakehouse_pipeline.py
[2026-08-29T08:31:11.491+0000] {processor.py:840} INFO - DAG(s) 'lakehouse_pipeline' retrieved from /opt/airflow/dags/lakehouse_pipeline.py
[2026-08-29T08:31:11.590+0000] {logging_mixin.py:188} INFO - [2026-08-29T08:31:11.589+0000] {dag.py:3089} INFO - Sync 1 DAGs
[2026-08-29T08:31:11.618+0000] {logging_mixin.py:188} INFO - [2026-08-29T08:31:11.617+0000] {dag.py:3947} INFO - Setting next_dagrun for lakehouse_pipeline to None, run_after=None
[2026-08-29T08:31:11.662+0000] {processor.py:183} INFO - Processing /opt/airflow/dags/lakehouse_pipeline.py took 0.329 seconds
[2026-08-29T08:31:42.035+0000] {processor.py:161} INFO - Started process (PID=8287) to work on /opt/airflow/dags/lakehouse_pipeline.py
[2026-08-29T08:31:42.037+0000] {processor.py:830} INFO - Processing file /opt/airflow/dags/lakehouse_pipeline.py for tasks to queue
[2026-08-29T08:31:42.051+0000] {logging_mixin.py:188} INFO - [2026-08-29T08:31:42.050+0000] {dagbag.py:545} INFO - Filling up the DagBag from /opt/airflow/dags/lakehouse_pipeline.py
[2026-08-29T08:31:42.117+0000] {processor.py:840} INFO - DAG(s) 'lakehouse_pipeline' retrieved from /opt/airflow/dags/lakehouse_pipeline.py
[2026-08-29T08:31:42.222+0000] {logging_mixin.py:188} INFO - [2026-08-29T08:31:42.222+0000] {dag.py:3089} INFO - Sync 1 DAGs
[2026-08-29T08:31:42.250+0000] {logging_mixin.py:188} INFO - [2026-08-29T08:31:42.250+0000] {dag.py:3947} INFO - Setting next_dagrun for lakehouse_pipeline to None, run_after=None
[2026-08-29T08:31:42.284+0000] {processor.py:183} INFO - Processing /opt/airflow/dags/lakehouse_pipeline.py took 0.264 seconds
[2026-08-29T08:32:12.527+0000] {processor.py:161} INFO - Started process (PID=8487) to work on /opt/airflow/dags/lakehouse_pipeline.py
[2026-08-29T08:32:12.528+0000] {processor.py:830} INFO - Processing file /opt/airflow/dags/lakehouse_pipeline.py for tasks to queue
[2026-08-29T08:32:12.530+0000] {logging_mixin.py:188} INFO - [2026-08-29T08:32:12.530+0000] {dagbag.py:545} INFO - Filling up the DagBag from /opt/airflow/dags/lakehouse_pipeline.py
[2026-08-29T08:32:12.553+0000] {processor.py:840} INFO - DAG(s) 'lakehouse_pipeline' retrieved from /opt/airflow/dags/lakehouse_pipeline.py
[2026-08-29T08:32:12.595+0000] {logging_mixin.py:188} INFO - [2026-08-29T08:32:12.595+0000] {dag.py:3089} INFO - Sync 1 DAGs
[2026-08-29T08:32:12.609+0000] {logging_mixin.py:188} INFO - [2026-08-29T08:32:12.608+0000] {dag.py:3947} INFO - Setting next_dagrun for lakehouse_pipeline to None, run_after=None
[2026-08-29T08:32:12.627+0000] {processor.py:183} INFO - Processing /opt/airflow/dags/lakehouse_pipeline.py took 0.107 seconds
[2026-08-29T08:32:42.741+0000] {processor.py:161} INFO - Started process (PID=8492) to work on /opt/airflow/dags/lakehouse_pipeline.py
[2026-08-29T08:32:42.743+0000] {processor.py:830} INFO - Processing file /opt/airflow/dags/lakehouse_pipeline.py for tasks to queue
[2026-08-29T08:32:42.745+0000] {logging_mixin.py:188} INFO - [2026-08-29T08:32:42.744+0000] {dagbag.py:545} INFO - Filling up the DagBag from /opt/airflow/dags/lakehouse_pipeline.py
[2026-08-29T08:32:42.766+0000] {processor.py:840} INFO - DAG(s) 'lakehouse_pipeline' retrieved from /opt/airflow/dags/lakehouse_pipeline.py
[2026-08-29T08:32:42.809+0000] {logging_mixin.py:188} INFO - [2026-08-29T08:32:42.808+0000] {dag.py:3089} INFO - Sync 1 DAGs
[2026-08-29T08:32:42.822+0000] {logging_mixin.py:188} INFO - [2026-08-29T08:32:42.821+0000] {dag.py:3947} INFO - Setting next_dagrun for lakehouse_pipeline to None, run_after=None
[2026-08-29T08:32:42.848+0000] {processor.py:183} INFO - Processing /opt/airflow/dags/lakehouse_pipeline.py took 0.115 seconds
[2026-08-29T08:33:13.088+0000] {processor.py:161} INFO - Started process (PID=8497) to work on /opt/airflow/dags/lakehouse_pipeline.py
[2026-08-29T08:33:13.089+0000] {processor.py:830} INFO - Processing file /opt/airflow/dags/lakehouse_pipeline.py for tasks to queue
[2026-08-29T08:33:13.091+0000] {logging_mixin.py:188} INFO - [2026-08-29T08:33:13.091+0000] {dagbag.py:545} INFO - Filling up the DagBag from /opt/airflow/dags/lakehouse_pipeline.py
[2026-08-29T08:33:13.113+0000] {processor.py:840} INFO - DAG(s) 'lakehouse_pipeline' retrieved from /opt/airflow/dags/lakehouse_pipeline.py
[2026-08-29T08:33:13.158+0000] {logging_mixin.py:188} INFO - [2026-08-29T08:33:13.157+0000] {dag.py:3089} INFO - Sync 1 DAGs
[2026-08-29T08:33:13.172+0000] {logging_mixin.py:188} INFO - [2026-08-29T08:33:13.172+0000] {dag.py:3947} INFO - Setting next_dagrun for lakehouse_pipeline to None, run_after=None
[2026-08-29T08:33:13.194+0000] {processor.py:183} INFO - Processing /opt/airflow/dags/lakehouse_pipeline.py took 0.113 seconds
[2026-08-29T08:33:43.337+0000] {processor.py:161} INFO - Started process (PID=8502) to work on /opt/airflow/dags/lakehouse_pipeline.py
[2026-08-29T08:33:43.338+0000] {processor.py:830} INFO - Processing file /opt/airflow/dags/lakehouse_pipeline.py for tasks to queue
[2026-08-29T08:33:43.341+0000] {logging_mixin.py:188} INFO - [2026-08-29T08:33:43.340+0000] {dagbag.py:545} INFO - Filling up the DagBag from /opt/airflow/dags/lakehouse_pipeline.py
[2026-08-29T08:33:43.363+0000] {processor.py:840} INFO - DAG(s) 'lakehouse_pipeline' retrieved from /opt/airflow/dags/lakehouse_pipeline.py
[2026-08-29T08:33:43.406+0000] {logging_mixin.py:188} INFO - [2026-08-29T08:33:43.406+0000] {dag.py:3089} INFO - Sync 1 DAGs
[2026-08-29T08:33:43.420+0000] {logging_mixin.py:188} INFO - [2026-08-29T08:33:43.420+0000] {dag.py:3947} INFO - Setting next_dagrun for lakehouse_pipeline to None, run_after=None
[2026-08-29T08:33:43.442+0000] {processor.py:183} INFO - Processing /opt/airflow/dags/lakehouse_pipeline.py took 0.112 seconds
[2026-08-29T08:34:13.829+0000] {processor.py:161} INFO - Started process (PID=8507) to work on /opt/airflow/dags/lakehouse_pipeline.py
[2026-08-29T08:34:13.831+0000] {processor.py:830} INFO - Processing file /opt/airflow/dags/lakehouse_pipeline.py for tasks to queue
[2026-08-29T08:34:13.833+0000] {logging_mixin.py:188} INFO - [2026-08-29T08:34:13.833+0000] {dagbag.py:545} INFO - Filling up the DagBag from /opt/airflow/dags/lakehouse_pipeline.py
[2026-08-29T08:34:13.860+0000] {processor.py:840} INFO - DAG(s) 'lakehouse_pipeline' retrieved from /opt/airflow/dags/lakehouse_pipeline.py
[2026-08-29T08:34:13.909+0000] {logging_mixin.py:188} INFO - [2026-08-29T08:34:13.909+0000] {dag.py:3089} INFO - Sync 1 DAGs
[2026-08-29T08:34:13.927+0000] {logging_mixin.py:188} INFO - [2026-08-29T08:34:13.927+0000] {dag.py:3947} INFO - Setting next_dagrun for lakehouse_pipeline to None, run_after=None
[2026-08-29T08:34:13.965+0000] {processor.py:183} INFO - Processing /opt/airflow/dags/lakehouse_pipeline.py took 0.145 seconds
[2026-08-29T08:34:44.220+0000] {processor.py:161} INFO - Started process (PID=8512) to work on /opt/airflow/dags/lakehouse_pipeline.py
[2026-08-29T08:34:44.222+0000] {processor.py:830} INFO - Processing file /opt/airflow/dags/lakehouse_pipeline.py for tasks to queue
[2026-08-29T08:34:44.224+0000] {logging_mixin.py:188} INFO - [2026-08-29T08:34:44.223+0000] {dagbag.py:545} INFO - Filling up the DagBag from /opt/airflow/dags/lakehouse_pipeline.py
[2026-08-29T08:34:44.248+0000] {processor.py:840} INFO - DAG(s) 'lakehouse_pipeline' retrieved from /opt/airflow/dags/lakehouse_pipeline.py
[2026-08-29T08:34:44.290+0000] {logging_mixin.py:188} INFO - [2026-08-29T08:34:44.289+0000] {dag.py:3089} INFO - Sync 1 DAGs
[2026-08-29T08:34:44.303+0000] {logging_mixin.py:188} INFO - [2026-08-29T08:34:44.302+0000] {dag.py:3947} INFO - Setting next_dagrun for lakehouse_pipeline to None, run_after=None
[2026-08-29T08:34:44.323+0000] {processor.py:183} INFO - Processing /opt/airflow/dags/lakehouse_pipeline.py took 0.109 seconds
[2026-08-29T08:35:14.433+0000] {processor.py:161} INFO - Started process (PID=8517) to work on /opt/airflow/dags/lakehouse_pipeline.py
[2026-08-29T08:35:14.434+0000] {processor.py:830} INFO - Processing file /opt/airflow/dags/lakehouse_pipeline.py for tasks to queue
[2026-08-29T08:35:14.436+0000] {logging_mixin.py:188} INFO - [2026-08-29T08:35:14.436+0000] {dagbag.py:545} INFO - Filling up the DagBag from /opt/airflow/dags/lakehouse_pipeline.py
[2026-08-29T08:35:14.458+0000] {processor.py:840} INFO - DAG(s) 'lakehouse_pipeline' retrieved from /opt/airflow/dags/lakehouse_pipeline.py
[2026-08-29T08:35:14.501+0000] {logging_mixin.py:188} INFO - [2026-08-29T08:35:14.501+0000] {dag.py:3089} INFO - Sync 1 DAGs
[2026-08-29T08:35:14.515+0000] {logging_mixin.py:188} INFO - [2026-08-29T08:35:14.515+0000] {dag.py:3947} INFO - Setting next_dagrun for lakehouse_pipeline to None, run_after=None
[2026-08-29T08:35:14.535+0000] {processor.py:183} INFO - Processing /opt/airflow/dags/lakehouse_pipeline.py took 0.110 seconds
[2026-08-29T08:35:44.723+0000] {processor.py:161} INFO - Started process (PID=8522) to work on /opt/airflow/dags/lakehouse_pipeline.py
[2026-08-29T08:35:44.724+0000] {processor.py:830} INFO - Processing file /opt/airflow/dags/lakehouse_pipeline.py for tasks to queue
[2026-08-29T08:35:44.727+0000] {logging_mixin.py:188} INFO - [2026-08-29T08:35:44.727+0000] {dagbag.py:545} INFO - Filling up the DagBag from /opt/airflow/dags/lakehouse_pipeline.py
[2026-08-29T08:35:44.759+0000] {processor.py:840} INFO - DAG(s) 'lakehouse_pipeline' retrieved from /opt/airflow/dags/lakehouse_pipeline.py
[2026-08-29T08:35:44.803+0000] {logging_mixin.py:188} INFO - [2026-08-29T08:35:44.803+0000] {dag.py:3089} INFO - Sync 1 DAGs
[2026-08-29T08:35:44.816+0000] {logging_mixin.py:188} INFO - [2026-08-29T08:35:44.815+0000] {dag.py:3947} INFO - Setting next_dagrun for lakehouse_pipeline to None, run_after=None
[2026-08-29T08:35:44.837+0000] {processor.py:183} INFO - Processing /opt/airflow/dags/lakehouse_pipeline.py took 0.124 seconds
[2026-08-29T08:36:14.987+0000] {processor.py:161} INFO - Started process (PID=8527) to work on /opt/airflow/dags/lakehouse_pipeline.py
[2026-08-29T08:36:14.988+0000] {processor.py:830} INFO - Processing file /opt/airflow/dags/lakehouse_pipeline.py for tasks to queue
[2026-08-29T08:36:14.991+0000] {logging_mixin.py:188} INFO - [2026-08-29T08:36:14.991+0000] {dagbag.py:545} INFO - Filling up the DagBag from /opt/airflow/dags/lakehouse_pipeline.py
[2026-08-29T08:36:15.016+0000] {processor.py:840} INFO - DAG(s) 'lakehouse_pipeline' retrieved from /opt/airflow/dags/lakehouse_pipeline.py
[2026-08-29T08:36:15.061+0000] {logging_mixin.py:188} INFO - [2026-08-29T08:36:15.061+0000] {dag.py:3089} INFO - Sync 1 DAGs
[2026-08-29T08:36:15.076+0000] {logging_mixin.py:188} INFO - [2026-08-29T08:36:15.076+0000] {dag.py:3947} INFO - Setting next_dagrun for lakehouse_pipeline to None, run_after=None
[2026-08-29T08:36:15.097+0000] {processor.py:183} INFO - Processing /opt/airflow/dags/lakehouse_pipeline.py took 0.120 seconds
[2026-08-29T08:36:45.250+0000] {processor.py:161} INFO - Started process (PID=8532) to work on /opt/airflow/dags/lakehouse_pipeline.py
[2026-08-29T08:36:45.252+0000] {processor.py:830} INFO - Processing file /opt/airflow/dags/lakehouse_pipeline.py for tasks to queue
[2026-08-29T08:36:45.254+0000] {logging_mixin.py:188} INFO - [2026-08-29T08:36:45.254+0000] {dagbag.py:545} INFO - Filling up the DagBag from /opt/airflow/dags/lakehouse_pipeline.py
[2026-08-29T08:36:45.276+0000] {processor.py:840} INFO - DAG(s) 'lakehouse_pipeline' retrieved from /opt/airflow/dags/lakehouse_pipeline.py
[2026-08-29T08:36:45.320+0000] {logging_mixin.py:188} INFO - [2026-08-29T08:36:45.320+0000] {dag.py:3089} INFO - Sync 1 DAGs
[2026-08-29T08:36:45.333+0000] {logging_mixin.py:188} INFO - [2026-08-29T08:36:45.333+0000] {dag.py:3947} INFO - Setting next_dagrun for lakehouse_pipeline to None, run_after=None
[2026-08-29T08:36:45.354+0000] {processor.py:183} INFO - Processing /opt/airflow/dags/lakehouse_pipeline.py took 0.112 seconds
[2026-08-29T08:37:15.514+0000] {processor.py:161} INFO - Started process (PID=8537) to work on /opt/airflow/dags/lakehouse_pipeline.py
[2026-08-29T08:37:15.516+0000] {processor.py:830} INFO - Processing file /opt/airflow/dags/lakehouse_pipeline.py for tasks to queue
[2026-08-29T08:37:15.519+0000] {logging_mixin.py:188} INFO - [2026-08-29T08:37:15.518+0000] {dagbag.py:545} INFO - Filling up the DagBag from /opt/airflow/dags/lakehouse_pipeline.py
[2026-08-29T08:37:15.543+0000] {processor.py:840} INFO - DAG(s) 'lakehouse_pipeline' retrieved from /opt/airflow/dags/lakehouse_pipeline.py
[2026-08-29T08:37:15.599+0000] {logging_mixin.py:188} INFO - [2026-08-29T08:37:15.599+0000] {dag.py:3089} INFO - Sync 1 DAGs
[2026-08-29T08:37:15.615+0000] {logging_mixin.py:188} INFO - [2026-08-29T08:37:15.614+0000] {dag.py:3947} INFO - Setting next_dagrun for lakehouse_pipeline to None, run_after=None
[2026-08-29T08:37:15.638+0000] {processor.py:183} INFO - Processing /opt/airflow/dags/lakehouse_pipeline.py took 0.134 seconds
[2026-08-29T08:37:45.846+0000] {processor.py:161} INFO - Started process (PID=8542) to work on /opt/airflow/dags/lakehouse_pipeline.py
[2026-08-29T08:37:45.847+0000] {processor.py:830} INFO - Processing file /opt/airflow/dags/lakehouse_pipeline.py for tasks to queue
[2026-08-29T08:37:45.850+0000] {logging_mixin.py:188} INFO - [2026-08-29T08:37:45.849+0000] {dagbag.py:545} INFO - Filling up the DagBag from /opt/airflow/dags/lakehouse_pipeline.py
[2026-08-29T08:37:45.872+0000] {processor.py:840} INFO - DAG(s) 'lakehouse_pipeline' retrieved from /opt/airflow/dags/lakehouse_pipeline.py
[2026-08-29T08:37:45.915+0000] {logging_mixin.py:188} INFO - [2026-08-29T08:37:45.914+0000] {dag.py:3089} INFO - Sync 1 DAGs
[2026-08-29T08:37:45.928+0000] {logging_mixin.py:188} INFO - [2026-08-29T08:37:45.927+0000] {dag.py:3947} INFO - Setting next_dagrun for lakehouse_pipeline to None, run_after=None
[2026-08-29T08:37:45.947+0000] {processor.py:183} INFO - Processing /opt/airflow/dags/lakehouse_pipeline.py took 0.109 seconds
[2026-08-29T08:38:16.164+0000] {processor.py:161} INFO - Started process (PID=8547) to work on /opt/airflow/dags/lakehouse_pipeline.py
[2026-08-29T08:38:16.166+0000] {processor.py:830} INFO - Processing file /opt/airflow/dags/lakehouse_pipeline.py for tasks to queue
[2026-08-29T08:38:16.169+0000] {logging_mixin.py:188} INFO - [2026-08-29T08:38:16.168+0000] {dagbag.py:545} INFO - Filling up the DagBag from /opt/airflow/dags/lakehouse_pipeline.py
[2026-08-29T08:38:16.196+0000] {processor.py:840} INFO - DAG(s) 'lakehouse_pipeline' retrieved from /opt/airflow/dags/lakehouse_pipeline.py
[2026-08-29T08:38:16.244+0000] {logging_mixin.py:188} INFO - [2026-08-29T08:38:16.244+0000] {dag.py:3089} INFO - Sync 1 DAGs
[2026-08-29T08:38:16.258+0000] {logging_mixin.py:188} INFO - [2026-08-29T08:38:16.258+0000] {dag.py:3947} INFO - Setting next_dagrun for lakehouse_pipeline to None, run_after=None
[2026-08-29T08:38:16.278+0000] {processor.py:183} INFO - Processing /opt/airflow/dags/lakehouse_pipeline.py took 0.122 seconds
[2026-08-29T08:38:46.408+0000] {processor.py:161} INFO - Started process (PID=8552) to work on /opt/airflow/dags/lakehouse_pipeline.py
[2026-08-29T08:38:46.410+0000] {processor.py:830} INFO - Processing file /opt/airflow/dags/lakehouse_pipeline.py for tasks to queue
[2026-08-29T08:38:46.413+0000] {logging_mixin.py:188} INFO - [2026-08-29T08:38:46.413+0000] {dagbag.py:545} INFO - Filling up the DagBag from /opt/airflow/dags/lakehouse_pipeline.py
[2026-08-29T08:38:46.440+0000] {processor.py:840} INFO - DAG(s) 'lakehouse_pipeline' retrieved from /opt/airflow/dags/lakehouse_pipeline.py
[2026-08-29T08:38:46.497+0000] {logging_mixin.py:188} INFO - [2026-08-29T08:38:46.497+0000] {dag.py:3089} INFO - Sync 1 DAGs
[2026-08-29T08:38:46.512+0000] {logging_mixin.py:188} INFO - [2026-08-29T08:38:46.512+0000] {dag.py:3947} INFO - Setting next_dagrun for lakehouse_pipeline to None, run_after=None
[2026-08-29T08:38:46.542+0000] {processor.py:183} INFO - Processing /opt/airflow/dags/lakehouse_pipeline.py took 0.143 seconds
[2026-08-29T08:39:16.816+0000] {processor.py:161} INFO - Started process (PID=8557) to work on /opt/airflow/dags/lakehouse_pipeline.py
[2026-08-29T08:39:16.817+0000] {processor.py:830} INFO - Processing file /opt/airflow/dags/lakehouse_pipeline.py for tasks to queue
[2026-08-29T08:39:16.819+0000] {logging_mixin.py:188} INFO - [2026-08-29T08:39:16.818+0000] {dagbag.py:545} INFO - Filling up the DagBag from /opt/airflow/dags/lakehouse_pipeline.py
[2026-08-29T08:39:16.842+0000] {processor.py:840} INFO - DAG(s) 'lakehouse_pipeline' retrieved from /opt/airflow/dags/lakehouse_pipeline.py
[2026-08-29T08:39:16.884+0000] {logging_mixin.py:188} INFO - [2026-08-29T08:39:16.884+0000] {dag.py:3089} INFO - Sync 1 DAGs
[2026-08-29T08:39:16.897+0000] {logging_mixin.py:188} INFO - [2026-08-29T08:39:16.897+0000] {dag.py:3947} INFO - Setting next_dagrun for lakehouse_pipeline to None, run_after=None
[2026-08-29T08:39:16.916+0000] {processor.py:183} INFO - Processing /opt/airflow/dags/lakehouse_pipeline.py took 0.108 seconds
[2026-08-29T08:39:47.082+0000] {processor.py:161} INFO - Started process (PID=8562) to work on /opt/airflow/dags/lakehouse_pipeline.py
[2026-08-29T08:39:47.083+0000] {processor.py:830} INFO - Processing file /opt/airflow/dags/lakehouse_pipeline.py for tasks to queue
[2026-08-29T08:39:47.086+0000] {logging_mixin.py:188} INFO - [2026-08-29T08:39:47.085+0000] {dagbag.py:545} INFO - Filling up the DagBag from /opt/airflow/dags/lakehouse_pipeline.py
[2026-08-29T08:39:47.108+0000] {processor.py:840} INFO - DAG(s) 'lakehouse_pipeline' retrieved from /opt/airflow/dags/lakehouse_pipeline.py
[2026-08-29T08:39:47.151+0000] {logging_mixin.py:188} INFO - [2026-08-29T08:39:47.151+0000] {dag.py:3089} INFO - Sync 1 DAGs
[2026-08-29T08:39:47.164+0000] {logging_mixin.py:188} INFO - [2026-08-29T08:39:47.164+0000] {dag.py:3947} INFO - Setting next_dagrun for lakehouse_pipeline to None, run_after=None
[2026-08-29T08:39:47.183+0000] {processor.py:183} INFO - Processing /opt/airflow/dags/lakehouse_pipeline.py took 0.109 seconds
[2026-08-29T08:40:17.426+0000] {processor.py:161} INFO - Started process (PID=8567) to work on /opt/airflow/dags/lakehouse_pipeline.py
[2026-08-29T08:40:17.433+0000] {processor.py:830} INFO - Processing file /opt/airflow/dags/lakehouse_pipeline.py for tasks to queue
[2026-08-29T08:40:17.435+0000] {logging_mixin.py:188} INFO - [2026-08-29T08:40:17.435+0000] {dagbag.py:545} INFO - Filling up the DagBag from /opt/airflow/dags/lakehouse_pipeline.py
[2026-08-29T08:40:17.460+0000] {processor.py:840} INFO - DAG(s) 'lakehouse_pipeline' retrieved from /opt/airflow/dags/lakehouse_pipeline.py
[2026-08-29T08:40:17.505+0000] {logging_mixin.py:188} INFO - [2026-08-29T08:40:17.505+0000] {dag.py:3089} INFO - Sync 1 DAGs
[2026-08-29T08:40:17.528+0000] {logging_mixin.py:188} INFO - [2026-08-29T08:40:17.527+0000] {dag.py:3947} INFO - Setting next_dagrun for lakehouse_pipeline to None, run_after=None
[2026-08-29T08:40:17.569+0000] {processor.py:183} INFO - Processing /opt/airflow/dags/lakehouse_pipeline.py took 0.152 seconds
[2026-08-29T08:40:47.706+0000] {processor.py:161} INFO - Started process (PID=8572) to work on /opt/airflow/dags/lakehouse_pipeline.py
[2026-08-29T08:40:47.708+0000] {processor.py:830} INFO - Processing file /opt/airflow/dags/lakehouse_pipeline.py for tasks to queue
[2026-08-29T08:40:47.710+0000] {logging_mixin.py:188} INFO - [2026-08-29T08:40:47.710+0000] {dagbag.py:545} INFO - Filling up the DagBag from /opt/airflow/dags/lakehouse_pipeline.py
[2026-08-29T08:40:47.736+0000] {processor.py:840} INFO - DAG(s) 'lakehouse_pipeline' retrieved from /opt/airflow/dags/lakehouse_pipeline.py
[2026-08-29T08:40:47.783+0000] {logging_mixin.py:188} INFO - [2026-08-29T08:40:47.783+0000] {dag.py:3089} INFO - Sync 1 DAGs
[2026-08-29T08:40:47.799+0000] {logging_mixin.py:188} INFO - [2026-08-29T08:40:47.799+0000] {dag.py:3947} INFO - Setting next_dagrun for lakehouse_pipeline to None, run_after=None
[2026-08-29T08:40:47.819+0000] {processor.py:183} INFO - Processing /opt/airflow/dags/lakehouse_pipeline.py took 0.122 seconds
[2026-08-29T08:41:18.065+0000] {processor.py:161} INFO - Started process (PID=8577) to work on /opt/airflow/dags/lakehouse_pipeline.py
[2026-08-29T08:41:18.066+0000] {processor.py:830} INFO - Processing file /opt/airflow/dags/lakehouse_pipeline.py for tasks to queue
[2026-08-29T08:41:18.068+0000] {logging_mixin.py:188} INFO - [2026-08-29T08:41:18.068+0000] {dagbag.py:545} INFO - Filling up the DagBag from /opt/airflow/dags/lakehouse_pipeline.py
[2026-08-29T08:41:18.091+0000] {processor.py:840} INFO - DAG(s) 'lakehouse_pipeline' retrieved from /opt/airflow/dags/lakehouse_pipeline.py
[2026-08-29T08:41:18.132+0000] {logging_mixin.py:188} INFO - [2026-08-29T08:41:18.132+0000] {dag.py:3089} INFO - Sync 1 DAGs
[2026-08-29T08:41:18.145+0000] {logging_mixin.py:188} INFO - [2026-08-29T08:41:18.145+0000] {dag.py:3947} INFO - Setting next_dagrun for lakehouse_pipeline to None, run_after=None
[2026-08-29T08:41:18.165+0000] {processor.py:183} INFO - Processing /opt/airflow/dags/lakehouse_pipeline.py took 0.108 seconds
[2026-08-29T08:41:48.341+0000] {processor.py:161} INFO - Started process (PID=8582) to work on /opt/airflow/dags/lakehouse_pipeline.py
[2026-08-29T08:41:48.343+0000] {processor.py:830} INFO - Processing file /opt/airflow/dags/lakehouse_pipeline.py for tasks to queue
[2026-08-29T08:41:48.345+0000] {logging_mixin.py:188} INFO - [2026-08-29T08:41:48.344+0000] {dagbag.py:545} INFO - Filling up the DagBag from /opt/airflow/dags/lakehouse_pipeline.py
[2026-08-29T08:41:48.371+0000] {processor.py:840} INFO - DAG(s) 'lakehouse_pipeline' retrieved from /opt/airflow/dags/lakehouse_pipeline.py
[2026-08-29T08:41:48.422+0000] {logging_mixin.py:188} INFO - [2026-08-29T08:41:48.421+0000] {dag.py:3089} INFO - Sync 1 DAGs
[2026-08-29T08:41:48.435+0000] {logging_mixin.py:188} INFO - [2026-08-29T08:41:48.435+0000] {dag.py:3947} INFO - Setting next_dagrun for lakehouse_pipeline to None, run_after=None
[2026-08-29T08:41:48.457+0000] {processor.py:183} INFO - Processing /opt/airflow/dags/lakehouse_pipeline.py took 0.124 seconds
[2026-08-29T13:29:26.141+0000] {processor.py:161} INFO - Started process (PID=167) to work on /opt/airflow/dags/lakehouse_pipeline.py
[2026-08-29T13:29:26.143+0000] {processor.py:830} INFO - Processing file /opt/airflow/dags/lakehouse_pipeline.py for tasks to queue
[2026-08-29T13:29:26.145+0000] {logging_mixin.py:188} INFO - [2026-08-29T13:29:26.145+0000] {dagbag.py:545} INFO - Filling up the DagBag from /opt/airflow/dags/lakehouse_pipeline.py
[2026-08-29T13:29:26.179+0000] {processor.py:840} INFO - DAG(s) 'lakehouse_pipeline' retrieved from /opt/airflow/dags/lakehouse_pipeline.py
[2026-08-29T13:29:26.477+0000] {logging_mixin.py:188} INFO - [2026-08-29T13:29:26.477+0000] {dag.py:3089} INFO - Sync 1 DAGs
[2026-08-29T13:29:26.499+0000] {logging_mixin.py:188} INFO - [2026-08-29T13:29:26.499+0000] {dag.py:3947} INFO - Setting next_dagrun for lakehouse_pipeline to None, run_after=None
[2026-08-29T13:29:26.527+0000] {processor.py:183} INFO - Processing /opt/airflow/dags/lakehouse_pipeline.py took 0.395 seconds
[2026-08-29T13:29:56.776+0000] {processor.py:161} INFO - Started process (PID=172) to work on /opt/airflow/dags/lakehouse_pipeline.py
[2026-08-29T13:29:56.777+0000] {processor.py:830} INFO - Processing file /opt/airflow/dags/lakehouse_pipeline.py for tasks to queue
[2026-08-29T13:29:56.779+0000] {logging_mixin.py:188} INFO - [2026-08-29T13:29:56.779+0000] {dagbag.py:545} INFO - Filling up the DagBag from /opt/airflow/dags/lakehouse_pipeline.py
[2026-08-29T13:29:56.803+0000] {processor.py:840} INFO - DAG(s) 'lakehouse_pipeline' retrieved from /opt/airflow/dags/lakehouse_pipeline.py
[2026-08-29T13:29:56.850+0000] {logging_mixin.py:188} INFO - [2026-08-29T13:29:56.850+0000] {dag.py:3089} INFO - Sync 1 DAGs
[2026-08-29T13:29:56.862+0000] {logging_mixin.py:188} INFO - [2026-08-29T13:29:56.862+0000] {dag.py:3947} INFO - Setting next_dagrun for lakehouse_pipeline to None, run_after=None
[2026-08-29T13:29:56.880+0000] {processor.py:183} INFO - Processing /opt/airflow/dags/lakehouse_pipeline.py took 0.112 seconds
[2026-08-29T13:30:27.005+0000] {processor.py:161} INFO - Started process (PID=177) to work on /opt/airflow/dags/lakehouse_pipeline.py
[2026-08-29T13:30:27.007+0000] {processor.py:830} INFO - Processing file /opt/airflow/dags/lakehouse_pipeline.py for tasks to queue
[2026-08-29T13:30:27.009+0000] {logging_mixin.py:188} INFO - [2026-08-29T13:30:27.008+0000] {dagbag.py:545} INFO - Filling up the DagBag from /opt/airflow/dags/lakehouse_pipeline.py
[2026-08-29T13:30:27.034+0000] {processor.py:840} INFO - DAG(s) 'lakehouse_pipeline' retrieved from /opt/airflow/dags/lakehouse_pipeline.py
[2026-08-29T13:30:27.075+0000] {logging_mixin.py:188} INFO - [2026-08-29T13:30:27.075+0000] {dag.py:3089} INFO - Sync 1 DAGs
[2026-08-29T13:30:27.087+0000] {logging_mixin.py:188} INFO - [2026-08-29T13:30:27.087+0000] {dag.py:3947} INFO - Setting next_dagrun for lakehouse_pipeline to None, run_after=None
[2026-08-29T13:30:27.107+0000] {processor.py:183} INFO - Processing /opt/airflow/dags/lakehouse_pipeline.py took 0.110 seconds
[2026-08-29T13:30:57.269+0000] {processor.py:161} INFO - Started process (PID=182) to work on /opt/airflow/dags/lakehouse_pipeline.py
[2026-08-29T13:30:57.270+0000] {processor.py:830} INFO - Processing file /opt/airflow/dags/lakehouse_pipeline.py for tasks to queue
[2026-08-29T13:30:57.273+0000] {logging_mixin.py:188} INFO - [2026-08-29T13:30:57.272+0000] {dagbag.py:545} INFO - Filling up the DagBag from /opt/airflow/dags/lakehouse_pipeline.py
[2026-08-29T13:30:57.299+0000] {processor.py:840} INFO - DAG(s) 'lakehouse_pipeline' retrieved from /opt/airflow/dags/lakehouse_pipeline.py
[2026-08-29T13:30:57.370+0000] {logging_mixin.py:188} INFO - [2026-08-29T13:30:57.370+0000] {dag.py:3089} INFO - Sync 1 DAGs
[2026-08-29T13:30:57.391+0000] {logging_mixin.py:188} INFO - [2026-08-29T13:30:57.391+0000] {dag.py:3947} INFO - Setting next_dagrun for lakehouse_pipeline to None, run_after=None
[2026-08-29T13:30:57.418+0000] {processor.py:183} INFO - Processing /opt/airflow/dags/lakehouse_pipeline.py took 0.158 seconds
[2026-08-29T13:31:27.512+0000] {processor.py:161} INFO - Started process (PID=187) to work on /opt/airflow/dags/lakehouse_pipeline.py
[2026-08-29T13:31:27.513+0000] {processor.py:830} INFO - Processing file /opt/airflow/dags/lakehouse_pipeline.py for tasks to queue
[2026-08-29T13:31:27.515+0000] {logging_mixin.py:188} INFO - [2026-08-29T13:31:27.515+0000] {dagbag.py:545} INFO - Filling up the DagBag from /opt/airflow/dags/lakehouse_pipeline.py
[2026-08-29T13:31:27.536+0000] {processor.py:840} INFO - DAG(s) 'lakehouse_pipeline' retrieved from /opt/airflow/dags/lakehouse_pipeline.py
[2026-08-29T13:31:27.577+0000] {logging_mixin.py:188} INFO - [2026-08-29T13:31:27.577+0000] {dag.py:3089} INFO - Sync 1 DAGs
[2026-08-29T13:31:27.589+0000] {logging_mixin.py:188} INFO - [2026-08-29T13:31:27.588+0000] {dag.py:3947} INFO - Setting next_dagrun for lakehouse_pipeline to None, run_after=None
[2026-08-29T13:31:27.620+0000] {processor.py:183} INFO - Processing /opt/airflow/dags/lakehouse_pipeline.py took 0.114 seconds
[2026-08-29T13:31:57.858+0000] {processor.py:161} INFO - Started process (PID=192) to work on /opt/airflow/dags/lakehouse_pipeline.py
[2026-08-29T13:31:57.859+0000] {processor.py:830} INFO - Processing file /opt/airflow/dags/lakehouse_pipeline.py for tasks to queue
[2026-08-29T13:31:57.861+0000] {logging_mixin.py:188} INFO - [2026-08-29T13:31:57.861+0000] {dagbag.py:545} INFO - Filling up the DagBag from /opt/airflow/dags/lakehouse_pipeline.py
[2026-08-29T13:31:57.880+0000] {processor.py:840} INFO - DAG(s) 'lakehouse_pipeline' retrieved from /opt/airflow/dags/lakehouse_pipeline.py
[2026-08-29T13:31:57.919+0000] {logging_mixin.py:188} INFO - [2026-08-29T13:31:57.919+0000] {dag.py:3089} INFO - Sync 1 DAGs
[2026-08-29T13:31:57.934+0000] {logging_mixin.py:188} INFO - [2026-08-29T13:31:57.934+0000] {dag.py:3947} INFO - Setting next_dagrun for lakehouse_pipeline to None, run_after=None
[2026-08-29T13:31:57.956+0000] {processor.py:183} INFO - Processing /opt/airflow/dags/lakehouse_pipeline.py took 0.104 seconds
[2026-08-29T13:32:28.122+0000] {processor.py:161} INFO - Started process (PID=197) to work on /opt/airflow/dags/lakehouse_pipeline.py
[2026-08-29T13:32:28.125+0000] {processor.py:830} INFO - Processing file /opt/airflow/dags/lakehouse_pipeline.py for tasks to queue
[2026-08-29T13:32:28.129+0000] {logging_mixin.py:188} INFO - [2026-08-29T13:32:28.129+0000] {dagbag.py:545} INFO - Filling up the DagBag from /opt/airflow/dags/lakehouse_pipeline.py
[2026-08-29T13:32:28.183+0000] {processor.py:840} INFO - DAG(s) 'lakehouse_pipeline' retrieved from /opt/airflow/dags/lakehouse_pipeline.py
[2026-08-29T13:32:28.258+0000] {logging_mixin.py:188} INFO - [2026-08-29T13:32:28.257+0000] {dag.py:3089} INFO - Sync 1 DAGs
[2026-08-29T13:32:28.277+0000] {logging_mixin.py:188} INFO - [2026-08-29T13:32:28.276+0000] {dag.py:3947} INFO - Setting next_dagrun for lakehouse_pipeline to None, run_after=None
[2026-08-29T13:32:28.319+0000] {processor.py:183} INFO - Processing /opt/airflow/dags/lakehouse_pipeline.py took 0.214 seconds
[2026-08-29T13:32:58.567+0000] {processor.py:161} INFO - Started process (PID=202) to work on /opt/airflow/dags/lakehouse_pipeline.py
[2026-08-29T13:32:58.569+0000] {processor.py:830} INFO - Processing file /opt/airflow/dags/lakehouse_pipeline.py for tasks to queue
[2026-08-29T13:32:58.572+0000] {logging_mixin.py:188} INFO - [2026-08-29T13:32:58.572+0000] {dagbag.py:545} INFO - Filling up the DagBag from /opt/airflow/dags/lakehouse_pipeline.py
[2026-08-29T13:32:58.599+0000] {processor.py:840} INFO - DAG(s) 'lakehouse_pipeline' retrieved from /opt/airflow/dags/lakehouse_pipeline.py
[2026-08-29T13:32:58.651+0000] {logging_mixin.py:188} INFO - [2026-08-29T13:32:58.650+0000] {dag.py:3089} INFO - Sync 1 DAGs
[2026-08-29T13:32:58.671+0000] {logging_mixin.py:188} INFO - [2026-08-29T13:32:58.670+0000] {dag.py:3947} INFO - Setting next_dagrun for lakehouse_pipeline to None, run_after=None
[2026-08-29T13:32:58.692+0000] {processor.py:183} INFO - Processing /opt/airflow/dags/lakehouse_pipeline.py took 0.136 seconds
[2026-08-29T13:33:28.804+0000] {processor.py:161} INFO - Started process (PID=207) to work on /opt/airflow/dags/lakehouse_pipeline.py
[2026-08-29T13:33:28.805+0000] {processor.py:830} INFO - Processing file /opt/airflow/dags/lakehouse_pipeline.py for tasks to queue
[2026-08-29T13:33:28.807+0000] {logging_mixin.py:188} INFO - [2026-08-29T13:33:28.806+0000] {dagbag.py:545} INFO - Filling up the DagBag from /opt/airflow/dags/lakehouse_pipeline.py
[2026-08-29T13:33:28.832+0000] {processor.py:840} INFO - DAG(s) 'lakehouse_pipeline' retrieved from /opt/airflow/dags/lakehouse_pipeline.py
[2026-08-29T13:33:28.877+0000] {logging_mixin.py:188} INFO - [2026-08-29T13:33:28.877+0000] {dag.py:3089} INFO - Sync 1 DAGs
[2026-08-29T13:33:28.891+0000] {logging_mixin.py:188} INFO - [2026-08-29T13:33:28.890+0000] {dag.py:3947} INFO - Setting next_dagrun for lakehouse_pipeline to None, run_after=None
[2026-08-29T13:33:28.912+0000] {processor.py:183} INFO - Processing /opt/airflow/dags/lakehouse_pipeline.py took 0.117 seconds
[2026-08-29T13:33:59.095+0000] {processor.py:161} INFO - Started process (PID=212) to work on /opt/airflow/dags/lakehouse_pipeline.py
[2026-08-29T13:33:59.096+0000] {processor.py:830} INFO - Processing file /opt/airflow/dags/lakehouse_pipeline.py for tasks to queue
[2026-08-29T13:33:59.098+0000] {logging_mixin.py:188} INFO - [2026-08-29T13:33:59.098+0000] {dagbag.py:545} INFO - Filling up the DagBag from /opt/airflow/dags/lakehouse_pipeline.py
[2026-08-29T13:33:59.120+0000] {processor.py:840} INFO - DAG(s) 'lakehouse_pipeline' retrieved from /opt/airflow/dags/lakehouse_pipeline.py
[2026-08-29T13:33:59.170+0000] {logging_mixin.py:188} INFO - [2026-08-29T13:33:59.169+0000] {dag.py:3089} INFO - Sync 1 DAGs
[2026-08-29T13:33:59.183+0000] {logging_mixin.py:188} INFO - [2026-08-29T13:33:59.183+0000] {dag.py:3947} INFO - Setting next_dagrun for lakehouse_pipeline to None, run_after=None
[2026-08-29T13:33:59.203+0000] {processor.py:183} INFO - Processing /opt/airflow/dags/lakehouse_pipeline.py took 0.114 seconds
[2026-08-29T13:34:29.371+0000] {processor.py:161} INFO - Started process (PID=217) to work on /opt/airflow/dags/lakehouse_pipeline.py
[2026-08-29T13:34:29.372+0000] {processor.py:830} INFO - Processing file /opt/airflow/dags/lakehouse_pipeline.py for tasks to queue
[2026-08-29T13:34:29.374+0000] {logging_mixin.py:188} INFO - [2026-08-29T13:34:29.374+0000] {dagbag.py:545} INFO - Filling up the DagBag from /opt/airflow/dags/lakehouse_pipeline.py
[2026-08-29T13:34:29.395+0000] {processor.py:840} INFO - DAG(s) 'lakehouse_pipeline' retrieved from /opt/airflow/dags/lakehouse_pipeline.py
[2026-08-29T13:34:29.439+0000] {logging_mixin.py:188} INFO - [2026-08-29T13:34:29.439+0000] {dag.py:3089} INFO - Sync 1 DAGs
[2026-08-29T13:34:29.452+0000] {logging_mixin.py:188} INFO - [2026-08-29T13:34:29.452+0000] {dag.py:3947} INFO - Setting next_dagrun for lakehouse_pipeline to None, run_after=None
[2026-08-29T13:34:29.473+0000] {processor.py:183} INFO - Processing /opt/airflow/dags/lakehouse_pipeline.py took 0.110 seconds
[2026-08-29T13:34:59.666+0000] {processor.py:161} INFO - Started process (PID=222) to work on /opt/airflow/dags/lakehouse_pipeline.py
[2026-08-29T13:34:59.667+0000] {processor.py:830} INFO - Processing file /opt/airflow/dags/lakehouse_pipeline.py for tasks to queue
[2026-08-29T13:34:59.669+0000] {logging_mixin.py:188} INFO - [2026-08-29T13:34:59.669+0000] {dagbag.py:545} INFO - Filling up the DagBag from /opt/airflow/dags/lakehouse_pipeline.py
[2026-08-29T13:34:59.693+0000] {processor.py:840} INFO - DAG(s) 'lakehouse_pipeline' retrieved from /opt/airflow/dags/lakehouse_pipeline.py
[2026-08-29T13:34:59.739+0000] {logging_mixin.py:188} INFO - [2026-08-29T13:34:59.738+0000] {dag.py:3089} INFO - Sync 1 DAGs
[2026-08-29T13:34:59.758+0000] {logging_mixin.py:188} INFO - [2026-08-29T13:34:59.757+0000] {dag.py:3947} INFO - Setting next_dagrun for lakehouse_pipeline to None, run_after=None
[2026-08-29T13:34:59.792+0000] {processor.py:183} INFO - Processing /opt/airflow/dags/lakehouse_pipeline.py took 0.132 seconds
[2026-08-29T13:35:29.932+0000] {processor.py:161} INFO - Started process (PID=227) to work on /opt/airflow/dags/lakehouse_pipeline.py
[2026-08-29T13:35:29.932+0000] {processor.py:830} INFO - Processing file /opt/airflow/dags/lakehouse_pipeline.py for tasks to queue
[2026-08-29T13:35:29.934+0000] {logging_mixin.py:188} INFO - [2026-08-29T13:35:29.934+0000] {dagbag.py:545} INFO - Filling up the DagBag from /opt/airflow/dags/lakehouse_pipeline.py
[2026-08-29T13:35:29.954+0000] {processor.py:840} INFO - DAG(s) 'lakehouse_pipeline' retrieved from /opt/airflow/dags/lakehouse_pipeline.py
[2026-08-29T13:35:29.996+0000] {logging_mixin.py:188} INFO - [2026-08-29T13:35:29.996+0000] {dag.py:3089} INFO - Sync 1 DAGs
[2026-08-29T13:35:30.011+0000] {logging_mixin.py:188} INFO - [2026-08-29T13:35:30.011+0000] {dag.py:3947} INFO - Setting next_dagrun for lakehouse_pipeline to None, run_after=None
[2026-08-29T13:35:30.033+0000] {processor.py:183} INFO - Processing /opt/airflow/dags/lakehouse_pipeline.py took 0.110 seconds
[2026-08-29T13:36:00.309+0000] {processor.py:161} INFO - Started process (PID=232) to work on /opt/airflow/dags/lakehouse_pipeline.py
[2026-08-29T13:36:00.313+0000] {processor.py:830} INFO - Processing file /opt/airflow/dags/lakehouse_pipeline.py for tasks to queue
[2026-08-29T13:36:00.317+0000] {logging_mixin.py:188} INFO - [2026-08-29T13:36:00.317+0000] {dagbag.py:545} INFO - Filling up the DagBag from /opt/airflow/dags/lakehouse_pipeline.py
[2026-08-29T13:36:00.379+0000] {processor.py:840} INFO - DAG(s) 'lakehouse_pipeline' retrieved from /opt/airflow/dags/lakehouse_pipeline.py
[2026-08-29T13:36:00.531+0000] {logging_mixin.py:188} INFO - [2026-08-29T13:36:00.531+0000] {dag.py:3089} INFO - Sync 1 DAGs
[2026-08-29T13:36:00.551+0000] {logging_mixin.py:188} INFO - [2026-08-29T13:36:00.551+0000] {dag.py:3947} INFO - Setting next_dagrun for lakehouse_pipeline to None, run_after=None
[2026-08-29T13:36:00.607+0000] {processor.py:183} INFO - Processing /opt/airflow/dags/lakehouse_pipeline.py took 0.334 seconds
[2026-08-29T13:36:30.928+0000] {processor.py:161} INFO - Started process (PID=237) to work on /opt/airflow/dags/lakehouse_pipeline.py
[2026-08-29T13:36:30.929+0000] {processor.py:830} INFO - Processing file /opt/airflow/dags/lakehouse_pipeline.py for tasks to queue
[2026-08-29T13:36:30.930+0000] {logging_mixin.py:188} INFO - [2026-08-29T13:36:30.930+0000] {dagbag.py:545} INFO - Filling up the DagBag from /opt/airflow/dags/lakehouse_pipeline.py
[2026-08-29T13:36:30.952+0000] {processor.py:840} INFO - DAG(s) 'lakehouse_pipeline' retrieved from /opt/airflow/dags/lakehouse_pipeline.py
[2026-08-29T13:36:30.996+0000] {logging_mixin.py:188} INFO - [2026-08-29T13:36:30.996+0000] {dag.py:3089} INFO - Sync 1 DAGs
[2026-08-29T13:36:31.019+0000] {logging_mixin.py:188} INFO - [2026-08-29T13:36:31.019+0000] {dag.py:3947} INFO - Setting next_dagrun for lakehouse_pipeline to None, run_after=None
[2026-08-29T13:36:31.037+0000] {processor.py:183} INFO - Processing /opt/airflow/dags/lakehouse_pipeline.py took 0.118 seconds
[2026-08-29T13:37:01.248+0000] {processor.py:161} INFO - Started process (PID=242) to work on /opt/airflow/dags/lakehouse_pipeline.py
[2026-08-29T13:37:01.250+0000] {processor.py:830} INFO - Processing file /opt/airflow/dags/lakehouse_pipeline.py for tasks to queue
[2026-08-29T13:37:01.254+0000] {logging_mixin.py:188} INFO - [2026-08-29T13:37:01.253+0000] {dagbag.py:545} INFO - Filling up the DagBag from /opt/airflow/dags/lakehouse_pipeline.py
[2026-08-29T13:37:01.305+0000] {processor.py:840} INFO - DAG(s) 'lakehouse_pipeline' retrieved from /opt/airflow/dags/lakehouse_pipeline.py
[2026-08-29T13:37:01.422+0000] {logging_mixin.py:188} INFO - [2026-08-29T13:37:01.422+0000] {dag.py:3089} INFO - Sync 1 DAGs
[2026-08-29T13:37:01.454+0000] {logging_mixin.py:188} INFO - [2026-08-29T13:37:01.454+0000] {dag.py:3947} INFO - Setting next_dagrun for lakehouse_pipeline to None, run_after=None
[2026-08-29T13:37:01.505+0000] {processor.py:183} INFO - Processing /opt/airflow/dags/lakehouse_pipeline.py took 0.272 seconds
[2026-08-29T13:37:31.762+0000] {processor.py:161} INFO - Started process (PID=247) to work on /opt/airflow/dags/lakehouse_pipeline.py
[2026-08-29T13:37:31.763+0000] {processor.py:830} INFO - Processing file /opt/airflow/dags/lakehouse_pipeline.py for tasks to queue
[2026-08-29T13:37:31.765+0000] {logging_mixin.py:188} INFO - [2026-08-29T13:37:31.765+0000] {dagbag.py:545} INFO - Filling up the DagBag from /opt/airflow/dags/lakehouse_pipeline.py
[2026-08-29T13:37:31.786+0000] {processor.py:840} INFO - DAG(s) 'lakehouse_pipeline' retrieved from /opt/airflow/dags/lakehouse_pipeline.py
[2026-08-29T13:37:31.827+0000] {logging_mixin.py:188} INFO - [2026-08-29T13:37:31.827+0000] {dag.py:3089} INFO - Sync 1 DAGs
[2026-08-29T13:37:31.840+0000] {logging_mixin.py:188} INFO - [2026-08-29T13:37:31.840+0000] {dag.py:3947} INFO - Setting next_dagrun for lakehouse_pipeline to None, run_after=None
[2026-08-29T13:37:31.859+0000] {processor.py:183} INFO - Processing /opt/airflow/dags/lakehouse_pipeline.py took 0.104 seconds
[2026-08-29T13:38:01.962+0000] {processor.py:161} INFO - Started process (PID=252) to work on /opt/airflow/dags/lakehouse_pipeline.py
[2026-08-29T13:38:01.963+0000] {processor.py:830} INFO - Processing file /opt/airflow/dags/lakehouse_pipeline.py for tasks to queue
[2026-08-29T13:38:01.965+0000] {logging_mixin.py:188} INFO - [2026-08-29T13:38:01.965+0000] {dagbag.py:545} INFO - Filling up the DagBag from /opt/airflow/dags/lakehouse_pipeline.py
[2026-08-29T13:38:01.985+0000] {processor.py:840} INFO - DAG(s) 'lakehouse_pipeline' retrieved from /opt/airflow/dags/lakehouse_pipeline.py
[2026-08-29T13:38:02.025+0000] {logging_mixin.py:188} INFO - [2026-08-29T13:38:02.025+0000] {dag.py:3089} INFO - Sync 1 DAGs
[2026-08-29T13:38:02.039+0000] {logging_mixin.py:188} INFO - [2026-08-29T13:38:02.039+0000] {dag.py:3947} INFO - Setting next_dagrun for lakehouse_pipeline to None, run_after=None
[2026-08-29T13:38:02.057+0000] {processor.py:183} INFO - Processing /opt/airflow/dags/lakehouse_pipeline.py took 0.101 seconds
[2026-08-29T13:38:32.264+0000] {processor.py:161} INFO - Started process (PID=257) to work on /opt/airflow/dags/lakehouse_pipeline.py
[2026-08-29T13:38:32.265+0000] {processor.py:830} INFO - Processing file /opt/airflow/dags/lakehouse_pipeline.py for tasks to queue
[2026-08-29T13:38:32.267+0000] {logging_mixin.py:188} INFO - [2026-08-29T13:38:32.267+0000] {dagbag.py:545} INFO - Filling up the DagBag from /opt/airflow/dags/lakehouse_pipeline.py
[2026-08-29T13:38:32.288+0000] {processor.py:840} INFO - DAG(s) 'lakehouse_pipeline' retrieved from /opt/airflow/dags/lakehouse_pipeline.py
[2026-08-29T13:38:32.327+0000] {logging_mixin.py:188} INFO - [2026-08-29T13:38:32.327+0000] {dag.py:3089} INFO - Sync 1 DAGs
[2026-08-29T13:38:32.339+0000] {logging_mixin.py:188} INFO - [2026-08-29T13:38:32.339+0000] {dag.py:3947} INFO - Setting next_dagrun for lakehouse_pipeline to None, run_after=None
[2026-08-29T13:38:32.357+0000] {processor.py:183} INFO - Processing /opt/airflow/dags/lakehouse_pipeline.py took 0.101 seconds
[2026-08-29T13:39:02.496+0000] {processor.py:161} INFO - Started process (PID=262) to work on /opt/airflow/dags/lakehouse_pipeline.py
[2026-08-29T13:39:02.497+0000] {processor.py:830} INFO - Processing file /opt/airflow/dags/lakehouse_pipeline.py for tasks to queue
[2026-08-29T13:39:02.499+0000] {logging_mixin.py:188} INFO - [2026-08-29T13:39:02.498+0000] {dagbag.py:545} INFO - Filling up the DagBag from /opt/airflow/dags/lakehouse_pipeline.py
[2026-08-29T13:39:02.520+0000] {processor.py:840} INFO - DAG(s) 'lakehouse_pipeline' retrieved from /opt/airflow/dags/lakehouse_pipeline.py
[2026-08-29T13:39:02.560+0000] {logging_mixin.py:188} INFO - [2026-08-29T13:39:02.560+0000] {dag.py:3089} INFO - Sync 1 DAGs
[2026-08-29T13:39:02.573+0000] {logging_mixin.py:188} INFO - [2026-08-29T13:39:02.572+0000] {dag.py:3947} INFO - Setting next_dagrun for lakehouse_pipeline to None, run_after=None
[2026-08-29T13:39:02.590+0000] {processor.py:183} INFO - Processing /opt/airflow/dags/lakehouse_pipeline.py took 0.101 seconds
[2026-08-29T13:39:32.867+0000] {processor.py:161} INFO - Started process (PID=267) to work on /opt/airflow/dags/lakehouse_pipeline.py
[2026-08-29T13:39:32.867+0000] {processor.py:830} INFO - Processing file /opt/airflow/dags/lakehouse_pipeline.py for tasks to queue
[2026-08-29T13:39:32.869+0000] {logging_mixin.py:188} INFO - [2026-08-29T13:39:32.869+0000] {dagbag.py:545} INFO - Filling up the DagBag from /opt/airflow/dags/lakehouse_pipeline.py
[2026-08-29T13:39:32.890+0000] {processor.py:840} INFO - DAG(s) 'lakehouse_pipeline' retrieved from /opt/airflow/dags/lakehouse_pipeline.py
[2026-08-29T13:39:32.929+0000] {logging_mixin.py:188} INFO - [2026-08-29T13:39:32.928+0000] {dag.py:3089} INFO - Sync 1 DAGs
[2026-08-29T13:39:32.941+0000] {logging_mixin.py:188} INFO - [2026-08-29T13:39:32.941+0000] {dag.py:3947} INFO - Setting next_dagrun for lakehouse_pipeline to None, run_after=None
[2026-08-29T13:39:32.961+0000] {processor.py:183} INFO - Processing /opt/airflow/dags/lakehouse_pipeline.py took 0.101 seconds
[2026-08-29T13:40:03.084+0000] {processor.py:161} INFO - Started process (PID=272) to work on /opt/airflow/dags/lakehouse_pipeline.py
[2026-08-29T13:40:03.085+0000] {processor.py:830} INFO - Processing file /opt/airflow/dags/lakehouse_pipeline.py for tasks to queue
[2026-08-29T13:40:03.086+0000] {logging_mixin.py:188} INFO - [2026-08-29T13:40:03.086+0000] {dagbag.py:545} INFO - Filling up the DagBag from /opt/airflow/dags/lakehouse_pipeline.py
[2026-08-29T13:40:03.106+0000] {processor.py:840} INFO - DAG(s) 'lakehouse_pipeline' retrieved from /opt/airflow/dags/lakehouse_pipeline.py
[2026-08-29T13:40:03.150+0000] {logging_mixin.py:188} INFO - [2026-08-29T13:40:03.150+0000] {dag.py:3089} INFO - Sync 1 DAGs
[2026-08-29T13:40:03.162+0000] {logging_mixin.py:188} INFO - [2026-08-29T13:40:03.162+0000] {dag.py:3947} INFO - Setting next_dagrun for lakehouse_pipeline to None, run_after=None
[2026-08-29T13:40:03.190+0000] {processor.py:183} INFO - Processing /opt/airflow/dags/lakehouse_pipeline.py took 0.113 seconds
[2026-08-29T13:40:33.451+0000] {processor.py:161} INFO - Started process (PID=277) to work on /opt/airflow/dags/lakehouse_pipeline.py
[2026-08-29T13:40:33.452+0000] {processor.py:830} INFO - Processing file /opt/airflow/dags/lakehouse_pipeline.py for tasks to queue
[2026-08-29T13:40:33.454+0000] {logging_mixin.py:188} INFO - [2026-08-29T13:40:33.454+0000] {dagbag.py:545} INFO - Filling up the DagBag from /opt/airflow/dags/lakehouse_pipeline.py
[2026-08-29T13:40:33.474+0000] {processor.py:840} INFO - DAG(s) 'lakehouse_pipeline' retrieved from /opt/airflow/dags/lakehouse_pipeline.py
[2026-08-29T13:40:33.513+0000] {logging_mixin.py:188} INFO - [2026-08-29T13:40:33.512+0000] {dag.py:3089} INFO - Sync 1 DAGs
[2026-08-29T13:40:33.525+0000] {logging_mixin.py:188} INFO - [2026-08-29T13:40:33.525+0000] {dag.py:3947} INFO - Setting next_dagrun for lakehouse_pipeline to None, run_after=None
[2026-08-29T13:40:33.551+0000] {processor.py:183} INFO - Processing /opt/airflow/dags/lakehouse_pipeline.py took 0.105 seconds
[2026-08-29T13:41:03.708+0000] {processor.py:161} INFO - Started process (PID=282) to work on /opt/airflow/dags/lakehouse_pipeline.py
[2026-08-29T13:41:03.709+0000] {processor.py:830} INFO - Processing file /opt/airflow/dags/lakehouse_pipeline.py for tasks to queue
[2026-08-29T13:41:03.711+0000] {logging_mixin.py:188} INFO - [2026-08-29T13:41:03.710+0000] {dagbag.py:545} INFO - Filling up the DagBag from /opt/airflow/dags/lakehouse_pipeline.py
[2026-08-29T13:41:03.730+0000] {processor.py:840} INFO - DAG(s) 'lakehouse_pipeline' retrieved from /opt/airflow/dags/lakehouse_pipeline.py
[2026-08-29T13:41:03.771+0000] {logging_mixin.py:188} INFO - [2026-08-29T13:41:03.771+0000] {dag.py:3089} INFO - Sync 1 DAGs
[2026-08-29T13:41:03.783+0000] {logging_mixin.py:188} INFO - [2026-08-29T13:41:03.782+0000] {dag.py:3947} INFO - Setting next_dagrun for lakehouse_pipeline to None, run_after=None
[2026-08-29T13:41:03.805+0000] {processor.py:183} INFO - Processing /opt/airflow/dags/lakehouse_pipeline.py took 0.104 seconds
[2026-08-29T13:41:34.027+0000] {processor.py:161} INFO - Started process (PID=287) to work on /opt/airflow/dags/lakehouse_pipeline.py
[2026-08-29T13:41:34.028+0000] {processor.py:830} INFO - Processing file /opt/airflow/dags/lakehouse_pipeline.py for tasks to queue
[2026-08-29T13:41:34.030+0000] {logging_mixin.py:188} INFO - [2026-08-29T13:41:34.029+0000] {dagbag.py:545} INFO - Filling up the DagBag from /opt/airflow/dags/lakehouse_pipeline.py
[2026-08-29T13:41:34.050+0000] {processor.py:840} INFO - DAG(s) 'lakehouse_pipeline' retrieved from /opt/airflow/dags/lakehouse_pipeline.py
[2026-08-29T13:41:34.089+0000] {logging_mixin.py:188} INFO - [2026-08-29T13:41:34.088+0000] {dag.py:3089} INFO - Sync 1 DAGs
[2026-08-29T13:41:34.100+0000] {logging_mixin.py:188} INFO - [2026-08-29T13:41:34.100+0000] {dag.py:3947} INFO - Setting next_dagrun for lakehouse_pipeline to None, run_after=None
[2026-08-29T13:41:34.117+0000] {processor.py:183} INFO - Processing /opt/airflow/dags/lakehouse_pipeline.py took 0.096 seconds
[2026-08-29T13:42:04.283+0000] {processor.py:161} INFO - Started process (PID=292) to work on /opt/airflow/dags/lakehouse_pipeline.py
[2026-08-29T13:42:04.284+0000] {processor.py:830} INFO - Processing file /opt/airflow/dags/lakehouse_pipeline.py for tasks to queue
[2026-08-29T13:42:04.286+0000] {logging_mixin.py:188} INFO - [2026-08-29T13:42:04.286+0000] {dagbag.py:545} INFO - Filling up the DagBag from /opt/airflow/dags/lakehouse_pipeline.py
[2026-08-29T13:42:04.305+0000] {processor.py:840} INFO - DAG(s) 'lakehouse_pipeline' retrieved from /opt/airflow/dags/lakehouse_pipeline.py
[2026-08-29T13:42:04.345+0000] {logging_mixin.py:188} INFO - [2026-08-29T13:42:04.344+0000] {dag.py:3089} INFO - Sync 1 DAGs
[2026-08-29T13:42:04.356+0000] {logging_mixin.py:188} INFO - [2026-08-29T13:42:04.356+0000] {dag.py:3947} INFO - Setting next_dagrun for lakehouse_pipeline to None, run_after=None
[2026-08-29T13:42:04.374+0000] {processor.py:183} INFO - Processing /opt/airflow/dags/lakehouse_pipeline.py took 0.096 seconds
[2026-08-29T13:42:34.638+0000] {processor.py:161} INFO - Started process (PID=297) to work on /opt/airflow/dags/lakehouse_pipeline.py
[2026-08-29T13:42:34.638+0000] {processor.py:830} INFO - Processing file /opt/airflow/dags/lakehouse_pipeline.py for tasks to queue
[2026-08-29T13:42:34.640+0000] {logging_mixin.py:188} INFO - [2026-08-29T13:42:34.640+0000] {dagbag.py:545} INFO - Filling up the DagBag from /opt/airflow/dags/lakehouse_pipeline.py
[2026-08-29T13:42:34.659+0000] {processor.py:840} INFO - DAG(s) 'lakehouse_pipeline' retrieved from /opt/airflow/dags/lakehouse_pipeline.py
[2026-08-29T13:42:34.698+0000] {logging_mixin.py:188} INFO - [2026-08-29T13:42:34.697+0000] {dag.py:3089} INFO - Sync 1 DAGs
[2026-08-29T13:42:34.709+0000] {logging_mixin.py:188} INFO - [2026-08-29T13:42:34.709+0000] {dag.py:3947} INFO - Setting next_dagrun for lakehouse_pipeline to None, run_after=None
[2026-08-29T13:42:34.737+0000] {processor.py:183} INFO - Processing /opt/airflow/dags/lakehouse_pipeline.py took 0.106 seconds
[2026-08-29T13:43:04.889+0000] {processor.py:161} INFO - Started process (PID=302) to work on /opt/airflow/dags/lakehouse_pipeline.py
[2026-08-29T13:43:04.889+0000] {processor.py:830} INFO - Processing file /opt/airflow/dags/lakehouse_pipeline.py for tasks to queue
[2026-08-29T13:43:04.891+0000] {logging_mixin.py:188} INFO - [2026-08-29T13:43:04.891+0000] {dagbag.py:545} INFO - Filling up the DagBag from /opt/airflow/dags/lakehouse_pipeline.py
[2026-08-29T13:43:04.910+0000] {processor.py:840} INFO - DAG(s) 'lakehouse_pipeline' retrieved from /opt/airflow/dags/lakehouse_pipeline.py
[2026-08-29T13:43:04.950+0000] {logging_mixin.py:188} INFO - [2026-08-29T13:43:04.950+0000] {dag.py:3089} INFO - Sync 1 DAGs
[2026-08-29T13:43:04.964+0000] {logging_mixin.py:188} INFO - [2026-08-29T13:43:04.964+0000] {dag.py:3947} INFO - Setting next_dagrun for lakehouse_pipeline to None, run_after=None
[2026-08-29T13:43:04.982+0000] {processor.py:183} INFO - Processing /opt/airflow/dags/lakehouse_pipeline.py took 0.100 seconds
[2026-08-29T13:43:35.254+0000] {processor.py:161} INFO - Started process (PID=307) to work on /opt/airflow/dags/lakehouse_pipeline.py
[2026-08-29T13:43:35.255+0000] {processor.py:830} INFO - Processing file /opt/airflow/dags/lakehouse_pipeline.py for tasks to queue
[2026-08-29T13:43:35.263+0000] {logging_mixin.py:188} INFO - [2026-08-29T13:43:35.261+0000] {dagbag.py:545} INFO - Filling up the DagBag from /opt/airflow/dags/lakehouse_pipeline.py
[2026-08-29T13:43:35.317+0000] {processor.py:840} INFO - DAG(s) 'lakehouse_pipeline' retrieved from /opt/airflow/dags/lakehouse_pipeline.py
[2026-08-29T13:43:35.366+0000] {logging_mixin.py:188} INFO - [2026-08-29T13:43:35.365+0000] {dag.py:3089} INFO - Sync 1 DAGs
[2026-08-29T13:43:35.377+0000] {logging_mixin.py:188} INFO - [2026-08-29T13:43:35.377+0000] {dag.py:3947} INFO - Setting next_dagrun for lakehouse_pipeline to None, run_after=None
[2026-08-29T13:43:35.405+0000] {processor.py:183} INFO - Processing /opt/airflow/dags/lakehouse_pipeline.py took 0.167 seconds
[2026-08-29T13:44:05.519+0000] {processor.py:161} INFO - Started process (PID=312) to work on /opt/airflow/dags/lakehouse_pipeline.py
[2026-08-29T13:44:05.519+0000] {processor.py:830} INFO - Processing file /opt/airflow/dags/lakehouse_pipeline.py for tasks to queue
[2026-08-29T13:44:05.521+0000] {logging_mixin.py:188} INFO - [2026-08-29T13:44:05.521+0000] {dagbag.py:545} INFO - Filling up the DagBag from /opt/airflow/dags/lakehouse_pipeline.py
[2026-08-29T13:44:05.542+0000] {processor.py:840} INFO - DAG(s) 'lakehouse_pipeline' retrieved from /opt/airflow/dags/lakehouse_pipeline.py
[2026-08-29T13:44:05.585+0000] {logging_mixin.py:188} INFO - [2026-08-29T13:44:05.584+0000] {dag.py:3089} INFO - Sync 1 DAGs
[2026-08-29T13:44:05.596+0000] {logging_mixin.py:188} INFO - [2026-08-29T13:44:05.596+0000] {dag.py:3947} INFO - Setting next_dagrun for lakehouse_pipeline to None, run_after=None
[2026-08-29T13:44:05.614+0000] {processor.py:183} INFO - Processing /opt/airflow/dags/lakehouse_pipeline.py took 0.102 seconds
[2026-08-29T13:44:35.975+0000] {processor.py:161} INFO - Started process (PID=317) to work on /opt/airflow/dags/lakehouse_pipeline.py
[2026-08-29T13:44:35.975+0000] {processor.py:830} INFO - Processing file /opt/airflow/dags/lakehouse_pipeline.py for tasks to queue
[2026-08-29T13:44:35.977+0000] {logging_mixin.py:188} INFO - [2026-08-29T13:44:35.977+0000] {dagbag.py:545} INFO - Filling up the DagBag from /opt/airflow/dags/lakehouse_pipeline.py
[2026-08-29T13:44:35.996+0000] {processor.py:840} INFO - DAG(s) 'lakehouse_pipeline' retrieved from /opt/airflow/dags/lakehouse_pipeline.py
[2026-08-29T13:44:36.036+0000] {logging_mixin.py:188} INFO - [2026-08-29T13:44:36.035+0000] {dag.py:3089} INFO - Sync 1 DAGs
[2026-08-29T13:44:36.047+0000] {logging_mixin.py:188} INFO - [2026-08-29T13:44:36.047+0000] {dag.py:3947} INFO - Setting next_dagrun for lakehouse_pipeline to None, run_after=None
[2026-08-29T13:44:36.066+0000] {processor.py:183} INFO - Processing /opt/airflow/dags/lakehouse_pipeline.py took 0.098 seconds
[2026-08-29T13:45:06.269+0000] {processor.py:161} INFO - Started process (PID=322) to work on /opt/airflow/dags/lakehouse_pipeline.py
[2026-08-29T13:45:06.270+0000] {processor.py:830} INFO - Processing file /opt/airflow/dags/lakehouse_pipeline.py for tasks to queue
[2026-08-29T13:45:06.272+0000] {logging_mixin.py:188} INFO - [2026-08-29T13:45:06.272+0000] {dagbag.py:545} INFO - Filling up the DagBag from /opt/airflow/dags/lakehouse_pipeline.py
[2026-08-29T13:45:06.296+0000] {processor.py:840} INFO - DAG(s) 'lakehouse_pipeline' retrieved from /opt/airflow/dags/lakehouse_pipeline.py
[2026-08-29T13:45:06.335+0000] {logging_mixin.py:188} INFO - [2026-08-29T13:45:06.335+0000] {dag.py:3089} INFO - Sync 1 DAGs
[2026-08-29T13:45:06.347+0000] {logging_mixin.py:188} INFO - [2026-08-29T13:45:06.347+0000] {dag.py:3947} INFO - Setting next_dagrun for lakehouse_pipeline to None, run_after=None
[2026-08-29T13:45:06.366+0000] {processor.py:183} INFO - Processing /opt/airflow/dags/lakehouse_pipeline.py took 0.105 seconds
[2026-08-29T13:45:36.588+0000] {processor.py:161} INFO - Started process (PID=327) to work on /opt/airflow/dags/lakehouse_pipeline.py
[2026-08-29T13:45:36.589+0000] {processor.py:830} INFO - Processing file /opt/airflow/dags/lakehouse_pipeline.py for tasks to queue
[2026-08-29T13:45:36.590+0000] {logging_mixin.py:188} INFO - [2026-08-29T13:45:36.590+0000] {dagbag.py:545} INFO - Filling up the DagBag from /opt/airflow/dags/lakehouse_pipeline.py
[2026-08-29T13:45:36.609+0000] {processor.py:840} INFO - DAG(s) 'lakehouse_pipeline' retrieved from /opt/airflow/dags/lakehouse_pipeline.py
[2026-08-29T13:45:36.648+0000] {logging_mixin.py:188} INFO - [2026-08-29T13:45:36.648+0000] {dag.py:3089} INFO - Sync 1 DAGs
[2026-08-29T13:45:36.659+0000] {logging_mixin.py:188} INFO - [2026-08-29T13:45:36.659+0000] {dag.py:3947} INFO - Setting next_dagrun for lakehouse_pipeline to None, run_after=None
[2026-08-29T13:45:36.678+0000] {processor.py:183} INFO - Processing /opt/airflow/dags/lakehouse_pipeline.py took 0.096 seconds
[2026-08-29T13:46:06.839+0000] {processor.py:161} INFO - Started process (PID=332) to work on /opt/airflow/dags/lakehouse_pipeline.py
[2026-08-29T13:46:06.840+0000] {processor.py:830} INFO - Processing file /opt/airflow/dags/lakehouse_pipeline.py for tasks to queue
[2026-08-29T13:46:06.842+0000] {logging_mixin.py:188} INFO - [2026-08-29T13:46:06.842+0000] {dagbag.py:545} INFO - Filling up the DagBag from /opt/airflow/dags/lakehouse_pipeline.py
[2026-08-29T13:46:06.861+0000] {processor.py:840} INFO - DAG(s) 'lakehouse_pipeline' retrieved from /opt/airflow/dags/lakehouse_pipeline.py
[2026-08-29T13:46:06.900+0000] {logging_mixin.py:188} INFO - [2026-08-29T13:46:06.900+0000] {dag.py:3089} INFO - Sync 1 DAGs
[2026-08-29T13:46:06.913+0000] {logging_mixin.py:188} INFO - [2026-08-29T13:46:06.913+0000] {dag.py:3947} INFO - Setting next_dagrun for lakehouse_pipeline to None, run_after=None
[2026-08-29T13:46:06.940+0000] {processor.py:183} INFO - Processing /opt/airflow/dags/lakehouse_pipeline.py took 0.108 seconds
[2026-08-29T13:46:37.198+0000] {processor.py:161} INFO - Started process (PID=337) to work on /opt/airflow/dags/lakehouse_pipeline.py
[2026-08-29T13:46:37.198+0000] {processor.py:830} INFO - Processing file /opt/airflow/dags/lakehouse_pipeline.py for tasks to queue
[2026-08-29T13:46:37.200+0000] {logging_mixin.py:188} INFO - [2026-08-29T13:46:37.200+0000] {dagbag.py:545} INFO - Filling up the DagBag from /opt/airflow/dags/lakehouse_pipeline.py
[2026-08-29T13:46:37.219+0000] {processor.py:840} INFO - DAG(s) 'lakehouse_pipeline' retrieved from /opt/airflow/dags/lakehouse_pipeline.py
[2026-08-29T13:46:37.258+0000] {logging_mixin.py:188} INFO - [2026-08-29T13:46:37.258+0000] {dag.py:3089} INFO - Sync 1 DAGs
[2026-08-29T13:46:37.270+0000] {logging_mixin.py:188} INFO - [2026-08-29T13:46:37.269+0000] {dag.py:3947} INFO - Setting next_dagrun for lakehouse_pipeline to None, run_after=None
[2026-08-29T13:46:37.289+0000] {processor.py:183} INFO - Processing /opt/airflow/dags/lakehouse_pipeline.py took 0.098 seconds
[2026-08-29T13:47:07.471+0000] {processor.py:161} INFO - Started process (PID=342) to work on /opt/airflow/dags/lakehouse_pipeline.py
[2026-08-29T13:47:07.472+0000] {processor.py:830} INFO - Processing file /opt/airflow/dags/lakehouse_pipeline.py for tasks to queue
[2026-08-29T13:47:07.474+0000] {logging_mixin.py:188} INFO - [2026-08-29T13:47:07.473+0000] {dagbag.py:545} INFO - Filling up the DagBag from /opt/airflow/dags/lakehouse_pipeline.py
[2026-08-29T13:47:07.495+0000] {processor.py:840} INFO - DAG(s) 'lakehouse_pipeline' retrieved from /opt/airflow/dags/lakehouse_pipeline.py
[2026-08-29T13:47:07.537+0000] {logging_mixin.py:188} INFO - [2026-08-29T13:47:07.536+0000] {dag.py:3089} INFO - Sync 1 DAGs
[2026-08-29T13:47:07.549+0000] {logging_mixin.py:188} INFO - [2026-08-29T13:47:07.549+0000] {dag.py:3947} INFO - Setting next_dagrun for lakehouse_pipeline to None, run_after=None
[2026-08-29T13:47:07.572+0000] {processor.py:183} INFO - Processing /opt/airflow/dags/lakehouse_pipeline.py took 0.115 seconds
[2026-08-29T13:47:37.860+0000] {processor.py:161} INFO - Started process (PID=347) to work on /opt/airflow/dags/lakehouse_pipeline.py
[2026-08-29T13:47:37.861+0000] {processor.py:830} INFO - Processing file /opt/airflow/dags/lakehouse_pipeline.py for tasks to queue
[2026-08-29T13:47:37.862+0000] {logging_mixin.py:188} INFO - [2026-08-29T13:47:37.862+0000] {dagbag.py:545} INFO - Filling up the DagBag from /opt/airflow/dags/lakehouse_pipeline.py
[2026-08-29T13:47:37.880+0000] {processor.py:840} INFO - DAG(s) 'lakehouse_pipeline' retrieved from /opt/airflow/dags/lakehouse_pipeline.py
[2026-08-29T13:47:37.919+0000] {logging_mixin.py:188} INFO - [2026-08-29T13:47:37.918+0000] {dag.py:3089} INFO - Sync 1 DAGs
[2026-08-29T13:47:37.930+0000] {logging_mixin.py:188} INFO - [2026-08-29T13:47:37.930+0000] {dag.py:3947} INFO - Setting next_dagrun for lakehouse_pipeline to None, run_after=None
[2026-08-29T13:47:37.950+0000] {processor.py:183} INFO - Processing /opt/airflow/dags/lakehouse_pipeline.py took 0.097 seconds
[2026-08-29T13:48:08.147+0000] {processor.py:161} INFO - Started process (PID=352) to work on /opt/airflow/dags/lakehouse_pipeline.py
[2026-08-29T13:48:08.148+0000] {processor.py:830} INFO - Processing file /opt/airflow/dags/lakehouse_pipeline.py for tasks to queue
[2026-08-29T13:48:08.150+0000] {logging_mixin.py:188} INFO - [2026-08-29T13:48:08.150+0000] {dagbag.py:545} INFO - Filling up the DagBag from /opt/airflow/dags/lakehouse_pipeline.py
[2026-08-29T13:48:08.169+0000] {processor.py:840} INFO - DAG(s) 'lakehouse_pipeline' retrieved from /opt/airflow/dags/lakehouse_pipeline.py
[2026-08-29T13:48:08.209+0000] {logging_mixin.py:188} INFO - [2026-08-29T13:48:08.209+0000] {dag.py:3089} INFO - Sync 1 DAGs
[2026-08-29T13:48:08.221+0000] {logging_mixin.py:188} INFO - [2026-08-29T13:48:08.220+0000] {dag.py:3947} INFO - Setting next_dagrun for lakehouse_pipeline to None, run_after=None
[2026-08-29T13:48:08.240+0000] {processor.py:183} INFO - Processing /opt/airflow/dags/lakehouse_pipeline.py took 0.100 seconds
[2026-08-29T13:48:38.484+0000] {processor.py:161} INFO - Started process (PID=357) to work on /opt/airflow/dags/lakehouse_pipeline.py
[2026-08-29T13:48:38.484+0000] {processor.py:830} INFO - Processing file /opt/airflow/dags/lakehouse_pipeline.py for tasks to queue
[2026-08-29T13:48:38.486+0000] {logging_mixin.py:188} INFO - [2026-08-29T13:48:38.486+0000] {dagbag.py:545} INFO - Filling up the DagBag from /opt/airflow/dags/lakehouse_pipeline.py
[2026-08-29T13:48:38.505+0000] {processor.py:840} INFO - DAG(s) 'lakehouse_pipeline' retrieved from /opt/airflow/dags/lakehouse_pipeline.py
[2026-08-29T13:48:38.552+0000] {logging_mixin.py:188} INFO - [2026-08-29T13:48:38.551+0000] {dag.py:3089} INFO - Sync 1 DAGs
[2026-08-29T13:48:38.564+0000] {logging_mixin.py:188} INFO - [2026-08-29T13:48:38.564+0000] {dag.py:3947} INFO - Setting next_dagrun for lakehouse_pipeline to None, run_after=None
[2026-08-29T13:48:38.583+0000] {processor.py:183} INFO - Processing /opt/airflow/dags/lakehouse_pipeline.py took 0.106 seconds
[2026-08-29T13:49:08.774+0000] {processor.py:161} INFO - Started process (PID=362) to work on /opt/airflow/dags/lakehouse_pipeline.py
[2026-08-29T13:49:08.775+0000] {processor.py:830} INFO - Processing file /opt/airflow/dags/lakehouse_pipeline.py for tasks to queue
[2026-08-29T13:49:08.777+0000] {logging_mixin.py:188} INFO - [2026-08-29T13:49:08.776+0000] {dagbag.py:545} INFO - Filling up the DagBag from /opt/airflow/dags/lakehouse_pipeline.py
[2026-08-29T13:49:08.796+0000] {processor.py:840} INFO - DAG(s) 'lakehouse_pipeline' retrieved from /opt/airflow/dags/lakehouse_pipeline.py
[2026-08-29T13:49:08.836+0000] {logging_mixin.py:188} INFO - [2026-08-29T13:49:08.835+0000] {dag.py:3089} INFO - Sync 1 DAGs
[2026-08-29T13:49:08.847+0000] {logging_mixin.py:188} INFO - [2026-08-29T13:49:08.847+0000] {dag.py:3947} INFO - Setting next_dagrun for lakehouse_pipeline to None, run_after=None
[2026-08-29T13:49:08.866+0000] {processor.py:183} INFO - Processing /opt/airflow/dags/lakehouse_pipeline.py took 0.098 seconds
[2026-08-29T13:49:39.143+0000] {processor.py:161} INFO - Started process (PID=367) to work on /opt/airflow/dags/lakehouse_pipeline.py
[2026-08-29T13:49:39.144+0000] {processor.py:830} INFO - Processing file /opt/airflow/dags/lakehouse_pipeline.py for tasks to queue
[2026-08-29T13:49:39.145+0000] {logging_mixin.py:188} INFO - [2026-08-29T13:49:39.145+0000] {dagbag.py:545} INFO - Filling up the DagBag from /opt/airflow/dags/lakehouse_pipeline.py
[2026-08-29T13:49:39.163+0000] {processor.py:840} INFO - DAG(s) 'lakehouse_pipeline' retrieved from /opt/airflow/dags/lakehouse_pipeline.py
[2026-08-29T13:49:39.201+0000] {logging_mixin.py:188} INFO - [2026-08-29T13:49:39.201+0000] {dag.py:3089} INFO - Sync 1 DAGs
[2026-08-29T13:49:39.212+0000] {logging_mixin.py:188} INFO - [2026-08-29T13:49:39.212+0000] {dag.py:3947} INFO - Setting next_dagrun for lakehouse_pipeline to None, run_after=None
[2026-08-29T13:49:39.230+0000] {processor.py:183} INFO - Processing /opt/airflow/dags/lakehouse_pipeline.py took 0.093 seconds
[2026-08-29T13:50:09.427+0000] {processor.py:161} INFO - Started process (PID=372) to work on /opt/airflow/dags/lakehouse_pipeline.py
[2026-08-29T13:50:09.428+0000] {processor.py:830} INFO - Processing file /opt/airflow/dags/lakehouse_pipeline.py for tasks to queue
[2026-08-29T13:50:09.430+0000] {logging_mixin.py:188} INFO - [2026-08-29T13:50:09.430+0000] {dagbag.py:545} INFO - Filling up the DagBag from /opt/airflow/dags/lakehouse_pipeline.py
[2026-08-29T13:50:09.452+0000] {processor.py:840} INFO - DAG(s) 'lakehouse_pipeline' retrieved from /opt/airflow/dags/lakehouse_pipeline.py
[2026-08-29T13:50:09.497+0000] {logging_mixin.py:188} INFO - [2026-08-29T13:50:09.497+0000] {dag.py:3089} INFO - Sync 1 DAGs
[2026-08-29T13:50:09.510+0000] {logging_mixin.py:188} INFO - [2026-08-29T13:50:09.510+0000] {dag.py:3947} INFO - Setting next_dagrun for lakehouse_pipeline to None, run_after=None
[2026-08-29T13:50:09.531+0000] {processor.py:183} INFO - Processing /opt/airflow/dags/lakehouse_pipeline.py took 0.110 seconds
[2026-08-29T13:50:39.728+0000] {processor.py:161} INFO - Started process (PID=377) to work on /opt/airflow/dags/lakehouse_pipeline.py
[2026-08-29T13:50:39.729+0000] {processor.py:830} INFO - Processing file /opt/airflow/dags/lakehouse_pipeline.py for tasks to queue
[2026-08-29T13:50:39.731+0000] {logging_mixin.py:188} INFO - [2026-08-29T13:50:39.730+0000] {dagbag.py:545} INFO - Filling up the DagBag from /opt/airflow/dags/lakehouse_pipeline.py
[2026-08-29T13:50:39.750+0000] {processor.py:840} INFO - DAG(s) 'lakehouse_pipeline' retrieved from /opt/airflow/dags/lakehouse_pipeline.py
[2026-08-29T13:50:39.790+0000] {logging_mixin.py:188} INFO - [2026-08-29T13:50:39.790+0000] {dag.py:3089} INFO - Sync 1 DAGs
[2026-08-29T13:50:39.802+0000] {logging_mixin.py:188} INFO - [2026-08-29T13:50:39.801+0000] {dag.py:3947} INFO - Setting next_dagrun for lakehouse_pipeline to None, run_after=None
[2026-08-29T13:50:39.828+0000] {processor.py:183} INFO - Processing /opt/airflow/dags/lakehouse_pipeline.py took 0.106 seconds
[2026-08-29T13:51:10.095+0000] {processor.py:161} INFO - Started process (PID=382) to work on /opt/airflow/dags/lakehouse_pipeline.py
[2026-08-29T13:51:10.096+0000] {processor.py:830} INFO - Processing file /opt/airflow/dags/lakehouse_pipeline.py for tasks to queue
[2026-08-29T13:51:10.098+0000] {logging_mixin.py:188} INFO - [2026-08-29T13:51:10.098+0000] {dagbag.py:545} INFO - Filling up the DagBag from /opt/airflow/dags/lakehouse_pipeline.py
[2026-08-29T13:51:10.117+0000] {processor.py:840} INFO - DAG(s) 'lakehouse_pipeline' retrieved from /opt/airflow/dags/lakehouse_pipeline.py
[2026-08-29T13:51:10.155+0000] {logging_mixin.py:188} INFO - [2026-08-29T13:51:10.155+0000] {dag.py:3089} INFO - Sync 1 DAGs
[2026-08-29T13:51:10.167+0000] {logging_mixin.py:188} INFO - [2026-08-29T13:51:10.167+0000] {dag.py:3947} INFO - Setting next_dagrun for lakehouse_pipeline to None, run_after=None
[2026-08-29T13:51:10.186+0000] {processor.py:183} INFO - Processing /opt/airflow/dags/lakehouse_pipeline.py took 0.096 seconds
[2026-08-29T13:51:40.369+0000] {processor.py:161} INFO - Started process (PID=387) to work on /opt/airflow/dags/lakehouse_pipeline.py
[2026-08-29T13:51:40.370+0000] {processor.py:830} INFO - Processing file /opt/airflow/dags/lakehouse_pipeline.py for tasks to queue
[2026-08-29T13:51:40.371+0000] {logging_mixin.py:188} INFO - [2026-08-29T13:51:40.371+0000] {dagbag.py:545} INFO - Filling up the DagBag from /opt/airflow/dags/lakehouse_pipeline.py
[2026-08-29T13:51:40.391+0000] {processor.py:840} INFO - DAG(s) 'lakehouse_pipeline' retrieved from /opt/airflow/dags/lakehouse_pipeline.py
[2026-08-29T13:51:40.430+0000] {logging_mixin.py:188} INFO - [2026-08-29T13:51:40.430+0000] {dag.py:3089} INFO - Sync 1 DAGs
[2026-08-29T13:51:40.442+0000] {logging_mixin.py:188} INFO - [2026-08-29T13:51:40.442+0000] {dag.py:3947} INFO - Setting next_dagrun for lakehouse_pipeline to None, run_after=None
[2026-08-29T13:51:40.462+0000] {processor.py:183} INFO - Processing /opt/airflow/dags/lakehouse_pipeline.py took 0.099 seconds
[2026-08-29T13:52:10.711+0000] {processor.py:161} INFO - Started process (PID=392) to work on /opt/airflow/dags/lakehouse_pipeline.py
[2026-08-29T13:52:10.712+0000] {processor.py:830} INFO - Processing file /opt/airflow/dags/lakehouse_pipeline.py for tasks to queue
[2026-08-29T13:52:10.714+0000] {logging_mixin.py:188} INFO - [2026-08-29T13:52:10.714+0000] {dagbag.py:545} INFO - Filling up the DagBag from /opt/airflow/dags/lakehouse_pipeline.py
[2026-08-29T13:52:10.738+0000] {processor.py:840} INFO - DAG(s) 'lakehouse_pipeline' retrieved from /opt/airflow/dags/lakehouse_pipeline.py
[2026-08-29T13:52:10.782+0000] {logging_mixin.py:188} INFO - [2026-08-29T13:52:10.782+0000] {dag.py:3089} INFO - Sync 1 DAGs
[2026-08-29T13:52:10.796+0000] {logging_mixin.py:188} INFO - [2026-08-29T13:52:10.796+0000] {dag.py:3947} INFO - Setting next_dagrun for lakehouse_pipeline to None, run_after=None
[2026-08-29T13:52:10.821+0000] {processor.py:183} INFO - Processing /opt/airflow/dags/lakehouse_pipeline.py took 0.116 seconds
[2026-08-29T13:52:40.964+0000] {processor.py:161} INFO - Started process (PID=397) to work on /opt/airflow/dags/lakehouse_pipeline.py
[2026-08-29T13:52:40.964+0000] {processor.py:830} INFO - Processing file /opt/airflow/dags/lakehouse_pipeline.py for tasks to queue
[2026-08-29T13:52:40.966+0000] {logging_mixin.py:188} INFO - [2026-08-29T13:52:40.966+0000] {dagbag.py:545} INFO - Filling up the DagBag from /opt/airflow/dags/lakehouse_pipeline.py
[2026-08-29T13:52:40.986+0000] {processor.py:840} INFO - DAG(s) 'lakehouse_pipeline' retrieved from /opt/airflow/dags/lakehouse_pipeline.py
[2026-08-29T13:52:41.028+0000] {logging_mixin.py:188} INFO - [2026-08-29T13:52:41.028+0000] {dag.py:3089} INFO - Sync 1 DAGs
[2026-08-29T13:52:41.040+0000] {logging_mixin.py:188} INFO - [2026-08-29T13:52:41.039+0000] {dag.py:3947} INFO - Setting next_dagrun for lakehouse_pipeline to None, run_after=None
[2026-08-29T13:52:41.059+0000] {processor.py:183} INFO - Processing /opt/airflow/dags/lakehouse_pipeline.py took 0.102 seconds
[2026-08-29T13:53:11.340+0000] {processor.py:161} INFO - Started process (PID=402) to work on /opt/airflow/dags/lakehouse_pipeline.py
[2026-08-29T13:53:11.341+0000] {processor.py:830} INFO - Processing file /opt/airflow/dags/lakehouse_pipeline.py for tasks to queue
[2026-08-29T13:53:11.343+0000] {logging_mixin.py:188} INFO - [2026-08-29T13:53:11.343+0000] {dagbag.py:545} INFO - Filling up the DagBag from /opt/airflow/dags/lakehouse_pipeline.py
[2026-08-29T13:53:11.362+0000] {processor.py:840} INFO - DAG(s) 'lakehouse_pipeline' retrieved from /opt/airflow/dags/lakehouse_pipeline.py
[2026-08-29T13:53:11.401+0000] {logging_mixin.py:188} INFO - [2026-08-29T13:53:11.400+0000] {dag.py:3089} INFO - Sync 1 DAGs
[2026-08-29T13:53:11.412+0000] {logging_mixin.py:188} INFO - [2026-08-29T13:53:11.412+0000] {dag.py:3947} INFO - Setting next_dagrun for lakehouse_pipeline to None, run_after=None
[2026-08-29T13:53:11.430+0000] {processor.py:183} INFO - Processing /opt/airflow/dags/lakehouse_pipeline.py took 0.096 seconds
[2026-08-29T13:53:41.645+0000] {processor.py:161} INFO - Started process (PID=407) to work on /opt/airflow/dags/lakehouse_pipeline.py
[2026-08-29T13:53:41.646+0000] {processor.py:830} INFO - Processing file /opt/airflow/dags/lakehouse_pipeline.py for tasks to queue
[2026-08-29T13:53:41.649+0000] {logging_mixin.py:188} INFO - [2026-08-29T13:53:41.648+0000] {dagbag.py:545} INFO - Filling up the DagBag from /opt/airflow/dags/lakehouse_pipeline.py
[2026-08-29T13:53:41.679+0000] {processor.py:840} INFO - DAG(s) 'lakehouse_pipeline' retrieved from /opt/airflow/dags/lakehouse_pipeline.py
[2026-08-29T13:53:41.728+0000] {logging_mixin.py:188} INFO - [2026-08-29T13:53:41.728+0000] {dag.py:3089} INFO - Sync 1 DAGs
[2026-08-29T13:53:41.742+0000] {logging_mixin.py:188} INFO - [2026-08-29T13:53:41.742+0000] {dag.py:3947} INFO - Setting next_dagrun for lakehouse_pipeline to None, run_after=None
[2026-08-29T13:53:41.770+0000] {processor.py:183} INFO - Processing /opt/airflow/dags/lakehouse_pipeline.py took 0.136 seconds
[2026-08-29T13:54:11.957+0000] {processor.py:161} INFO - Started process (PID=412) to work on /opt/airflow/dags/lakehouse_pipeline.py
[2026-08-29T13:54:11.958+0000] {processor.py:830} INFO - Processing file /opt/airflow/dags/lakehouse_pipeline.py for tasks to queue
[2026-08-29T13:54:11.960+0000] {logging_mixin.py:188} INFO - [2026-08-29T13:54:11.960+0000] {dagbag.py:545} INFO - Filling up the DagBag from /opt/airflow/dags/lakehouse_pipeline.py
[2026-08-29T13:54:11.979+0000] {processor.py:840} INFO - DAG(s) 'lakehouse_pipeline' retrieved from /opt/airflow/dags/lakehouse_pipeline.py
[2026-08-29T13:54:12.019+0000] {logging_mixin.py:188} INFO - [2026-08-29T13:54:12.019+0000] {dag.py:3089} INFO - Sync 1 DAGs
[2026-08-29T13:54:12.031+0000] {logging_mixin.py:188} INFO - [2026-08-29T13:54:12.031+0000] {dag.py:3947} INFO - Setting next_dagrun for lakehouse_pipeline to None, run_after=None
[2026-08-29T13:54:12.057+0000] {processor.py:183} INFO - Processing /opt/airflow/dags/lakehouse_pipeline.py took 0.106 seconds
[2026-08-29T13:54:42.323+0000] {processor.py:161} INFO - Started process (PID=417) to work on /opt/airflow/dags/lakehouse_pipeline.py
[2026-08-29T13:54:42.324+0000] {processor.py:830} INFO - Processing file /opt/airflow/dags/lakehouse_pipeline.py for tasks to queue
[2026-08-29T13:54:42.326+0000] {logging_mixin.py:188} INFO - [2026-08-29T13:54:42.326+0000] {dagbag.py:545} INFO - Filling up the DagBag from /opt/airflow/dags/lakehouse_pipeline.py
[2026-08-29T13:54:42.346+0000] {processor.py:840} INFO - DAG(s) 'lakehouse_pipeline' retrieved from /opt/airflow/dags/lakehouse_pipeline.py
[2026-08-29T13:54:42.385+0000] {logging_mixin.py:188} INFO - [2026-08-29T13:54:42.385+0000] {dag.py:3089} INFO - Sync 1 DAGs
[2026-08-29T13:54:42.397+0000] {logging_mixin.py:188} INFO - [2026-08-29T13:54:42.397+0000] {dag.py:3947} INFO - Setting next_dagrun for lakehouse_pipeline to None, run_after=None
[2026-08-29T13:54:42.415+0000] {processor.py:183} INFO - Processing /opt/airflow/dags/lakehouse_pipeline.py took 0.098 seconds
[2026-08-29T13:55:12.581+0000] {processor.py:161} INFO - Started process (PID=422) to work on /opt/airflow/dags/lakehouse_pipeline.py
[2026-08-29T13:55:12.583+0000] {processor.py:830} INFO - Processing file /opt/airflow/dags/lakehouse_pipeline.py for tasks to queue
[2026-08-29T13:55:12.585+0000] {logging_mixin.py:188} INFO - [2026-08-29T13:55:12.585+0000] {dagbag.py:545} INFO - Filling up the DagBag from /opt/airflow/dags/lakehouse_pipeline.py
[2026-08-29T13:55:12.616+0000] {processor.py:840} INFO - DAG(s) 'lakehouse_pipeline' retrieved from /opt/airflow/dags/lakehouse_pipeline.py
[2026-08-29T13:55:12.670+0000] {logging_mixin.py:188} INFO - [2026-08-29T13:55:12.670+0000] {dag.py:3089} INFO - Sync 1 DAGs
[2026-08-29T13:55:12.684+0000] {logging_mixin.py:188} INFO - [2026-08-29T13:55:12.684+0000] {dag.py:3947} INFO - Setting next_dagrun for lakehouse_pipeline to None, run_after=None
[2026-08-29T13:55:12.703+0000] {processor.py:183} INFO - Processing /opt/airflow/dags/lakehouse_pipeline.py took 0.131 seconds
[2026-08-29T13:55:42.963+0000] {processor.py:161} INFO - Started process (PID=427) to work on /opt/airflow/dags/lakehouse_pipeline.py
[2026-08-29T13:55:42.964+0000] {processor.py:830} INFO - Processing file /opt/airflow/dags/lakehouse_pipeline.py for tasks to queue
[2026-08-29T13:55:42.966+0000] {logging_mixin.py:188} INFO - [2026-08-29T13:55:42.966+0000] {dagbag.py:545} INFO - Filling up the DagBag from /opt/airflow/dags/lakehouse_pipeline.py
[2026-08-29T13:55:42.987+0000] {processor.py:840} INFO - DAG(s) 'lakehouse_pipeline' retrieved from /opt/airflow/dags/lakehouse_pipeline.py
[2026-08-29T13:55:43.030+0000] {logging_mixin.py:188} INFO - [2026-08-29T13:55:43.030+0000] {dag.py:3089} INFO - Sync 1 DAGs
[2026-08-29T13:55:43.042+0000] {logging_mixin.py:188} INFO - [2026-08-29T13:55:43.041+0000] {dag.py:3947} INFO - Setting next_dagrun for lakehouse_pipeline to None, run_after=None
[2026-08-29T13:55:43.059+0000] {processor.py:183} INFO - Processing /opt/airflow/dags/lakehouse_pipeline.py took 0.104 seconds
[2026-08-29T13:56:13.232+0000] {processor.py:161} INFO - Started process (PID=432) to work on /opt/airflow/dags/lakehouse_pipeline.py
[2026-08-29T13:56:13.233+0000] {processor.py:830} INFO - Processing file /opt/airflow/dags/lakehouse_pipeline.py for tasks to queue
[2026-08-29T13:56:13.235+0000] {logging_mixin.py:188} INFO - [2026-08-29T13:56:13.235+0000] {dagbag.py:545} INFO - Filling up the DagBag from /opt/airflow/dags/lakehouse_pipeline.py
[2026-08-29T13:56:13.255+0000] {processor.py:840} INFO - DAG(s) 'lakehouse_pipeline' retrieved from /opt/airflow/dags/lakehouse_pipeline.py
[2026-08-29T13:56:13.294+0000] {logging_mixin.py:188} INFO - [2026-08-29T13:56:13.294+0000] {dag.py:3089} INFO - Sync 1 DAGs
[2026-08-29T13:56:13.306+0000] {logging_mixin.py:188} INFO - [2026-08-29T13:56:13.306+0000] {dag.py:3947} INFO - Setting next_dagrun for lakehouse_pipeline to None, run_after=None
[2026-08-29T13:56:13.332+0000] {processor.py:183} INFO - Processing /opt/airflow/dags/lakehouse_pipeline.py took 0.106 seconds
[2026-08-29T13:56:43.600+0000] {processor.py:161} INFO - Started process (PID=437) to work on /opt/airflow/dags/lakehouse_pipeline.py
[2026-08-29T13:56:43.600+0000] {processor.py:830} INFO - Processing file /opt/airflow/dags/lakehouse_pipeline.py for tasks to queue
[2026-08-29T13:56:43.602+0000] {logging_mixin.py:188} INFO - [2026-08-29T13:56:43.602+0000] {dagbag.py:545} INFO - Filling up the DagBag from /opt/airflow/dags/lakehouse_pipeline.py
[2026-08-29T13:56:43.621+0000] {processor.py:840} INFO - DAG(s) 'lakehouse_pipeline' retrieved from /opt/airflow/dags/lakehouse_pipeline.py
[2026-08-29T13:56:43.660+0000] {logging_mixin.py:188} INFO - [2026-08-29T13:56:43.660+0000] {dag.py:3089} INFO - Sync 1 DAGs
[2026-08-29T13:56:43.671+0000] {logging_mixin.py:188} INFO - [2026-08-29T13:56:43.671+0000] {dag.py:3947} INFO - Setting next_dagrun for lakehouse_pipeline to None, run_after=None
[2026-08-29T13:56:43.689+0000] {processor.py:183} INFO - Processing /opt/airflow/dags/lakehouse_pipeline.py took 0.096 seconds
[2026-08-29T13:57:13.876+0000] {processor.py:161} INFO - Started process (PID=442) to work on /opt/airflow/dags/lakehouse_pipeline.py
[2026-08-29T13:57:13.877+0000] {processor.py:830} INFO - Processing file /opt/airflow/dags/lakehouse_pipeline.py for tasks to queue
[2026-08-29T13:57:13.878+0000] {logging_mixin.py:188} INFO - [2026-08-29T13:57:13.878+0000] {dagbag.py:545} INFO - Filling up the DagBag from /opt/airflow/dags/lakehouse_pipeline.py
[2026-08-29T13:57:13.898+0000] {processor.py:840} INFO - DAG(s) 'lakehouse_pipeline' retrieved from /opt/airflow/dags/lakehouse_pipeline.py
[2026-08-29T13:57:13.938+0000] {logging_mixin.py:188} INFO - [2026-08-29T13:57:13.937+0000] {dag.py:3089} INFO - Sync 1 DAGs
[2026-08-29T13:57:13.949+0000] {logging_mixin.py:188} INFO - [2026-08-29T13:57:13.949+0000] {dag.py:3947} INFO - Setting next_dagrun for lakehouse_pipeline to None, run_after=None
[2026-08-29T13:57:13.968+0000] {processor.py:183} INFO - Processing /opt/airflow/dags/lakehouse_pipeline.py took 0.099 seconds
[2026-08-29T13:57:44.242+0000] {processor.py:161} INFO - Started process (PID=447) to work on /opt/airflow/dags/lakehouse_pipeline.py
[2026-08-29T13:57:44.243+0000] {processor.py:830} INFO - Processing file /opt/airflow/dags/lakehouse_pipeline.py for tasks to queue
[2026-08-29T13:57:44.245+0000] {logging_mixin.py:188} INFO - [2026-08-29T13:57:44.244+0000] {dagbag.py:545} INFO - Filling up the DagBag from /opt/airflow/dags/lakehouse_pipeline.py
[2026-08-29T13:57:44.265+0000] {processor.py:840} INFO - DAG(s) 'lakehouse_pipeline' retrieved from /opt/airflow/dags/lakehouse_pipeline.py
[2026-08-29T13:57:44.304+0000] {logging_mixin.py:188} INFO - [2026-08-29T13:57:44.304+0000] {dag.py:3089} INFO - Sync 1 DAGs
[2026-08-29T13:57:44.316+0000] {logging_mixin.py:188} INFO - [2026-08-29T13:57:44.315+0000] {dag.py:3947} INFO - Setting next_dagrun for lakehouse_pipeline to None, run_after=None
[2026-08-29T13:57:44.342+0000] {processor.py:183} INFO - Processing /opt/airflow/dags/lakehouse_pipeline.py took 0.106 seconds
[2026-08-29T13:58:14.543+0000] {processor.py:161} INFO - Started process (PID=452) to work on /opt/airflow/dags/lakehouse_pipeline.py
[2026-08-29T13:58:14.543+0000] {processor.py:830} INFO - Processing file /opt/airflow/dags/lakehouse_pipeline.py for tasks to queue
[2026-08-29T13:58:14.545+0000] {logging_mixin.py:188} INFO - [2026-08-29T13:58:14.545+0000] {dagbag.py:545} INFO - Filling up the DagBag from /opt/airflow/dags/lakehouse_pipeline.py
[2026-08-29T13:58:14.566+0000] {processor.py:840} INFO - DAG(s) 'lakehouse_pipeline' retrieved from /opt/airflow/dags/lakehouse_pipeline.py
[2026-08-29T13:58:14.606+0000] {logging_mixin.py:188} INFO - [2026-08-29T13:58:14.605+0000] {dag.py:3089} INFO - Sync 1 DAGs
[2026-08-29T13:58:14.618+0000] {logging_mixin.py:188} INFO - [2026-08-29T13:58:14.617+0000] {dag.py:3947} INFO - Setting next_dagrun for lakehouse_pipeline to None, run_after=None
[2026-08-29T13:58:14.634+0000] {processor.py:183} INFO - Processing /opt/airflow/dags/lakehouse_pipeline.py took 0.098 seconds
[2026-08-29T13:58:44.863+0000] {processor.py:161} INFO - Started process (PID=457) to work on /opt/airflow/dags/lakehouse_pipeline.py
[2026-08-29T13:58:44.864+0000] {processor.py:830} INFO - Processing file /opt/airflow/dags/lakehouse_pipeline.py for tasks to queue
[2026-08-29T13:58:44.866+0000] {logging_mixin.py:188} INFO - [2026-08-29T13:58:44.866+0000] {dagbag.py:545} INFO - Filling up the DagBag from /opt/airflow/dags/lakehouse_pipeline.py
[2026-08-29T13:58:44.888+0000] {processor.py:840} INFO - DAG(s) 'lakehouse_pipeline' retrieved from /opt/airflow/dags/lakehouse_pipeline.py
[2026-08-29T13:58:44.932+0000] {logging_mixin.py:188} INFO - [2026-08-29T13:58:44.932+0000] {dag.py:3089} INFO - Sync 1 DAGs
[2026-08-29T13:58:44.944+0000] {logging_mixin.py:188} INFO - [2026-08-29T13:58:44.944+0000] {dag.py:3947} INFO - Setting next_dagrun for lakehouse_pipeline to None, run_after=None
[2026-08-29T13:58:44.971+0000] {processor.py:183} INFO - Processing /opt/airflow/dags/lakehouse_pipeline.py took 0.116 seconds
[2026-08-29T13:59:15.134+0000] {processor.py:161} INFO - Started process (PID=462) to work on /opt/airflow/dags/lakehouse_pipeline.py
[2026-08-29T13:59:15.135+0000] {processor.py:830} INFO - Processing file /opt/airflow/dags/lakehouse_pipeline.py for tasks to queue
[2026-08-29T13:59:15.136+0000] {logging_mixin.py:188} INFO - [2026-08-29T13:59:15.136+0000] {dagbag.py:545} INFO - Filling up the DagBag from /opt/airflow/dags/lakehouse_pipeline.py
[2026-08-29T13:59:15.155+0000] {processor.py:840} INFO - DAG(s) 'lakehouse_pipeline' retrieved from /opt/airflow/dags/lakehouse_pipeline.py
[2026-08-29T13:59:15.197+0000] {logging_mixin.py:188} INFO - [2026-08-29T13:59:15.197+0000] {dag.py:3089} INFO - Sync 1 DAGs
[2026-08-29T13:59:15.209+0000] {logging_mixin.py:188} INFO - [2026-08-29T13:59:15.209+0000] {dag.py:3947} INFO - Setting next_dagrun for lakehouse_pipeline to None, run_after=None
[2026-08-29T13:59:15.230+0000] {processor.py:183} INFO - Processing /opt/airflow/dags/lakehouse_pipeline.py took 0.103 seconds
[2026-08-29T13:59:45.510+0000] {processor.py:161} INFO - Started process (PID=467) to work on /opt/airflow/dags/lakehouse_pipeline.py
[2026-08-29T13:59:45.511+0000] {processor.py:830} INFO - Processing file /opt/airflow/dags/lakehouse_pipeline.py for tasks to queue
[2026-08-29T13:59:45.513+0000] {logging_mixin.py:188} INFO - [2026-08-29T13:59:45.512+0000] {dagbag.py:545} INFO - Filling up the DagBag from /opt/airflow/dags/lakehouse_pipeline.py
[2026-08-29T13:59:45.532+0000] {processor.py:840} INFO - DAG(s) 'lakehouse_pipeline' retrieved from /opt/airflow/dags/lakehouse_pipeline.py
[2026-08-29T13:59:45.570+0000] {logging_mixin.py:188} INFO - [2026-08-29T13:59:45.570+0000] {dag.py:3089} INFO - Sync 1 DAGs
[2026-08-29T13:59:45.582+0000] {logging_mixin.py:188} INFO - [2026-08-29T13:59:45.582+0000] {dag.py:3947} INFO - Setting next_dagrun for lakehouse_pipeline to None, run_after=None
[2026-08-29T13:59:45.608+0000] {processor.py:183} INFO - Processing /opt/airflow/dags/lakehouse_pipeline.py took 0.104 seconds
[2026-08-29T14:00:15.786+0000] {processor.py:161} INFO - Started process (PID=472) to work on /opt/airflow/dags/lakehouse_pipeline.py
[2026-08-29T14:00:15.787+0000] {processor.py:830} INFO - Processing file /opt/airflow/dags/lakehouse_pipeline.py for tasks to queue
[2026-08-29T14:00:15.789+0000] {logging_mixin.py:188} INFO - [2026-08-29T14:00:15.788+0000] {dagbag.py:545} INFO - Filling up the DagBag from /opt/airflow/dags/lakehouse_pipeline.py
[2026-08-29T14:00:15.808+0000] {processor.py:840} INFO - DAG(s) 'lakehouse_pipeline' retrieved from /opt/airflow/dags/lakehouse_pipeline.py
[2026-08-29T14:00:15.848+0000] {logging_mixin.py:188} INFO - [2026-08-29T14:00:15.847+0000] {dag.py:3089} INFO - Sync 1 DAGs
[2026-08-29T14:00:15.859+0000] {logging_mixin.py:188} INFO - [2026-08-29T14:00:15.859+0000] {dag.py:3947} INFO - Setting next_dagrun for lakehouse_pipeline to None, run_after=None
[2026-08-29T14:00:15.877+0000] {processor.py:183} INFO - Processing /opt/airflow/dags/lakehouse_pipeline.py took 0.097 seconds
[2026-08-29T14:00:46.140+0000] {processor.py:161} INFO - Started process (PID=477) to work on /opt/airflow/dags/lakehouse_pipeline.py
[2026-08-29T14:00:46.141+0000] {processor.py:830} INFO - Processing file /opt/airflow/dags/lakehouse_pipeline.py for tasks to queue
[2026-08-29T14:00:46.148+0000] {logging_mixin.py:188} INFO - [2026-08-29T14:00:46.147+0000] {dagbag.py:545} INFO - Filling up the DagBag from /opt/airflow/dags/lakehouse_pipeline.py
[2026-08-29T14:00:46.176+0000] {processor.py:840} INFO - DAG(s) 'lakehouse_pipeline' retrieved from /opt/airflow/dags/lakehouse_pipeline.py
[2026-08-29T14:00:46.221+0000] {logging_mixin.py:188} INFO - [2026-08-29T14:00:46.221+0000] {dag.py:3089} INFO - Sync 1 DAGs
[2026-08-29T14:00:46.233+0000] {logging_mixin.py:188} INFO - [2026-08-29T14:00:46.233+0000] {dag.py:3947} INFO - Setting next_dagrun for lakehouse_pipeline to None, run_after=None
[2026-08-29T14:00:46.250+0000] {processor.py:183} INFO - Processing /opt/airflow/dags/lakehouse_pipeline.py took 0.120 seconds
[2026-08-29T14:01:16.429+0000] {processor.py:161} INFO - Started process (PID=482) to work on /opt/airflow/dags/lakehouse_pipeline.py
[2026-08-29T14:01:16.430+0000] {processor.py:830} INFO - Processing file /opt/airflow/dags/lakehouse_pipeline.py for tasks to queue
[2026-08-29T14:01:16.432+0000] {logging_mixin.py:188} INFO - [2026-08-29T14:01:16.432+0000] {dagbag.py:545} INFO - Filling up the DagBag from /opt/airflow/dags/lakehouse_pipeline.py
[2026-08-29T14:01:16.451+0000] {processor.py:840} INFO - DAG(s) 'lakehouse_pipeline' retrieved from /opt/airflow/dags/lakehouse_pipeline.py
[2026-08-29T14:01:16.490+0000] {logging_mixin.py:188} INFO - [2026-08-29T14:01:16.490+0000] {dag.py:3089} INFO - Sync 1 DAGs
[2026-08-29T14:01:16.502+0000] {logging_mixin.py:188} INFO - [2026-08-29T14:01:16.502+0000] {dag.py:3947} INFO - Setting next_dagrun for lakehouse_pipeline to None, run_after=None
[2026-08-29T14:01:16.519+0000] {processor.py:183} INFO - Processing /opt/airflow/dags/lakehouse_pipeline.py took 0.097 seconds
[2026-08-29T14:01:46.794+0000] {processor.py:161} INFO - Started process (PID=487) to work on /opt/airflow/dags/lakehouse_pipeline.py
[2026-08-29T14:01:46.795+0000] {processor.py:830} INFO - Processing file /opt/airflow/dags/lakehouse_pipeline.py for tasks to queue
[2026-08-29T14:01:46.797+0000] {logging_mixin.py:188} INFO - [2026-08-29T14:01:46.796+0000] {dagbag.py:545} INFO - Filling up the DagBag from /opt/airflow/dags/lakehouse_pipeline.py
[2026-08-29T14:01:46.817+0000] {processor.py:840} INFO - DAG(s) 'lakehouse_pipeline' retrieved from /opt/airflow/dags/lakehouse_pipeline.py
[2026-08-29T14:01:46.859+0000] {logging_mixin.py:188} INFO - [2026-08-29T14:01:46.858+0000] {dag.py:3089} INFO - Sync 1 DAGs
[2026-08-29T14:01:46.871+0000] {logging_mixin.py:188} INFO - [2026-08-29T14:01:46.871+0000] {dag.py:3947} INFO - Setting next_dagrun for lakehouse_pipeline to None, run_after=None
[2026-08-29T14:01:46.889+0000] {processor.py:183} INFO - Processing /opt/airflow/dags/lakehouse_pipeline.py took 0.101 seconds
[2026-08-29T14:02:17.077+0000] {processor.py:161} INFO - Started process (PID=492) to work on /opt/airflow/dags/lakehouse_pipeline.py
[2026-08-29T14:02:17.077+0000] {processor.py:830} INFO - Processing file /opt/airflow/dags/lakehouse_pipeline.py for tasks to queue
[2026-08-29T14:02:17.079+0000] {logging_mixin.py:188} INFO - [2026-08-29T14:02:17.079+0000] {dagbag.py:545} INFO - Filling up the DagBag from /opt/airflow/dags/lakehouse_pipeline.py
[2026-08-29T14:02:17.105+0000] {processor.py:840} INFO - DAG(s) 'lakehouse_pipeline' retrieved from /opt/airflow/dags/lakehouse_pipeline.py
[2026-08-29T14:02:17.144+0000] {logging_mixin.py:188} INFO - [2026-08-29T14:02:17.143+0000] {dag.py:3089} INFO - Sync 1 DAGs
[2026-08-29T14:02:17.155+0000] {logging_mixin.py:188} INFO - [2026-08-29T14:02:17.155+0000] {dag.py:3947} INFO - Setting next_dagrun for lakehouse_pipeline to None, run_after=None
[2026-08-29T14:02:17.173+0000] {processor.py:183} INFO - Processing /opt/airflow/dags/lakehouse_pipeline.py took 0.103 seconds
[2026-08-29T14:02:47.360+0000] {processor.py:161} INFO - Started process (PID=497) to work on /opt/airflow/dags/lakehouse_pipeline.py
[2026-08-29T14:02:47.361+0000] {processor.py:830} INFO - Processing file /opt/airflow/dags/lakehouse_pipeline.py for tasks to queue
[2026-08-29T14:02:47.363+0000] {logging_mixin.py:188} INFO - [2026-08-29T14:02:47.363+0000] {dagbag.py:545} INFO - Filling up the DagBag from /opt/airflow/dags/lakehouse_pipeline.py
[2026-08-29T14:02:47.381+0000] {processor.py:840} INFO - DAG(s) 'lakehouse_pipeline' retrieved from /opt/airflow/dags/lakehouse_pipeline.py
[2026-08-29T14:02:47.424+0000] {logging_mixin.py:188} INFO - [2026-08-29T14:02:47.424+0000] {dag.py:3089} INFO - Sync 1 DAGs
[2026-08-29T14:02:47.441+0000] {logging_mixin.py:188} INFO - [2026-08-29T14:02:47.440+0000] {dag.py:3947} INFO - Setting next_dagrun for lakehouse_pipeline to None, run_after=None
[2026-08-29T14:02:47.461+0000] {processor.py:183} INFO - Processing /opt/airflow/dags/lakehouse_pipeline.py took 0.106 seconds
[2026-08-29T14:03:17.630+0000] {processor.py:161} INFO - Started process (PID=502) to work on /opt/airflow/dags/lakehouse_pipeline.py
[2026-08-29T14:03:17.631+0000] {processor.py:830} INFO - Processing file /opt/airflow/dags/lakehouse_pipeline.py for tasks to queue
[2026-08-29T14:03:17.633+0000] {logging_mixin.py:188} INFO - [2026-08-29T14:03:17.632+0000] {dagbag.py:545} INFO - Filling up the DagBag from /opt/airflow/dags/lakehouse_pipeline.py
[2026-08-29T14:03:17.651+0000] {processor.py:840} INFO - DAG(s) 'lakehouse_pipeline' retrieved from /opt/airflow/dags/lakehouse_pipeline.py
[2026-08-29T14:03:17.691+0000] {logging_mixin.py:188} INFO - [2026-08-29T14:03:17.690+0000] {dag.py:3089} INFO - Sync 1 DAGs
[2026-08-29T14:03:17.702+0000] {logging_mixin.py:188} INFO - [2026-08-29T14:03:17.702+0000] {dag.py:3947} INFO - Setting next_dagrun for lakehouse_pipeline to None, run_after=None
[2026-08-29T14:03:17.722+0000] {processor.py:183} INFO - Processing /opt/airflow/dags/lakehouse_pipeline.py took 0.098 seconds
[2026-08-29T14:03:47.990+0000] {processor.py:161} INFO - Started process (PID=507) to work on /opt/airflow/dags/lakehouse_pipeline.py
[2026-08-29T14:03:47.990+0000] {processor.py:830} INFO - Processing file /opt/airflow/dags/lakehouse_pipeline.py for tasks to queue
[2026-08-29T14:03:47.992+0000] {logging_mixin.py:188} INFO - [2026-08-29T14:03:47.992+0000] {dagbag.py:545} INFO - Filling up the DagBag from /opt/airflow/dags/lakehouse_pipeline.py
[2026-08-29T14:03:48.013+0000] {processor.py:840} INFO - DAG(s) 'lakehouse_pipeline' retrieved from /opt/airflow/dags/lakehouse_pipeline.py
[2026-08-29T14:03:48.056+0000] {logging_mixin.py:188} INFO - [2026-08-29T14:03:48.056+0000] {dag.py:3089} INFO - Sync 1 DAGs
[2026-08-29T14:03:48.069+0000] {logging_mixin.py:188} INFO - [2026-08-29T14:03:48.069+0000] {dag.py:3947} INFO - Setting next_dagrun for lakehouse_pipeline to None, run_after=None
[2026-08-29T14:03:48.087+0000] {processor.py:183} INFO - Processing /opt/airflow/dags/lakehouse_pipeline.py took 0.104 seconds
[2026-08-29T14:04:18.245+0000] {processor.py:161} INFO - Started process (PID=512) to work on /opt/airflow/dags/lakehouse_pipeline.py
[2026-08-29T14:04:18.246+0000] {processor.py:830} INFO - Processing file /opt/airflow/dags/lakehouse_pipeline.py for tasks to queue
[2026-08-29T14:04:18.248+0000] {logging_mixin.py:188} INFO - [2026-08-29T14:04:18.248+0000] {dagbag.py:545} INFO - Filling up the DagBag from /opt/airflow/dags/lakehouse_pipeline.py
[2026-08-29T14:04:18.269+0000] {processor.py:840} INFO - DAG(s) 'lakehouse_pipeline' retrieved from /opt/airflow/dags/lakehouse_pipeline.py
[2026-08-29T14:04:18.313+0000] {logging_mixin.py:188} INFO - [2026-08-29T14:04:18.313+0000] {dag.py:3089} INFO - Sync 1 DAGs
[2026-08-29T14:04:18.326+0000] {logging_mixin.py:188} INFO - [2026-08-29T14:04:18.326+0000] {dag.py:3947} INFO - Setting next_dagrun for lakehouse_pipeline to None, run_after=None
[2026-08-29T14:04:18.345+0000] {processor.py:183} INFO - Processing /opt/airflow/dags/lakehouse_pipeline.py took 0.107 seconds
[2026-08-29T14:04:48.620+0000] {processor.py:161} INFO - Started process (PID=517) to work on /opt/airflow/dags/lakehouse_pipeline.py
[2026-08-29T14:04:48.621+0000] {processor.py:830} INFO - Processing file /opt/airflow/dags/lakehouse_pipeline.py for tasks to queue
[2026-08-29T14:04:48.623+0000] {logging_mixin.py:188} INFO - [2026-08-29T14:04:48.623+0000] {dagbag.py:545} INFO - Filling up the DagBag from /opt/airflow/dags/lakehouse_pipeline.py
[2026-08-29T14:04:48.649+0000] {processor.py:840} INFO - DAG(s) 'lakehouse_pipeline' retrieved from /opt/airflow/dags/lakehouse_pipeline.py
[2026-08-29T14:04:48.703+0000] {logging_mixin.py:188} INFO - [2026-08-29T14:04:48.702+0000] {dag.py:3089} INFO - Sync 1 DAGs
[2026-08-29T14:04:48.715+0000] {logging_mixin.py:188} INFO - [2026-08-29T14:04:48.714+0000] {dag.py:3947} INFO - Setting next_dagrun for lakehouse_pipeline to None, run_after=None
[2026-08-29T14:04:48.737+0000] {processor.py:183} INFO - Processing /opt/airflow/dags/lakehouse_pipeline.py took 0.123 seconds
[2026-08-29T14:05:18.889+0000] {processor.py:161} INFO - Started process (PID=522) to work on /opt/airflow/dags/lakehouse_pipeline.py
[2026-08-29T14:05:18.890+0000] {processor.py:830} INFO - Processing file /opt/airflow/dags/lakehouse_pipeline.py for tasks to queue
[2026-08-29T14:05:18.891+0000] {logging_mixin.py:188} INFO - [2026-08-29T14:05:18.891+0000] {dagbag.py:545} INFO - Filling up the DagBag from /opt/airflow/dags/lakehouse_pipeline.py
[2026-08-29T14:05:18.910+0000] {processor.py:840} INFO - DAG(s) 'lakehouse_pipeline' retrieved from /opt/airflow/dags/lakehouse_pipeline.py
[2026-08-29T14:05:18.950+0000] {logging_mixin.py:188} INFO - [2026-08-29T14:05:18.950+0000] {dag.py:3089} INFO - Sync 1 DAGs
[2026-08-29T14:05:18.962+0000] {logging_mixin.py:188} INFO - [2026-08-29T14:05:18.962+0000] {dag.py:3947} INFO - Setting next_dagrun for lakehouse_pipeline to None, run_after=None
[2026-08-29T14:05:18.980+0000] {processor.py:183} INFO - Processing /opt/airflow/dags/lakehouse_pipeline.py took 0.098 seconds
[2026-08-29T14:05:49.249+0000] {processor.py:161} INFO - Started process (PID=527) to work on /opt/airflow/dags/lakehouse_pipeline.py
[2026-08-29T14:05:49.250+0000] {processor.py:830} INFO - Processing file /opt/airflow/dags/lakehouse_pipeline.py for tasks to queue
[2026-08-29T14:05:49.252+0000] {logging_mixin.py:188} INFO - [2026-08-29T14:05:49.251+0000] {dagbag.py:545} INFO - Filling up the DagBag from /opt/airflow/dags/lakehouse_pipeline.py
[2026-08-29T14:05:49.271+0000] {processor.py:840} INFO - DAG(s) 'lakehouse_pipeline' retrieved from /opt/airflow/dags/lakehouse_pipeline.py
[2026-08-29T14:05:49.311+0000] {logging_mixin.py:188} INFO - [2026-08-29T14:05:49.311+0000] {dag.py:3089} INFO - Sync 1 DAGs
[2026-08-29T14:05:49.322+0000] {logging_mixin.py:188} INFO - [2026-08-29T14:05:49.322+0000] {dag.py:3947} INFO - Setting next_dagrun for lakehouse_pipeline to None, run_after=None
[2026-08-29T14:05:49.340+0000] {processor.py:183} INFO - Processing /opt/airflow/dags/lakehouse_pipeline.py took 0.098 seconds
[2026-08-29T14:06:19.487+0000] {processor.py:161} INFO - Started process (PID=532) to work on /opt/airflow/dags/lakehouse_pipeline.py
[2026-08-29T14:06:19.488+0000] {processor.py:830} INFO - Processing file /opt/airflow/dags/lakehouse_pipeline.py for tasks to queue
[2026-08-29T14:06:19.491+0000] {logging_mixin.py:188} INFO - [2026-08-29T14:06:19.491+0000] {dagbag.py:545} INFO - Filling up the DagBag from /opt/airflow/dags/lakehouse_pipeline.py
[2026-08-29T14:06:19.521+0000] {processor.py:840} INFO - DAG(s) 'lakehouse_pipeline' retrieved from /opt/airflow/dags/lakehouse_pipeline.py
[2026-08-29T14:06:19.568+0000] {logging_mixin.py:188} INFO - [2026-08-29T14:06:19.568+0000] {dag.py:3089} INFO - Sync 1 DAGs
[2026-08-29T14:06:19.589+0000] {logging_mixin.py:188} INFO - [2026-08-29T14:06:19.589+0000] {dag.py:3947} INFO - Setting next_dagrun for lakehouse_pipeline to None, run_after=None
[2026-08-29T14:06:19.613+0000] {processor.py:183} INFO - Processing /opt/airflow/dags/lakehouse_pipeline.py took 0.136 seconds
[2026-08-29T14:06:49.862+0000] {processor.py:161} INFO - Started process (PID=537) to work on /opt/airflow/dags/lakehouse_pipeline.py
[2026-08-29T14:06:49.863+0000] {processor.py:830} INFO - Processing file /opt/airflow/dags/lakehouse_pipeline.py for tasks to queue
[2026-08-29T14:06:49.865+0000] {logging_mixin.py:188} INFO - [2026-08-29T14:06:49.864+0000] {dagbag.py:545} INFO - Filling up the DagBag from /opt/airflow/dags/lakehouse_pipeline.py
[2026-08-29T14:06:49.889+0000] {processor.py:840} INFO - DAG(s) 'lakehouse_pipeline' retrieved from /opt/airflow/dags/lakehouse_pipeline.py
[2026-08-29T14:06:49.935+0000] {logging_mixin.py:188} INFO - [2026-08-29T14:06:49.934+0000] {dag.py:3089} INFO - Sync 1 DAGs
[2026-08-29T14:06:49.949+0000] {logging_mixin.py:188} INFO - [2026-08-29T14:06:49.948+0000] {dag.py:3947} INFO - Setting next_dagrun for lakehouse_pipeline to None, run_after=None
[2026-08-29T14:06:49.972+0000] {processor.py:183} INFO - Processing /opt/airflow/dags/lakehouse_pipeline.py took 0.116 seconds
[2026-08-29T14:07:20.105+0000] {processor.py:161} INFO - Started process (PID=542) to work on /opt/airflow/dags/lakehouse_pipeline.py
[2026-08-29T14:07:20.106+0000] {processor.py:830} INFO - Processing file /opt/airflow/dags/lakehouse_pipeline.py for tasks to queue
[2026-08-29T14:07:20.108+0000] {logging_mixin.py:188} INFO - [2026-08-29T14:07:20.108+0000] {dagbag.py:545} INFO - Filling up the DagBag from /opt/airflow/dags/lakehouse_pipeline.py
[2026-08-29T14:07:20.127+0000] {processor.py:840} INFO - DAG(s) 'lakehouse_pipeline' retrieved from /opt/airflow/dags/lakehouse_pipeline.py
[2026-08-29T14:07:20.167+0000] {logging_mixin.py:188} INFO - [2026-08-29T14:07:20.167+0000] {dag.py:3089} INFO - Sync 1 DAGs
[2026-08-29T14:07:20.180+0000] {logging_mixin.py:188} INFO - [2026-08-29T14:07:20.179+0000] {dag.py:3947} INFO - Setting next_dagrun for lakehouse_pipeline to None, run_after=None
[2026-08-29T14:07:20.208+0000] {processor.py:183} INFO - Processing /opt/airflow/dags/lakehouse_pipeline.py took 0.109 seconds
[2026-08-29T14:07:50.478+0000] {processor.py:161} INFO - Started process (PID=547) to work on /opt/airflow/dags/lakehouse_pipeline.py
[2026-08-29T14:07:50.480+0000] {processor.py:830} INFO - Processing file /opt/airflow/dags/lakehouse_pipeline.py for tasks to queue
[2026-08-29T14:07:50.483+0000] {logging_mixin.py:188} INFO - [2026-08-29T14:07:50.482+0000] {dagbag.py:545} INFO - Filling up the DagBag from /opt/airflow/dags/lakehouse_pipeline.py
[2026-08-29T14:07:50.505+0000] {processor.py:840} INFO - DAG(s) 'lakehouse_pipeline' retrieved from /opt/airflow/dags/lakehouse_pipeline.py
[2026-08-29T14:07:50.545+0000] {logging_mixin.py:188} INFO - [2026-08-29T14:07:50.545+0000] {dag.py:3089} INFO - Sync 1 DAGs
[2026-08-29T14:07:50.558+0000] {logging_mixin.py:188} INFO - [2026-08-29T14:07:50.557+0000] {dag.py:3947} INFO - Setting next_dagrun for lakehouse_pipeline to None, run_after=None
[2026-08-29T14:07:50.583+0000] {processor.py:183} INFO - Processing /opt/airflow/dags/lakehouse_pipeline.py took 0.113 seconds
[2026-08-29T14:08:20.738+0000] {processor.py:161} INFO - Started process (PID=552) to work on /opt/airflow/dags/lakehouse_pipeline.py
[2026-08-29T14:08:20.739+0000] {processor.py:830} INFO - Processing file /opt/airflow/dags/lakehouse_pipeline.py for tasks to queue
[2026-08-29T14:08:20.740+0000] {logging_mixin.py:188} INFO - [2026-08-29T14:08:20.740+0000] {dagbag.py:545} INFO - Filling up the DagBag from /opt/airflow/dags/lakehouse_pipeline.py
[2026-08-29T14:08:20.759+0000] {processor.py:840} INFO - DAG(s) 'lakehouse_pipeline' retrieved from /opt/airflow/dags/lakehouse_pipeline.py
[2026-08-29T14:08:20.799+0000] {logging_mixin.py:188} INFO - [2026-08-29T14:08:20.799+0000] {dag.py:3089} INFO - Sync 1 DAGs
[2026-08-29T14:08:20.810+0000] {logging_mixin.py:188} INFO - [2026-08-29T14:08:20.810+0000] {dag.py:3947} INFO - Setting next_dagrun for lakehouse_pipeline to None, run_after=None
[2026-08-29T14:08:20.828+0000] {processor.py:183} INFO - Processing /opt/airflow/dags/lakehouse_pipeline.py took 0.097 seconds
[2026-08-29T14:08:51.088+0000] {processor.py:161} INFO - Started process (PID=557) to work on /opt/airflow/dags/lakehouse_pipeline.py
[2026-08-29T14:08:51.089+0000] {processor.py:830} INFO - Processing file /opt/airflow/dags/lakehouse_pipeline.py for tasks to queue
[2026-08-29T14:08:51.090+0000] {logging_mixin.py:188} INFO - [2026-08-29T14:08:51.090+0000] {dagbag.py:545} INFO - Filling up the DagBag from /opt/airflow/dags/lakehouse_pipeline.py
[2026-08-29T14:08:51.109+0000] {processor.py:840} INFO - DAG(s) 'lakehouse_pipeline' retrieved from /opt/airflow/dags/lakehouse_pipeline.py
[2026-08-29T14:08:51.147+0000] {logging_mixin.py:188} INFO - [2026-08-29T14:08:51.147+0000] {dag.py:3089} INFO - Sync 1 DAGs
[2026-08-29T14:08:51.159+0000] {logging_mixin.py:188} INFO - [2026-08-29T14:08:51.158+0000] {dag.py:3947} INFO - Setting next_dagrun for lakehouse_pipeline to None, run_after=None
[2026-08-29T14:08:51.176+0000] {processor.py:183} INFO - Processing /opt/airflow/dags/lakehouse_pipeline.py took 0.094 seconds
[2026-08-29T14:09:21.382+0000] {processor.py:161} INFO - Started process (PID=562) to work on /opt/airflow/dags/lakehouse_pipeline.py
[2026-08-29T14:09:21.383+0000] {processor.py:830} INFO - Processing file /opt/airflow/dags/lakehouse_pipeline.py for tasks to queue
[2026-08-29T14:09:21.385+0000] {logging_mixin.py:188} INFO - [2026-08-29T14:09:21.385+0000] {dagbag.py:545} INFO - Filling up the DagBag from /opt/airflow/dags/lakehouse_pipeline.py
[2026-08-29T14:09:21.404+0000] {processor.py:840} INFO - DAG(s) 'lakehouse_pipeline' retrieved from /opt/airflow/dags/lakehouse_pipeline.py
[2026-08-29T14:09:21.443+0000] {logging_mixin.py:188} INFO - [2026-08-29T14:09:21.442+0000] {dag.py:3089} INFO - Sync 1 DAGs
[2026-08-29T14:09:21.454+0000] {logging_mixin.py:188} INFO - [2026-08-29T14:09:21.454+0000] {dag.py:3947} INFO - Setting next_dagrun for lakehouse_pipeline to None, run_after=None
[2026-08-29T14:09:21.473+0000] {processor.py:183} INFO - Processing /opt/airflow/dags/lakehouse_pipeline.py took 0.097 seconds
[2026-08-29T14:09:51.768+0000] {processor.py:161} INFO - Started process (PID=567) to work on /opt/airflow/dags/lakehouse_pipeline.py
[2026-08-29T14:09:51.769+0000] {processor.py:830} INFO - Processing file /opt/airflow/dags/lakehouse_pipeline.py for tasks to queue
[2026-08-29T14:09:51.770+0000] {logging_mixin.py:188} INFO - [2026-08-29T14:09:51.770+0000] {dagbag.py:545} INFO - Filling up the DagBag from /opt/airflow/dags/lakehouse_pipeline.py
[2026-08-29T14:09:51.789+0000] {processor.py:840} INFO - DAG(s) 'lakehouse_pipeline' retrieved from /opt/airflow/dags/lakehouse_pipeline.py
[2026-08-29T14:09:51.827+0000] {logging_mixin.py:188} INFO - [2026-08-29T14:09:51.827+0000] {dag.py:3089} INFO - Sync 1 DAGs
[2026-08-29T14:09:51.839+0000] {logging_mixin.py:188} INFO - [2026-08-29T14:09:51.838+0000] {dag.py:3947} INFO - Setting next_dagrun for lakehouse_pipeline to None, run_after=None
[2026-08-29T14:09:51.865+0000] {processor.py:183} INFO - Processing /opt/airflow/dags/lakehouse_pipeline.py took 0.103 seconds
[2026-08-29T14:10:22.034+0000] {processor.py:161} INFO - Started process (PID=572) to work on /opt/airflow/dags/lakehouse_pipeline.py
[2026-08-29T14:10:22.034+0000] {processor.py:830} INFO - Processing file /opt/airflow/dags/lakehouse_pipeline.py for tasks to queue
[2026-08-29T14:10:22.036+0000] {logging_mixin.py:188} INFO - [2026-08-29T14:10:22.036+0000] {dagbag.py:545} INFO - Filling up the DagBag from /opt/airflow/dags/lakehouse_pipeline.py
[2026-08-29T14:10:22.056+0000] {processor.py:840} INFO - DAG(s) 'lakehouse_pipeline' retrieved from /opt/airflow/dags/lakehouse_pipeline.py
[2026-08-29T14:10:22.095+0000] {logging_mixin.py:188} INFO - [2026-08-29T14:10:22.095+0000] {dag.py:3089} INFO - Sync 1 DAGs
[2026-08-29T14:10:22.108+0000] {logging_mixin.py:188} INFO - [2026-08-29T14:10:22.108+0000] {dag.py:3947} INFO - Setting next_dagrun for lakehouse_pipeline to None, run_after=None
[2026-08-29T14:10:22.127+0000] {processor.py:183} INFO - Processing /opt/airflow/dags/lakehouse_pipeline.py took 0.100 seconds
[2026-08-29T14:10:52.411+0000] {processor.py:161} INFO - Started process (PID=577) to work on /opt/airflow/dags/lakehouse_pipeline.py
[2026-08-29T14:10:52.412+0000] {processor.py:830} INFO - Processing file /opt/airflow/dags/lakehouse_pipeline.py for tasks to queue
[2026-08-29T14:10:52.413+0000] {logging_mixin.py:188} INFO - [2026-08-29T14:10:52.413+0000] {dagbag.py:545} INFO - Filling up the DagBag from /opt/airflow/dags/lakehouse_pipeline.py
[2026-08-29T14:10:52.433+0000] {processor.py:840} INFO - DAG(s) 'lakehouse_pipeline' retrieved from /opt/airflow/dags/lakehouse_pipeline.py
[2026-08-29T14:10:52.471+0000] {logging_mixin.py:188} INFO - [2026-08-29T14:10:52.471+0000] {dag.py:3089} INFO - Sync 1 DAGs
[2026-08-29T14:10:52.484+0000] {logging_mixin.py:188} INFO - [2026-08-29T14:10:52.484+0000] {dag.py:3947} INFO - Setting next_dagrun for lakehouse_pipeline to None, run_after=None
[2026-08-29T14:10:52.510+0000] {processor.py:183} INFO - Processing /opt/airflow/dags/lakehouse_pipeline.py took 0.105 seconds
[2026-08-29T14:11:22.688+0000] {processor.py:161} INFO - Started process (PID=582) to work on /opt/airflow/dags/lakehouse_pipeline.py
[2026-08-29T14:11:22.688+0000] {processor.py:830} INFO - Processing file /opt/airflow/dags/lakehouse_pipeline.py for tasks to queue
[2026-08-29T14:11:22.690+0000] {logging_mixin.py:188} INFO - [2026-08-29T14:11:22.690+0000] {dagbag.py:545} INFO - Filling up the DagBag from /opt/airflow/dags/lakehouse_pipeline.py
[2026-08-29T14:11:22.710+0000] {processor.py:840} INFO - DAG(s) 'lakehouse_pipeline' retrieved from /opt/airflow/dags/lakehouse_pipeline.py
[2026-08-29T14:11:22.750+0000] {logging_mixin.py:188} INFO - [2026-08-29T14:11:22.749+0000] {dag.py:3089} INFO - Sync 1 DAGs
[2026-08-29T14:11:22.761+0000] {logging_mixin.py:188} INFO - [2026-08-29T14:11:22.761+0000] {dag.py:3947} INFO - Setting next_dagrun for lakehouse_pipeline to None, run_after=None
[2026-08-29T14:11:22.778+0000] {processor.py:183} INFO - Processing /opt/airflow/dags/lakehouse_pipeline.py took 0.097 seconds
[2026-08-29T14:11:53.048+0000] {processor.py:161} INFO - Started process (PID=587) to work on /opt/airflow/dags/lakehouse_pipeline.py
[2026-08-29T14:11:53.049+0000] {processor.py:830} INFO - Processing file /opt/airflow/dags/lakehouse_pipeline.py for tasks to queue
[2026-08-29T14:11:53.051+0000] {logging_mixin.py:188} INFO - [2026-08-29T14:11:53.050+0000] {dagbag.py:545} INFO - Filling up the DagBag from /opt/airflow/dags/lakehouse_pipeline.py
[2026-08-29T14:11:53.071+0000] {processor.py:840} INFO - DAG(s) 'lakehouse_pipeline' retrieved from /opt/airflow/dags/lakehouse_pipeline.py
[2026-08-29T14:11:53.109+0000] {logging_mixin.py:188} INFO - [2026-08-29T14:11:53.109+0000] {dag.py:3089} INFO - Sync 1 DAGs
[2026-08-29T14:11:53.120+0000] {logging_mixin.py:188} INFO - [2026-08-29T14:11:53.120+0000] {dag.py:3947} INFO - Setting next_dagrun for lakehouse_pipeline to None, run_after=None
[2026-08-29T14:11:53.138+0000] {processor.py:183} INFO - Processing /opt/airflow/dags/lakehouse_pipeline.py took 0.096 seconds
[2026-08-29T14:12:23.334+0000] {processor.py:161} INFO - Started process (PID=592) to work on /opt/airflow/dags/lakehouse_pipeline.py
[2026-08-29T14:12:23.336+0000] {processor.py:830} INFO - Processing file /opt/airflow/dags/lakehouse_pipeline.py for tasks to queue
[2026-08-29T14:12:23.338+0000] {logging_mixin.py:188} INFO - [2026-08-29T14:12:23.338+0000] {dagbag.py:545} INFO - Filling up the DagBag from /opt/airflow/dags/lakehouse_pipeline.py
[2026-08-29T14:12:23.362+0000] {processor.py:840} INFO - DAG(s) 'lakehouse_pipeline' retrieved from /opt/airflow/dags/lakehouse_pipeline.py
[2026-08-29T14:12:23.413+0000] {logging_mixin.py:188} INFO - [2026-08-29T14:12:23.413+0000] {dag.py:3089} INFO - Sync 1 DAGs
[2026-08-29T14:12:23.428+0000] {logging_mixin.py:188} INFO - [2026-08-29T14:12:23.428+0000] {dag.py:3947} INFO - Setting next_dagrun for lakehouse_pipeline to None, run_after=None
[2026-08-29T14:12:23.447+0000] {processor.py:183} INFO - Processing /opt/airflow/dags/lakehouse_pipeline.py took 0.122 seconds
[2026-08-29T14:12:53.677+0000] {processor.py:161} INFO - Started process (PID=597) to work on /opt/airflow/dags/lakehouse_pipeline.py
[2026-08-29T14:12:53.678+0000] {processor.py:830} INFO - Processing file /opt/airflow/dags/lakehouse_pipeline.py for tasks to queue
[2026-08-29T14:12:53.679+0000] {logging_mixin.py:188} INFO - [2026-08-29T14:12:53.679+0000] {dagbag.py:545} INFO - Filling up the DagBag from /opt/airflow/dags/lakehouse_pipeline.py
[2026-08-29T14:12:53.699+0000] {processor.py:840} INFO - DAG(s) 'lakehouse_pipeline' retrieved from /opt/airflow/dags/lakehouse_pipeline.py
[2026-08-29T14:12:53.737+0000] {logging_mixin.py:188} INFO - [2026-08-29T14:12:53.737+0000] {dag.py:3089} INFO - Sync 1 DAGs
[2026-08-29T14:12:53.748+0000] {logging_mixin.py:188} INFO - [2026-08-29T14:12:53.748+0000] {dag.py:3947} INFO - Setting next_dagrun for lakehouse_pipeline to None, run_after=None
[2026-08-29T14:12:53.767+0000] {processor.py:183} INFO - Processing /opt/airflow/dags/lakehouse_pipeline.py took 0.097 seconds
[2026-08-29T14:13:23.953+0000] {processor.py:161} INFO - Started process (PID=602) to work on /opt/airflow/dags/lakehouse_pipeline.py
[2026-08-29T14:13:23.954+0000] {processor.py:830} INFO - Processing file /opt/airflow/dags/lakehouse_pipeline.py for tasks to queue
[2026-08-29T14:13:23.956+0000] {logging_mixin.py:188} INFO - [2026-08-29T14:13:23.956+0000] {dagbag.py:545} INFO - Filling up the DagBag from /opt/airflow/dags/lakehouse_pipeline.py
[2026-08-29T14:13:23.978+0000] {processor.py:840} INFO - DAG(s) 'lakehouse_pipeline' retrieved from /opt/airflow/dags/lakehouse_pipeline.py
[2026-08-29T14:13:24.017+0000] {logging_mixin.py:188} INFO - [2026-08-29T14:13:24.017+0000] {dag.py:3089} INFO - Sync 1 DAGs
[2026-08-29T14:13:24.029+0000] {logging_mixin.py:188} INFO - [2026-08-29T14:13:24.029+0000] {dag.py:3947} INFO - Setting next_dagrun for lakehouse_pipeline to None, run_after=None
[2026-08-29T14:13:24.047+0000] {processor.py:183} INFO - Processing /opt/airflow/dags/lakehouse_pipeline.py took 0.100 seconds
[2026-08-29T14:13:54.296+0000] {processor.py:161} INFO - Started process (PID=607) to work on /opt/airflow/dags/lakehouse_pipeline.py
[2026-08-29T14:13:54.296+0000] {processor.py:830} INFO - Processing file /opt/airflow/dags/lakehouse_pipeline.py for tasks to queue
[2026-08-29T14:13:54.298+0000] {logging_mixin.py:188} INFO - [2026-08-29T14:13:54.298+0000] {dagbag.py:545} INFO - Filling up the DagBag from /opt/airflow/dags/lakehouse_pipeline.py
[2026-08-29T14:13:54.321+0000] {processor.py:840} INFO - DAG(s) 'lakehouse_pipeline' retrieved from /opt/airflow/dags/lakehouse_pipeline.py
[2026-08-29T14:13:54.361+0000] {logging_mixin.py:188} INFO - [2026-08-29T14:13:54.360+0000] {dag.py:3089} INFO - Sync 1 DAGs
[2026-08-29T14:13:54.372+0000] {logging_mixin.py:188} INFO - [2026-08-29T14:13:54.372+0000] {dag.py:3947} INFO - Setting next_dagrun for lakehouse_pipeline to None, run_after=None
[2026-08-29T14:13:54.392+0000] {processor.py:183} INFO - Processing /opt/airflow/dags/lakehouse_pipeline.py took 0.102 seconds
[2026-08-29T14:14:24.606+0000] {processor.py:161} INFO - Started process (PID=612) to work on /opt/airflow/dags/lakehouse_pipeline.py
[2026-08-29T14:14:24.607+0000] {processor.py:830} INFO - Processing file /opt/airflow/dags/lakehouse_pipeline.py for tasks to queue
[2026-08-29T14:14:24.609+0000] {logging_mixin.py:188} INFO - [2026-08-29T14:14:24.609+0000] {dagbag.py:545} INFO - Filling up the DagBag from /opt/airflow/dags/lakehouse_pipeline.py
[2026-08-29T14:14:24.630+0000] {processor.py:840} INFO - DAG(s) 'lakehouse_pipeline' retrieved from /opt/airflow/dags/lakehouse_pipeline.py
[2026-08-29T14:14:24.669+0000] {logging_mixin.py:188} INFO - [2026-08-29T14:14:24.669+0000] {dag.py:3089} INFO - Sync 1 DAGs
[2026-08-29T14:14:24.680+0000] {logging_mixin.py:188} INFO - [2026-08-29T14:14:24.680+0000] {dag.py:3947} INFO - Setting next_dagrun for lakehouse_pipeline to None, run_after=None
[2026-08-29T14:14:24.707+0000] {processor.py:183} INFO - Processing /opt/airflow/dags/lakehouse_pipeline.py took 0.108 seconds
[2026-08-29T14:14:55.003+0000] {processor.py:161} INFO - Started process (PID=617) to work on /opt/airflow/dags/lakehouse_pipeline.py
[2026-08-29T14:14:55.004+0000] {processor.py:830} INFO - Processing file /opt/airflow/dags/lakehouse_pipeline.py for tasks to queue
[2026-08-29T14:14:55.005+0000] {logging_mixin.py:188} INFO - [2026-08-29T14:14:55.005+0000] {dagbag.py:545} INFO - Filling up the DagBag from /opt/airflow/dags/lakehouse_pipeline.py
[2026-08-29T14:14:55.024+0000] {processor.py:840} INFO - DAG(s) 'lakehouse_pipeline' retrieved from /opt/airflow/dags/lakehouse_pipeline.py
[2026-08-29T14:14:55.065+0000] {logging_mixin.py:188} INFO - [2026-08-29T14:14:55.065+0000] {dag.py:3089} INFO - Sync 1 DAGs
[2026-08-29T14:14:55.077+0000] {logging_mixin.py:188} INFO - [2026-08-29T14:14:55.076+0000] {dag.py:3947} INFO - Setting next_dagrun for lakehouse_pipeline to None, run_after=None
[2026-08-29T14:14:55.094+0000] {processor.py:183} INFO - Processing /opt/airflow/dags/lakehouse_pipeline.py took 0.098 seconds
[2026-08-29T14:15:25.321+0000] {processor.py:161} INFO - Started process (PID=622) to work on /opt/airflow/dags/lakehouse_pipeline.py
[2026-08-29T14:15:25.322+0000] {processor.py:830} INFO - Processing file /opt/airflow/dags/lakehouse_pipeline.py for tasks to queue
[2026-08-29T14:15:25.324+0000] {logging_mixin.py:188} INFO - [2026-08-29T14:15:25.324+0000] {dagbag.py:545} INFO - Filling up the DagBag from /opt/airflow/dags/lakehouse_pipeline.py
[2026-08-29T14:15:25.343+0000] {processor.py:840} INFO - DAG(s) 'lakehouse_pipeline' retrieved from /opt/airflow/dags/lakehouse_pipeline.py
[2026-08-29T14:15:25.381+0000] {logging_mixin.py:188} INFO - [2026-08-29T14:15:25.381+0000] {dag.py:3089} INFO - Sync 1 DAGs
[2026-08-29T14:15:25.393+0000] {logging_mixin.py:188} INFO - [2026-08-29T14:15:25.393+0000] {dag.py:3947} INFO - Setting next_dagrun for lakehouse_pipeline to None, run_after=None
[2026-08-29T14:15:25.410+0000] {processor.py:183} INFO - Processing /opt/airflow/dags/lakehouse_pipeline.py took 0.095 seconds
[2026-08-29T14:15:55.633+0000] {processor.py:161} INFO - Started process (PID=627) to work on /opt/airflow/dags/lakehouse_pipeline.py
[2026-08-29T14:15:55.634+0000] {processor.py:830} INFO - Processing file /opt/airflow/dags/lakehouse_pipeline.py for tasks to queue
[2026-08-29T14:15:55.636+0000] {logging_mixin.py:188} INFO - [2026-08-29T14:15:55.636+0000] {dagbag.py:545} INFO - Filling up the DagBag from /opt/airflow/dags/lakehouse_pipeline.py
[2026-08-29T14:15:55.661+0000] {processor.py:840} INFO - DAG(s) 'lakehouse_pipeline' retrieved from /opt/airflow/dags/lakehouse_pipeline.py
[2026-08-29T14:15:55.702+0000] {logging_mixin.py:188} INFO - [2026-08-29T14:15:55.702+0000] {dag.py:3089} INFO - Sync 1 DAGs
[2026-08-29T14:15:55.715+0000] {logging_mixin.py:188} INFO - [2026-08-29T14:15:55.715+0000] {dag.py:3947} INFO - Setting next_dagrun for lakehouse_pipeline to None, run_after=None
[2026-08-29T14:15:55.741+0000] {processor.py:183} INFO - Processing /opt/airflow/dags/lakehouse_pipeline.py took 0.115 seconds
[2026-08-29T14:16:25.936+0000] {processor.py:161} INFO - Started process (PID=632) to work on /opt/airflow/dags/lakehouse_pipeline.py
[2026-08-29T14:16:25.937+0000] {processor.py:830} INFO - Processing file /opt/airflow/dags/lakehouse_pipeline.py for tasks to queue
[2026-08-29T14:16:25.939+0000] {logging_mixin.py:188} INFO - [2026-08-29T14:16:25.939+0000] {dagbag.py:545} INFO - Filling up the DagBag from /opt/airflow/dags/lakehouse_pipeline.py
[2026-08-29T14:16:25.958+0000] {processor.py:840} INFO - DAG(s) 'lakehouse_pipeline' retrieved from /opt/airflow/dags/lakehouse_pipeline.py
[2026-08-29T14:16:25.998+0000] {logging_mixin.py:188} INFO - [2026-08-29T14:16:25.998+0000] {dag.py:3089} INFO - Sync 1 DAGs
[2026-08-29T14:16:26.012+0000] {logging_mixin.py:188} INFO - [2026-08-29T14:16:26.012+0000] {dag.py:3947} INFO - Setting next_dagrun for lakehouse_pipeline to None, run_after=None
[2026-08-29T14:16:26.037+0000] {processor.py:183} INFO - Processing /opt/airflow/dags/lakehouse_pipeline.py took 0.108 seconds
[2026-08-29T14:16:56.291+0000] {processor.py:161} INFO - Started process (PID=637) to work on /opt/airflow/dags/lakehouse_pipeline.py
[2026-08-29T14:16:56.292+0000] {processor.py:830} INFO - Processing file /opt/airflow/dags/lakehouse_pipeline.py for tasks to queue
[2026-08-29T14:16:56.294+0000] {logging_mixin.py:188} INFO - [2026-08-29T14:16:56.293+0000] {dagbag.py:545} INFO - Filling up the DagBag from /opt/airflow/dags/lakehouse_pipeline.py
[2026-08-29T14:16:56.313+0000] {processor.py:840} INFO - DAG(s) 'lakehouse_pipeline' retrieved from /opt/airflow/dags/lakehouse_pipeline.py
[2026-08-29T14:16:56.352+0000] {logging_mixin.py:188} INFO - [2026-08-29T14:16:56.352+0000] {dag.py:3089} INFO - Sync 1 DAGs
[2026-08-29T14:16:56.364+0000] {logging_mixin.py:188} INFO - [2026-08-29T14:16:56.364+0000] {dag.py:3947} INFO - Setting next_dagrun for lakehouse_pipeline to None, run_after=None
[2026-08-29T14:16:56.382+0000] {processor.py:183} INFO - Processing /opt/airflow/dags/lakehouse_pipeline.py took 0.096 seconds
[2026-08-29T14:17:26.576+0000] {processor.py:161} INFO - Started process (PID=642) to work on /opt/airflow/dags/lakehouse_pipeline.py
[2026-08-29T14:17:26.577+0000] {processor.py:830} INFO - Processing file /opt/airflow/dags/lakehouse_pipeline.py for tasks to queue
[2026-08-29T14:17:26.582+0000] {logging_mixin.py:188} INFO - [2026-08-29T14:17:26.581+0000] {dagbag.py:545} INFO - Filling up the DagBag from /opt/airflow/dags/lakehouse_pipeline.py
[2026-08-29T14:17:26.604+0000] {processor.py:840} INFO - DAG(s) 'lakehouse_pipeline' retrieved from /opt/airflow/dags/lakehouse_pipeline.py
[2026-08-29T14:17:26.654+0000] {logging_mixin.py:188} INFO - [2026-08-29T14:17:26.654+0000] {dag.py:3089} INFO - Sync 1 DAGs
[2026-08-29T14:17:26.673+0000] {logging_mixin.py:188} INFO - [2026-08-29T14:17:26.672+0000] {dag.py:3947} INFO - Setting next_dagrun for lakehouse_pipeline to None, run_after=None
[2026-08-29T14:17:26.699+0000] {processor.py:183} INFO - Processing /opt/airflow/dags/lakehouse_pipeline.py took 0.133 seconds
[2026-08-29T14:17:56.962+0000] {processor.py:161} INFO - Started process (PID=647) to work on /opt/airflow/dags/lakehouse_pipeline.py
[2026-08-29T14:17:56.963+0000] {processor.py:830} INFO - Processing file /opt/airflow/dags/lakehouse_pipeline.py for tasks to queue
[2026-08-29T14:17:56.965+0000] {logging_mixin.py:188} INFO - [2026-08-29T14:17:56.964+0000] {dagbag.py:545} INFO - Filling up the DagBag from /opt/airflow/dags/lakehouse_pipeline.py
[2026-08-29T14:17:56.987+0000] {processor.py:840} INFO - DAG(s) 'lakehouse_pipeline' retrieved from /opt/airflow/dags/lakehouse_pipeline.py
[2026-08-29T14:17:57.031+0000] {logging_mixin.py:188} INFO - [2026-08-29T14:17:57.031+0000] {dag.py:3089} INFO - Sync 1 DAGs
[2026-08-29T14:17:57.044+0000] {logging_mixin.py:188} INFO - [2026-08-29T14:17:57.044+0000] {dag.py:3947} INFO - Setting next_dagrun for lakehouse_pipeline to None, run_after=None
[2026-08-29T14:17:57.061+0000] {processor.py:183} INFO - Processing /opt/airflow/dags/lakehouse_pipeline.py took 0.107 seconds
[2026-08-29T14:18:27.249+0000] {processor.py:161} INFO - Started process (PID=652) to work on /opt/airflow/dags/lakehouse_pipeline.py
[2026-08-29T14:18:27.250+0000] {processor.py:830} INFO - Processing file /opt/airflow/dags/lakehouse_pipeline.py for tasks to queue
[2026-08-29T14:18:27.252+0000] {logging_mixin.py:188} INFO - [2026-08-29T14:18:27.252+0000] {dagbag.py:545} INFO - Filling up the DagBag from /opt/airflow/dags/lakehouse_pipeline.py
[2026-08-29T14:18:27.272+0000] {processor.py:840} INFO - DAG(s) 'lakehouse_pipeline' retrieved from /opt/airflow/dags/lakehouse_pipeline.py
[2026-08-29T14:18:27.312+0000] {logging_mixin.py:188} INFO - [2026-08-29T14:18:27.311+0000] {dag.py:3089} INFO - Sync 1 DAGs
[2026-08-29T14:18:27.323+0000] {logging_mixin.py:188} INFO - [2026-08-29T14:18:27.323+0000] {dag.py:3947} INFO - Setting next_dagrun for lakehouse_pipeline to None, run_after=None
[2026-08-29T14:18:27.342+0000] {processor.py:183} INFO - Processing /opt/airflow/dags/lakehouse_pipeline.py took 0.101 seconds
[2026-08-29T14:18:57.607+0000] {processor.py:161} INFO - Started process (PID=657) to work on /opt/airflow/dags/lakehouse_pipeline.py
[2026-08-29T14:18:57.608+0000] {processor.py:830} INFO - Processing file /opt/airflow/dags/lakehouse_pipeline.py for tasks to queue
[2026-08-29T14:18:57.611+0000] {logging_mixin.py:188} INFO - [2026-08-29T14:18:57.610+0000] {dagbag.py:545} INFO - Filling up the DagBag from /opt/airflow/dags/lakehouse_pipeline.py
[2026-08-29T14:18:57.635+0000] {processor.py:840} INFO - DAG(s) 'lakehouse_pipeline' retrieved from /opt/airflow/dags/lakehouse_pipeline.py
[2026-08-29T14:18:57.687+0000] {logging_mixin.py:188} INFO - [2026-08-29T14:18:57.687+0000] {dag.py:3089} INFO - Sync 1 DAGs
[2026-08-29T14:18:57.702+0000] {logging_mixin.py:188} INFO - [2026-08-29T14:18:57.702+0000] {dag.py:3947} INFO - Setting next_dagrun for lakehouse_pipeline to None, run_after=None
[2026-08-29T14:18:57.722+0000] {processor.py:183} INFO - Processing /opt/airflow/dags/lakehouse_pipeline.py took 0.123 seconds
[2026-08-29T14:19:27.884+0000] {processor.py:161} INFO - Started process (PID=662) to work on /opt/airflow/dags/lakehouse_pipeline.py
[2026-08-29T14:19:27.885+0000] {processor.py:830} INFO - Processing file /opt/airflow/dags/lakehouse_pipeline.py for tasks to queue
[2026-08-29T14:19:27.887+0000] {logging_mixin.py:188} INFO - [2026-08-29T14:19:27.887+0000] {dagbag.py:545} INFO - Filling up the DagBag from /opt/airflow/dags/lakehouse_pipeline.py
[2026-08-29T14:19:27.907+0000] {processor.py:840} INFO - DAG(s) 'lakehouse_pipeline' retrieved from /opt/airflow/dags/lakehouse_pipeline.py
[2026-08-29T14:19:27.953+0000] {logging_mixin.py:188} INFO - [2026-08-29T14:19:27.953+0000] {dag.py:3089} INFO - Sync 1 DAGs
[2026-08-29T14:19:27.968+0000] {logging_mixin.py:188} INFO - [2026-08-29T14:19:27.968+0000] {dag.py:3947} INFO - Setting next_dagrun for lakehouse_pipeline to None, run_after=None
[2026-08-29T14:19:27.994+0000] {processor.py:183} INFO - Processing /opt/airflow/dags/lakehouse_pipeline.py took 0.115 seconds
[2026-08-29T14:19:58.205+0000] {processor.py:161} INFO - Started process (PID=667) to work on /opt/airflow/dags/lakehouse_pipeline.py
[2026-08-29T14:19:58.206+0000] {processor.py:830} INFO - Processing file /opt/airflow/dags/lakehouse_pipeline.py for tasks to queue
[2026-08-29T14:19:58.208+0000] {logging_mixin.py:188} INFO - [2026-08-29T14:19:58.207+0000] {dagbag.py:545} INFO - Filling up the DagBag from /opt/airflow/dags/lakehouse_pipeline.py
[2026-08-29T14:19:58.227+0000] {processor.py:840} INFO - DAG(s) 'lakehouse_pipeline' retrieved from /opt/airflow/dags/lakehouse_pipeline.py
[2026-08-29T14:19:58.265+0000] {logging_mixin.py:188} INFO - [2026-08-29T14:19:58.265+0000] {dag.py:3089} INFO - Sync 1 DAGs
[2026-08-29T14:19:58.276+0000] {logging_mixin.py:188} INFO - [2026-08-29T14:19:58.276+0000] {dag.py:3947} INFO - Setting next_dagrun for lakehouse_pipeline to None, run_after=None
[2026-08-29T14:19:58.294+0000] {processor.py:183} INFO - Processing /opt/airflow/dags/lakehouse_pipeline.py took 0.095 seconds
[2026-08-29T14:20:28.493+0000] {processor.py:161} INFO - Started process (PID=672) to work on /opt/airflow/dags/lakehouse_pipeline.py
[2026-08-29T14:20:28.494+0000] {processor.py:830} INFO - Processing file /opt/airflow/dags/lakehouse_pipeline.py for tasks to queue
[2026-08-29T14:20:28.497+0000] {logging_mixin.py:188} INFO - [2026-08-29T14:20:28.496+0000] {dagbag.py:545} INFO - Filling up the DagBag from /opt/airflow/dags/lakehouse_pipeline.py
[2026-08-29T14:20:28.525+0000] {processor.py:840} INFO - DAG(s) 'lakehouse_pipeline' retrieved from /opt/airflow/dags/lakehouse_pipeline.py
[2026-08-29T14:20:28.579+0000] {logging_mixin.py:188} INFO - [2026-08-29T14:20:28.579+0000] {dag.py:3089} INFO - Sync 1 DAGs
[2026-08-29T14:20:28.592+0000] {logging_mixin.py:188} INFO - [2026-08-29T14:20:28.591+0000] {dag.py:3947} INFO - Setting next_dagrun for lakehouse_pipeline to None, run_after=None
[2026-08-29T14:20:28.611+0000] {processor.py:183} INFO - Processing /opt/airflow/dags/lakehouse_pipeline.py took 0.125 seconds
[2026-08-29T14:20:58.886+0000] {processor.py:161} INFO - Started process (PID=677) to work on /opt/airflow/dags/lakehouse_pipeline.py
[2026-08-29T14:20:58.887+0000] {processor.py:830} INFO - Processing file /opt/airflow/dags/lakehouse_pipeline.py for tasks to queue
[2026-08-29T14:20:58.888+0000] {logging_mixin.py:188} INFO - [2026-08-29T14:20:58.888+0000] {dagbag.py:545} INFO - Filling up the DagBag from /opt/airflow/dags/lakehouse_pipeline.py
[2026-08-29T14:20:58.908+0000] {processor.py:840} INFO - DAG(s) 'lakehouse_pipeline' retrieved from /opt/airflow/dags/lakehouse_pipeline.py
[2026-08-29T14:20:58.946+0000] {logging_mixin.py:188} INFO - [2026-08-29T14:20:58.946+0000] {dag.py:3089} INFO - Sync 1 DAGs
[2026-08-29T14:20:58.957+0000] {logging_mixin.py:188} INFO - [2026-08-29T14:20:58.957+0000] {dag.py:3947} INFO - Setting next_dagrun for lakehouse_pipeline to None, run_after=None
[2026-08-29T14:20:58.983+0000] {processor.py:183} INFO - Processing /opt/airflow/dags/lakehouse_pipeline.py took 0.103 seconds
[2026-08-29T14:21:29.147+0000] {processor.py:161} INFO - Started process (PID=682) to work on /opt/airflow/dags/lakehouse_pipeline.py
[2026-08-29T14:21:29.148+0000] {processor.py:830} INFO - Processing file /opt/airflow/dags/lakehouse_pipeline.py for tasks to queue
[2026-08-29T14:21:29.149+0000] {logging_mixin.py:188} INFO - [2026-08-29T14:21:29.149+0000] {dagbag.py:545} INFO - Filling up the DagBag from /opt/airflow/dags/lakehouse_pipeline.py
[2026-08-29T14:21:29.170+0000] {processor.py:840} INFO - DAG(s) 'lakehouse_pipeline' retrieved from /opt/airflow/dags/lakehouse_pipeline.py
[2026-08-29T14:21:29.214+0000] {logging_mixin.py:188} INFO - [2026-08-29T14:21:29.214+0000] {dag.py:3089} INFO - Sync 1 DAGs
[2026-08-29T14:21:29.227+0000] {logging_mixin.py:188} INFO - [2026-08-29T14:21:29.227+0000] {dag.py:3947} INFO - Setting next_dagrun for lakehouse_pipeline to None, run_after=None
[2026-08-29T14:21:29.248+0000] {processor.py:183} INFO - Processing /opt/airflow/dags/lakehouse_pipeline.py took 0.108 seconds
[2026-08-29T14:21:59.513+0000] {processor.py:161} INFO - Started process (PID=687) to work on /opt/airflow/dags/lakehouse_pipeline.py
[2026-08-29T14:21:59.513+0000] {processor.py:830} INFO - Processing file /opt/airflow/dags/lakehouse_pipeline.py for tasks to queue
[2026-08-29T14:21:59.515+0000] {logging_mixin.py:188} INFO - [2026-08-29T14:21:59.515+0000] {dagbag.py:545} INFO - Filling up the DagBag from /opt/airflow/dags/lakehouse_pipeline.py
[2026-08-29T14:21:59.534+0000] {processor.py:840} INFO - DAG(s) 'lakehouse_pipeline' retrieved from /opt/airflow/dags/lakehouse_pipeline.py
[2026-08-29T14:21:59.572+0000] {logging_mixin.py:188} INFO - [2026-08-29T14:21:59.572+0000] {dag.py:3089} INFO - Sync 1 DAGs
[2026-08-29T14:21:59.584+0000] {logging_mixin.py:188} INFO - [2026-08-29T14:21:59.584+0000] {dag.py:3947} INFO - Setting next_dagrun for lakehouse_pipeline to None, run_after=None
[2026-08-29T14:21:59.602+0000] {processor.py:183} INFO - Processing /opt/airflow/dags/lakehouse_pipeline.py took 0.095 seconds
[2026-08-29T14:22:29.815+0000] {processor.py:161} INFO - Started process (PID=692) to work on /opt/airflow/dags/lakehouse_pipeline.py
[2026-08-29T14:22:29.816+0000] {processor.py:830} INFO - Processing file /opt/airflow/dags/lakehouse_pipeline.py for tasks to queue
[2026-08-29T14:22:29.818+0000] {logging_mixin.py:188} INFO - [2026-08-29T14:22:29.818+0000] {dagbag.py:545} INFO - Filling up the DagBag from /opt/airflow/dags/lakehouse_pipeline.py
[2026-08-29T14:22:29.837+0000] {processor.py:840} INFO - DAG(s) 'lakehouse_pipeline' retrieved from /opt/airflow/dags/lakehouse_pipeline.py
[2026-08-29T14:22:29.877+0000] {logging_mixin.py:188} INFO - [2026-08-29T14:22:29.876+0000] {dag.py:3089} INFO - Sync 1 DAGs
[2026-08-29T14:22:29.888+0000] {logging_mixin.py:188} INFO - [2026-08-29T14:22:29.888+0000] {dag.py:3947} INFO - Setting next_dagrun for lakehouse_pipeline to None, run_after=None
[2026-08-29T14:22:29.906+0000] {processor.py:183} INFO - Processing /opt/airflow/dags/lakehouse_pipeline.py took 0.097 seconds
[2026-08-29T14:23:00.147+0000] {processor.py:161} INFO - Started process (PID=697) to work on /opt/airflow/dags/lakehouse_pipeline.py
[2026-08-29T14:23:00.148+0000] {processor.py:830} INFO - Processing file /opt/airflow/dags/lakehouse_pipeline.py for tasks to queue
[2026-08-29T14:23:00.150+0000] {logging_mixin.py:188} INFO - [2026-08-29T14:23:00.149+0000] {dagbag.py:545} INFO - Filling up the DagBag from /opt/airflow/dags/lakehouse_pipeline.py
[2026-08-29T14:23:00.169+0000] {processor.py:840} INFO - DAG(s) 'lakehouse_pipeline' retrieved from /opt/airflow/dags/lakehouse_pipeline.py
[2026-08-29T14:23:00.207+0000] {logging_mixin.py:188} INFO - [2026-08-29T14:23:00.207+0000] {dag.py:3089} INFO - Sync 1 DAGs
[2026-08-29T14:23:00.219+0000] {logging_mixin.py:188} INFO - [2026-08-29T14:23:00.218+0000] {dag.py:3947} INFO - Setting next_dagrun for lakehouse_pipeline to None, run_after=None
[2026-08-29T14:23:00.245+0000] {processor.py:183} INFO - Processing /opt/airflow/dags/lakehouse_pipeline.py took 0.104 seconds
[2026-08-29T14:23:30.417+0000] {processor.py:161} INFO - Started process (PID=702) to work on /opt/airflow/dags/lakehouse_pipeline.py
[2026-08-29T14:23:30.418+0000] {processor.py:830} INFO - Processing file /opt/airflow/dags/lakehouse_pipeline.py for tasks to queue
[2026-08-29T14:23:30.420+0000] {logging_mixin.py:188} INFO - [2026-08-29T14:23:30.420+0000] {dagbag.py:545} INFO - Filling up the DagBag from /opt/airflow/dags/lakehouse_pipeline.py
[2026-08-29T14:23:30.442+0000] {processor.py:840} INFO - DAG(s) 'lakehouse_pipeline' retrieved from /opt/airflow/dags/lakehouse_pipeline.py
[2026-08-29T14:23:30.481+0000] {logging_mixin.py:188} INFO - [2026-08-29T14:23:30.480+0000] {dag.py:3089} INFO - Sync 1 DAGs
[2026-08-29T14:23:30.492+0000] {logging_mixin.py:188} INFO - [2026-08-29T14:23:30.492+0000] {dag.py:3947} INFO - Setting next_dagrun for lakehouse_pipeline to None, run_after=None
[2026-08-29T14:23:30.517+0000] {processor.py:183} INFO - Processing /opt/airflow/dags/lakehouse_pipeline.py took 0.107 seconds
[2026-08-29T14:24:00.798+0000] {processor.py:161} INFO - Started process (PID=707) to work on /opt/airflow/dags/lakehouse_pipeline.py
[2026-08-29T14:24:00.799+0000] {processor.py:830} INFO - Processing file /opt/airflow/dags/lakehouse_pipeline.py for tasks to queue
[2026-08-29T14:24:00.800+0000] {logging_mixin.py:188} INFO - [2026-08-29T14:24:00.800+0000] {dagbag.py:545} INFO - Filling up the DagBag from /opt/airflow/dags/lakehouse_pipeline.py
[2026-08-29T14:24:00.822+0000] {processor.py:840} INFO - DAG(s) 'lakehouse_pipeline' retrieved from /opt/airflow/dags/lakehouse_pipeline.py
[2026-08-29T14:24:00.860+0000] {logging_mixin.py:188} INFO - [2026-08-29T14:24:00.860+0000] {dag.py:3089} INFO - Sync 1 DAGs
[2026-08-29T14:24:00.872+0000] {logging_mixin.py:188} INFO - [2026-08-29T14:24:00.872+0000] {dag.py:3947} INFO - Setting next_dagrun for lakehouse_pipeline to None, run_after=None
[2026-08-29T14:24:00.890+0000] {processor.py:183} INFO - Processing /opt/airflow/dags/lakehouse_pipeline.py took 0.099 seconds
[2026-08-29T14:24:31.124+0000] {processor.py:161} INFO - Started process (PID=712) to work on /opt/airflow/dags/lakehouse_pipeline.py
[2026-08-29T14:24:31.125+0000] {processor.py:830} INFO - Processing file /opt/airflow/dags/lakehouse_pipeline.py for tasks to queue
[2026-08-29T14:24:31.127+0000] {logging_mixin.py:188} INFO - [2026-08-29T14:24:31.127+0000] {dagbag.py:545} INFO - Filling up the DagBag from /opt/airflow/dags/lakehouse_pipeline.py
[2026-08-29T14:24:31.147+0000] {processor.py:840} INFO - DAG(s) 'lakehouse_pipeline' retrieved from /opt/airflow/dags/lakehouse_pipeline.py
[2026-08-29T14:24:31.187+0000] {logging_mixin.py:188} INFO - [2026-08-29T14:24:31.187+0000] {dag.py:3089} INFO - Sync 1 DAGs
[2026-08-29T14:24:31.204+0000] {logging_mixin.py:188} INFO - [2026-08-29T14:24:31.203+0000] {dag.py:3947} INFO - Setting next_dagrun for lakehouse_pipeline to None, run_after=None
[2026-08-29T14:24:31.230+0000] {processor.py:183} INFO - Processing /opt/airflow/dags/lakehouse_pipeline.py took 0.113 seconds
[2026-08-29T14:25:01.411+0000] {processor.py:161} INFO - Started process (PID=717) to work on /opt/airflow/dags/lakehouse_pipeline.py
[2026-08-29T14:25:01.411+0000] {processor.py:830} INFO - Processing file /opt/airflow/dags/lakehouse_pipeline.py for tasks to queue
[2026-08-29T14:25:01.413+0000] {logging_mixin.py:188} INFO - [2026-08-29T14:25:01.413+0000] {dagbag.py:545} INFO - Filling up the DagBag from /opt/airflow/dags/lakehouse_pipeline.py
[2026-08-29T14:25:01.433+0000] {processor.py:840} INFO - DAG(s) 'lakehouse_pipeline' retrieved from /opt/airflow/dags/lakehouse_pipeline.py
[2026-08-29T14:25:01.473+0000] {logging_mixin.py:188} INFO - [2026-08-29T14:25:01.473+0000] {dag.py:3089} INFO - Sync 1 DAGs
[2026-08-29T14:25:01.486+0000] {logging_mixin.py:188} INFO - [2026-08-29T14:25:01.485+0000] {dag.py:3947} INFO - Setting next_dagrun for lakehouse_pipeline to None, run_after=None
[2026-08-29T14:25:01.512+0000] {processor.py:183} INFO - Processing /opt/airflow/dags/lakehouse_pipeline.py took 0.108 seconds
[2026-08-29T14:25:31.726+0000] {processor.py:161} INFO - Started process (PID=722) to work on /opt/airflow/dags/lakehouse_pipeline.py
[2026-08-29T14:25:31.726+0000] {processor.py:830} INFO - Processing file /opt/airflow/dags/lakehouse_pipeline.py for tasks to queue
[2026-08-29T14:25:31.728+0000] {logging_mixin.py:188} INFO - [2026-08-29T14:25:31.728+0000] {dagbag.py:545} INFO - Filling up the DagBag from /opt/airflow/dags/lakehouse_pipeline.py
[2026-08-29T14:25:31.749+0000] {processor.py:840} INFO - DAG(s) 'lakehouse_pipeline' retrieved from /opt/airflow/dags/lakehouse_pipeline.py
[2026-08-29T14:25:31.788+0000] {logging_mixin.py:188} INFO - [2026-08-29T14:25:31.788+0000] {dag.py:3089} INFO - Sync 1 DAGs
[2026-08-29T14:25:31.799+0000] {logging_mixin.py:188} INFO - [2026-08-29T14:25:31.799+0000] {dag.py:3947} INFO - Setting next_dagrun for lakehouse_pipeline to None, run_after=None
[2026-08-29T14:25:31.817+0000] {processor.py:183} INFO - Processing /opt/airflow/dags/lakehouse_pipeline.py took 0.098 seconds
[2026-08-29T14:26:02.034+0000] {processor.py:161} INFO - Started process (PID=727) to work on /opt/airflow/dags/lakehouse_pipeline.py
[2026-08-29T14:26:02.035+0000] {processor.py:830} INFO - Processing file /opt/airflow/dags/lakehouse_pipeline.py for tasks to queue
[2026-08-29T14:26:02.037+0000] {logging_mixin.py:188} INFO - [2026-08-29T14:26:02.036+0000] {dagbag.py:545} INFO - Filling up the DagBag from /opt/airflow/dags/lakehouse_pipeline.py
[2026-08-29T14:26:02.056+0000] {processor.py:840} INFO - DAG(s) 'lakehouse_pipeline' retrieved from /opt/airflow/dags/lakehouse_pipeline.py
[2026-08-29T14:26:02.094+0000] {logging_mixin.py:188} INFO - [2026-08-29T14:26:02.094+0000] {dag.py:3089} INFO - Sync 1 DAGs
[2026-08-29T14:26:02.105+0000] {logging_mixin.py:188} INFO - [2026-08-29T14:26:02.105+0000] {dag.py:3947} INFO - Setting next_dagrun for lakehouse_pipeline to None, run_after=None
[2026-08-29T14:26:02.125+0000] {processor.py:183} INFO - Processing /opt/airflow/dags/lakehouse_pipeline.py took 0.097 seconds
[2026-08-29T14:26:32.331+0000] {processor.py:161} INFO - Started process (PID=732) to work on /opt/airflow/dags/lakehouse_pipeline.py
[2026-08-29T14:26:32.332+0000] {processor.py:830} INFO - Processing file /opt/airflow/dags/lakehouse_pipeline.py for tasks to queue
[2026-08-29T14:26:32.334+0000] {logging_mixin.py:188} INFO - [2026-08-29T14:26:32.334+0000] {dagbag.py:545} INFO - Filling up the DagBag from /opt/airflow/dags/lakehouse_pipeline.py
[2026-08-29T14:26:32.354+0000] {processor.py:840} INFO - DAG(s) 'lakehouse_pipeline' retrieved from /opt/airflow/dags/lakehouse_pipeline.py
[2026-08-29T14:26:32.393+0000] {logging_mixin.py:188} INFO - [2026-08-29T14:26:32.392+0000] {dag.py:3089} INFO - Sync 1 DAGs
[2026-08-29T14:26:32.404+0000] {logging_mixin.py:188} INFO - [2026-08-29T14:26:32.404+0000] {dag.py:3947} INFO - Setting next_dagrun for lakehouse_pipeline to None, run_after=None
[2026-08-29T14:26:32.430+0000] {processor.py:183} INFO - Processing /opt/airflow/dags/lakehouse_pipeline.py took 0.106 seconds
[2026-08-29T14:27:02.665+0000] {processor.py:161} INFO - Started process (PID=737) to work on /opt/airflow/dags/lakehouse_pipeline.py
[2026-08-29T14:27:02.666+0000] {processor.py:830} INFO - Processing file /opt/airflow/dags/lakehouse_pipeline.py for tasks to queue
[2026-08-29T14:27:02.668+0000] {logging_mixin.py:188} INFO - [2026-08-29T14:27:02.668+0000] {dagbag.py:545} INFO - Filling up the DagBag from /opt/airflow/dags/lakehouse_pipeline.py
[2026-08-29T14:27:02.687+0000] {processor.py:840} INFO - DAG(s) 'lakehouse_pipeline' retrieved from /opt/airflow/dags/lakehouse_pipeline.py
[2026-08-29T14:27:02.725+0000] {logging_mixin.py:188} INFO - [2026-08-29T14:27:02.725+0000] {dag.py:3089} INFO - Sync 1 DAGs
[2026-08-29T14:27:02.737+0000] {logging_mixin.py:188} INFO - [2026-08-29T14:27:02.736+0000] {dag.py:3947} INFO - Setting next_dagrun for lakehouse_pipeline to None, run_after=None
[2026-08-29T14:27:02.764+0000] {processor.py:183} INFO - Processing /opt/airflow/dags/lakehouse_pipeline.py took 0.105 seconds
[2026-08-29T14:27:32.982+0000] {processor.py:161} INFO - Started process (PID=742) to work on /opt/airflow/dags/lakehouse_pipeline.py
[2026-08-29T14:27:32.982+0000] {processor.py:830} INFO - Processing file /opt/airflow/dags/lakehouse_pipeline.py for tasks to queue
[2026-08-29T14:27:32.984+0000] {logging_mixin.py:188} INFO - [2026-08-29T14:27:32.984+0000] {dagbag.py:545} INFO - Filling up the DagBag from /opt/airflow/dags/lakehouse_pipeline.py
[2026-08-29T14:27:33.003+0000] {processor.py:840} INFO - DAG(s) 'lakehouse_pipeline' retrieved from /opt/airflow/dags/lakehouse_pipeline.py
[2026-08-29T14:27:33.041+0000] {logging_mixin.py:188} INFO - [2026-08-29T14:27:33.041+0000] {dag.py:3089} INFO - Sync 1 DAGs
[2026-08-29T14:27:33.053+0000] {logging_mixin.py:188} INFO - [2026-08-29T14:27:33.053+0000] {dag.py:3947} INFO - Setting next_dagrun for lakehouse_pipeline to None, run_after=None
[2026-08-29T14:27:33.071+0000] {processor.py:183} INFO - Processing /opt/airflow/dags/lakehouse_pipeline.py took 0.096 seconds
[2026-08-29T14:28:03.303+0000] {processor.py:161} INFO - Started process (PID=747) to work on /opt/airflow/dags/lakehouse_pipeline.py
[2026-08-29T14:28:03.304+0000] {processor.py:830} INFO - Processing file /opt/airflow/dags/lakehouse_pipeline.py for tasks to queue
[2026-08-29T14:28:03.306+0000] {logging_mixin.py:188} INFO - [2026-08-29T14:28:03.306+0000] {dagbag.py:545} INFO - Filling up the DagBag from /opt/airflow/dags/lakehouse_pipeline.py
[2026-08-29T14:28:03.325+0000] {processor.py:840} INFO - DAG(s) 'lakehouse_pipeline' retrieved from /opt/airflow/dags/lakehouse_pipeline.py
[2026-08-29T14:28:03.369+0000] {logging_mixin.py:188} INFO - [2026-08-29T14:28:03.368+0000] {dag.py:3089} INFO - Sync 1 DAGs
[2026-08-29T14:28:03.380+0000] {logging_mixin.py:188} INFO - [2026-08-29T14:28:03.380+0000] {dag.py:3947} INFO - Setting next_dagrun for lakehouse_pipeline to None, run_after=None
[2026-08-29T14:28:03.398+0000] {processor.py:183} INFO - Processing /opt/airflow/dags/lakehouse_pipeline.py took 0.102 seconds
[2026-08-29T14:28:33.633+0000] {processor.py:161} INFO - Started process (PID=752) to work on /opt/airflow/dags/lakehouse_pipeline.py
[2026-08-29T14:28:33.634+0000] {processor.py:830} INFO - Processing file /opt/airflow/dags/lakehouse_pipeline.py for tasks to queue
[2026-08-29T14:28:33.636+0000] {logging_mixin.py:188} INFO - [2026-08-29T14:28:33.635+0000] {dagbag.py:545} INFO - Filling up the DagBag from /opt/airflow/dags/lakehouse_pipeline.py
[2026-08-29T14:28:33.656+0000] {processor.py:840} INFO - DAG(s) 'lakehouse_pipeline' retrieved from /opt/airflow/dags/lakehouse_pipeline.py
[2026-08-29T14:28:33.696+0000] {logging_mixin.py:188} INFO - [2026-08-29T14:28:33.696+0000] {dag.py:3089} INFO - Sync 1 DAGs
[2026-08-29T14:28:33.710+0000] {logging_mixin.py:188} INFO - [2026-08-29T14:28:33.710+0000] {dag.py:3947} INFO - Setting next_dagrun for lakehouse_pipeline to None, run_after=None
[2026-08-29T14:28:33.731+0000] {processor.py:183} INFO - Processing /opt/airflow/dags/lakehouse_pipeline.py took 0.106 seconds
[2026-08-29T14:29:03.952+0000] {processor.py:161} INFO - Started process (PID=757) to work on /opt/airflow/dags/lakehouse_pipeline.py
[2026-08-29T14:29:03.953+0000] {processor.py:830} INFO - Processing file /opt/airflow/dags/lakehouse_pipeline.py for tasks to queue
[2026-08-29T14:29:03.955+0000] {logging_mixin.py:188} INFO - [2026-08-29T14:29:03.955+0000] {dagbag.py:545} INFO - Filling up the DagBag from /opt/airflow/dags/lakehouse_pipeline.py
[2026-08-29T14:29:03.975+0000] {processor.py:840} INFO - DAG(s) 'lakehouse_pipeline' retrieved from /opt/airflow/dags/lakehouse_pipeline.py
[2026-08-29T14:29:04.014+0000] {logging_mixin.py:188} INFO - [2026-08-29T14:29:04.014+0000] {dag.py:3089} INFO - Sync 1 DAGs
[2026-08-29T14:29:04.025+0000] {logging_mixin.py:188} INFO - [2026-08-29T14:29:04.025+0000] {dag.py:3947} INFO - Setting next_dagrun for lakehouse_pipeline to None, run_after=None
[2026-08-29T14:29:04.042+0000] {processor.py:183} INFO - Processing /opt/airflow/dags/lakehouse_pipeline.py took 0.096 seconds
[2026-08-29T14:29:34.314+0000] {processor.py:161} INFO - Started process (PID=762) to work on /opt/airflow/dags/lakehouse_pipeline.py
[2026-08-29T14:29:34.315+0000] {processor.py:830} INFO - Processing file /opt/airflow/dags/lakehouse_pipeline.py for tasks to queue
[2026-08-29T14:29:34.316+0000] {logging_mixin.py:188} INFO - [2026-08-29T14:29:34.316+0000] {dagbag.py:545} INFO - Filling up the DagBag from /opt/airflow/dags/lakehouse_pipeline.py
[2026-08-29T14:29:34.336+0000] {processor.py:840} INFO - DAG(s) 'lakehouse_pipeline' retrieved from /opt/airflow/dags/lakehouse_pipeline.py
[2026-08-29T14:29:34.375+0000] {logging_mixin.py:188} INFO - [2026-08-29T14:29:34.375+0000] {dag.py:3089} INFO - Sync 1 DAGs
[2026-08-29T14:29:34.387+0000] {logging_mixin.py:188} INFO - [2026-08-29T14:29:34.386+0000] {dag.py:3947} INFO - Setting next_dagrun for lakehouse_pipeline to None, run_after=None
[2026-08-29T14:29:34.404+0000] {processor.py:183} INFO - Processing /opt/airflow/dags/lakehouse_pipeline.py took 0.097 seconds
[2026-08-29T14:30:04.570+0000] {processor.py:161} INFO - Started process (PID=767) to work on /opt/airflow/dags/lakehouse_pipeline.py
[2026-08-29T14:30:04.571+0000] {processor.py:830} INFO - Processing file /opt/airflow/dags/lakehouse_pipeline.py for tasks to queue
[2026-08-29T14:30:04.572+0000] {logging_mixin.py:188} INFO - [2026-08-29T14:30:04.572+0000] {dagbag.py:545} INFO - Filling up the DagBag from /opt/airflow/dags/lakehouse_pipeline.py
[2026-08-29T14:30:04.595+0000] {processor.py:840} INFO - DAG(s) 'lakehouse_pipeline' retrieved from /opt/airflow/dags/lakehouse_pipeline.py
[2026-08-29T14:30:04.640+0000] {logging_mixin.py:188} INFO - [2026-08-29T14:30:04.639+0000] {dag.py:3089} INFO - Sync 1 DAGs
[2026-08-29T14:30:04.652+0000] {logging_mixin.py:188} INFO - [2026-08-29T14:30:04.652+0000] {dag.py:3947} INFO - Setting next_dagrun for lakehouse_pipeline to None, run_after=None
[2026-08-29T14:30:04.672+0000] {processor.py:183} INFO - Processing /opt/airflow/dags/lakehouse_pipeline.py took 0.109 seconds
[2026-08-29T14:30:34.915+0000] {processor.py:161} INFO - Started process (PID=772) to work on /opt/airflow/dags/lakehouse_pipeline.py
[2026-08-29T14:30:34.916+0000] {processor.py:830} INFO - Processing file /opt/airflow/dags/lakehouse_pipeline.py for tasks to queue
[2026-08-29T14:30:34.917+0000] {logging_mixin.py:188} INFO - [2026-08-29T14:30:34.917+0000] {dagbag.py:545} INFO - Filling up the DagBag from /opt/airflow/dags/lakehouse_pipeline.py
[2026-08-29T14:30:34.937+0000] {processor.py:840} INFO - DAG(s) 'lakehouse_pipeline' retrieved from /opt/airflow/dags/lakehouse_pipeline.py
[2026-08-29T14:30:34.975+0000] {logging_mixin.py:188} INFO - [2026-08-29T14:30:34.975+0000] {dag.py:3089} INFO - Sync 1 DAGs
[2026-08-29T14:30:34.987+0000] {logging_mixin.py:188} INFO - [2026-08-29T14:30:34.986+0000] {dag.py:3947} INFO - Setting next_dagrun for lakehouse_pipeline to None, run_after=None
[2026-08-29T14:30:35.014+0000] {processor.py:183} INFO - Processing /opt/airflow/dags/lakehouse_pipeline.py took 0.105 seconds
[2026-08-29T14:31:05.226+0000] {processor.py:161} INFO - Started process (PID=777) to work on /opt/airflow/dags/lakehouse_pipeline.py
[2026-08-29T14:31:05.227+0000] {processor.py:830} INFO - Processing file /opt/airflow/dags/lakehouse_pipeline.py for tasks to queue
[2026-08-29T14:31:05.230+0000] {logging_mixin.py:188} INFO - [2026-08-29T14:31:05.230+0000] {dagbag.py:545} INFO - Filling up the DagBag from /opt/airflow/dags/lakehouse_pipeline.py
[2026-08-29T14:31:05.253+0000] {processor.py:840} INFO - DAG(s) 'lakehouse_pipeline' retrieved from /opt/airflow/dags/lakehouse_pipeline.py
[2026-08-29T14:31:05.307+0000] {logging_mixin.py:188} INFO - [2026-08-29T14:31:05.306+0000] {dag.py:3089} INFO - Sync 1 DAGs
[2026-08-29T14:31:05.320+0000] {logging_mixin.py:188} INFO - [2026-08-29T14:31:05.320+0000] {dag.py:3947} INFO - Setting next_dagrun for lakehouse_pipeline to None, run_after=None
[2026-08-29T14:31:05.343+0000] {processor.py:183} INFO - Processing /opt/airflow/dags/lakehouse_pipeline.py took 0.123 seconds
[2026-08-29T14:31:35.500+0000] {processor.py:161} INFO - Started process (PID=782) to work on /opt/airflow/dags/lakehouse_pipeline.py
[2026-08-29T14:31:35.501+0000] {processor.py:830} INFO - Processing file /opt/airflow/dags/lakehouse_pipeline.py for tasks to queue
[2026-08-29T14:31:35.504+0000] {logging_mixin.py:188} INFO - [2026-08-29T14:31:35.503+0000] {dagbag.py:545} INFO - Filling up the DagBag from /opt/airflow/dags/lakehouse_pipeline.py
[2026-08-29T14:31:35.532+0000] {processor.py:840} INFO - DAG(s) 'lakehouse_pipeline' retrieved from /opt/airflow/dags/lakehouse_pipeline.py
[2026-08-29T14:31:35.588+0000] {logging_mixin.py:188} INFO - [2026-08-29T14:31:35.588+0000] {dag.py:3089} INFO - Sync 1 DAGs
[2026-08-29T14:31:35.603+0000] {logging_mixin.py:188} INFO - [2026-08-29T14:31:35.603+0000] {dag.py:3947} INFO - Setting next_dagrun for lakehouse_pipeline to None, run_after=None
[2026-08-29T14:31:35.626+0000] {processor.py:183} INFO - Processing /opt/airflow/dags/lakehouse_pipeline.py took 0.133 seconds
[2026-08-29T14:32:05.890+0000] {processor.py:161} INFO - Started process (PID=787) to work on /opt/airflow/dags/lakehouse_pipeline.py
[2026-08-29T14:32:05.891+0000] {processor.py:830} INFO - Processing file /opt/airflow/dags/lakehouse_pipeline.py for tasks to queue
[2026-08-29T14:32:05.892+0000] {logging_mixin.py:188} INFO - [2026-08-29T14:32:05.892+0000] {dagbag.py:545} INFO - Filling up the DagBag from /opt/airflow/dags/lakehouse_pipeline.py
[2026-08-29T14:32:05.911+0000] {processor.py:840} INFO - DAG(s) 'lakehouse_pipeline' retrieved from /opt/airflow/dags/lakehouse_pipeline.py
[2026-08-29T14:32:05.949+0000] {logging_mixin.py:188} INFO - [2026-08-29T14:32:05.949+0000] {dag.py:3089} INFO - Sync 1 DAGs
[2026-08-29T14:32:05.964+0000] {logging_mixin.py:188} INFO - [2026-08-29T14:32:05.963+0000] {dag.py:3947} INFO - Setting next_dagrun for lakehouse_pipeline to None, run_after=None
[2026-08-29T14:32:05.988+0000] {processor.py:183} INFO - Processing /opt/airflow/dags/lakehouse_pipeline.py took 0.103 seconds
[2026-08-29T14:32:36.174+0000] {processor.py:161} INFO - Started process (PID=792) to work on /opt/airflow/dags/lakehouse_pipeline.py
[2026-08-29T14:32:36.175+0000] {processor.py:830} INFO - Processing file /opt/airflow/dags/lakehouse_pipeline.py for tasks to queue
[2026-08-29T14:32:36.176+0000] {logging_mixin.py:188} INFO - [2026-08-29T14:32:36.176+0000] {dagbag.py:545} INFO - Filling up the DagBag from /opt/airflow/dags/lakehouse_pipeline.py
[2026-08-29T14:32:36.198+0000] {processor.py:840} INFO - DAG(s) 'lakehouse_pipeline' retrieved from /opt/airflow/dags/lakehouse_pipeline.py
[2026-08-29T14:32:36.238+0000] {logging_mixin.py:188} INFO - [2026-08-29T14:32:36.238+0000] {dag.py:3089} INFO - Sync 1 DAGs
[2026-08-29T14:32:36.250+0000] {logging_mixin.py:188} INFO - [2026-08-29T14:32:36.250+0000] {dag.py:3947} INFO - Setting next_dagrun for lakehouse_pipeline to None, run_after=None
[2026-08-29T14:32:36.267+0000] {processor.py:183} INFO - Processing /opt/airflow/dags/lakehouse_pipeline.py took 0.101 seconds
[2026-08-29T14:33:06.527+0000] {processor.py:161} INFO - Started process (PID=797) to work on /opt/airflow/dags/lakehouse_pipeline.py
[2026-08-29T14:33:06.527+0000] {processor.py:830} INFO - Processing file /opt/airflow/dags/lakehouse_pipeline.py for tasks to queue
[2026-08-29T14:33:06.529+0000] {logging_mixin.py:188} INFO - [2026-08-29T14:33:06.529+0000] {dagbag.py:545} INFO - Filling up the DagBag from /opt/airflow/dags/lakehouse_pipeline.py
[2026-08-29T14:33:06.548+0000] {processor.py:840} INFO - DAG(s) 'lakehouse_pipeline' retrieved from /opt/airflow/dags/lakehouse_pipeline.py
[2026-08-29T14:33:06.587+0000] {logging_mixin.py:188} INFO - [2026-08-29T14:33:06.586+0000] {dag.py:3089} INFO - Sync 1 DAGs
[2026-08-29T14:33:06.598+0000] {logging_mixin.py:188} INFO - [2026-08-29T14:33:06.598+0000] {dag.py:3947} INFO - Setting next_dagrun for lakehouse_pipeline to None, run_after=None
[2026-08-29T14:33:06.616+0000] {processor.py:183} INFO - Processing /opt/airflow/dags/lakehouse_pipeline.py took 0.095 seconds
[2026-08-29T14:33:36.839+0000] {processor.py:161} INFO - Started process (PID=802) to work on /opt/airflow/dags/lakehouse_pipeline.py
[2026-08-29T14:33:36.840+0000] {processor.py:830} INFO - Processing file /opt/airflow/dags/lakehouse_pipeline.py for tasks to queue
[2026-08-29T14:33:36.842+0000] {logging_mixin.py:188} INFO - [2026-08-29T14:33:36.842+0000] {dagbag.py:545} INFO - Filling up the DagBag from /opt/airflow/dags/lakehouse_pipeline.py
[2026-08-29T14:33:36.861+0000] {processor.py:840} INFO - DAG(s) 'lakehouse_pipeline' retrieved from /opt/airflow/dags/lakehouse_pipeline.py
[2026-08-29T14:33:36.900+0000] {logging_mixin.py:188} INFO - [2026-08-29T14:33:36.899+0000] {dag.py:3089} INFO - Sync 1 DAGs
[2026-08-29T14:33:36.911+0000] {logging_mixin.py:188} INFO - [2026-08-29T14:33:36.911+0000] {dag.py:3947} INFO - Setting next_dagrun for lakehouse_pipeline to None, run_after=None
[2026-08-29T14:33:36.929+0000] {processor.py:183} INFO - Processing /opt/airflow/dags/lakehouse_pipeline.py took 0.096 seconds
[2026-08-29T14:34:07.127+0000] {processor.py:161} INFO - Started process (PID=807) to work on /opt/airflow/dags/lakehouse_pipeline.py
[2026-08-29T14:34:07.128+0000] {processor.py:830} INFO - Processing file /opt/airflow/dags/lakehouse_pipeline.py for tasks to queue
[2026-08-29T14:34:07.130+0000] {logging_mixin.py:188} INFO - [2026-08-29T14:34:07.130+0000] {dagbag.py:545} INFO - Filling up the DagBag from /opt/airflow/dags/lakehouse_pipeline.py
[2026-08-29T14:34:07.149+0000] {processor.py:840} INFO - DAG(s) 'lakehouse_pipeline' retrieved from /opt/airflow/dags/lakehouse_pipeline.py
[2026-08-29T14:34:07.189+0000] {logging_mixin.py:188} INFO - [2026-08-29T14:34:07.189+0000] {dag.py:3089} INFO - Sync 1 DAGs
[2026-08-29T14:34:07.200+0000] {logging_mixin.py:188} INFO - [2026-08-29T14:34:07.200+0000] {dag.py:3947} INFO - Setting next_dagrun for lakehouse_pipeline to None, run_after=None
[2026-08-29T14:34:07.217+0000] {processor.py:183} INFO - Processing /opt/airflow/dags/lakehouse_pipeline.py took 0.096 seconds
[2026-08-29T14:34:37.505+0000] {processor.py:161} INFO - Started process (PID=812) to work on /opt/airflow/dags/lakehouse_pipeline.py
[2026-08-29T14:34:37.506+0000] {processor.py:830} INFO - Processing file /opt/airflow/dags/lakehouse_pipeline.py for tasks to queue
[2026-08-29T14:34:37.507+0000] {logging_mixin.py:188} INFO - [2026-08-29T14:34:37.507+0000] {dagbag.py:545} INFO - Filling up the DagBag from /opt/airflow/dags/lakehouse_pipeline.py
[2026-08-29T14:34:37.526+0000] {processor.py:840} INFO - DAG(s) 'lakehouse_pipeline' retrieved from /opt/airflow/dags/lakehouse_pipeline.py
[2026-08-29T14:34:37.565+0000] {logging_mixin.py:188} INFO - [2026-08-29T14:34:37.565+0000] {dag.py:3089} INFO - Sync 1 DAGs
[2026-08-29T14:34:37.587+0000] {logging_mixin.py:188} INFO - [2026-08-29T14:34:37.587+0000] {dag.py:3947} INFO - Setting next_dagrun for lakehouse_pipeline to None, run_after=None
[2026-08-29T14:34:37.613+0000] {processor.py:183} INFO - Processing /opt/airflow/dags/lakehouse_pipeline.py took 0.114 seconds
[2026-08-29T14:35:07.791+0000] {processor.py:161} INFO - Started process (PID=817) to work on /opt/airflow/dags/lakehouse_pipeline.py
[2026-08-29T14:35:07.792+0000] {processor.py:830} INFO - Processing file /opt/airflow/dags/lakehouse_pipeline.py for tasks to queue
[2026-08-29T14:35:07.795+0000] {logging_mixin.py:188} INFO - [2026-08-29T14:35:07.794+0000] {dagbag.py:545} INFO - Filling up the DagBag from /opt/airflow/dags/lakehouse_pipeline.py
[2026-08-29T14:35:07.817+0000] {processor.py:840} INFO - DAG(s) 'lakehouse_pipeline' retrieved from /opt/airflow/dags/lakehouse_pipeline.py
[2026-08-29T14:35:07.857+0000] {logging_mixin.py:188} INFO - [2026-08-29T14:35:07.856+0000] {dag.py:3089} INFO - Sync 1 DAGs
[2026-08-29T14:35:07.868+0000] {logging_mixin.py:188} INFO - [2026-08-29T14:35:07.868+0000] {dag.py:3947} INFO - Setting next_dagrun for lakehouse_pipeline to None, run_after=None
[2026-08-29T14:35:07.895+0000] {processor.py:183} INFO - Processing /opt/airflow/dags/lakehouse_pipeline.py took 0.116 seconds
[2026-08-29T14:35:38.170+0000] {processor.py:161} INFO - Started process (PID=822) to work on /opt/airflow/dags/lakehouse_pipeline.py
[2026-08-29T14:35:38.171+0000] {processor.py:830} INFO - Processing file /opt/airflow/dags/lakehouse_pipeline.py for tasks to queue
[2026-08-29T14:35:38.172+0000] {logging_mixin.py:188} INFO - [2026-08-29T14:35:38.172+0000] {dagbag.py:545} INFO - Filling up the DagBag from /opt/airflow/dags/lakehouse_pipeline.py
[2026-08-29T14:35:38.192+0000] {processor.py:840} INFO - DAG(s) 'lakehouse_pipeline' retrieved from /opt/airflow/dags/lakehouse_pipeline.py
[2026-08-29T14:35:38.230+0000] {logging_mixin.py:188} INFO - [2026-08-29T14:35:38.230+0000] {dag.py:3089} INFO - Sync 1 DAGs
[2026-08-29T14:35:38.242+0000] {logging_mixin.py:188} INFO - [2026-08-29T14:35:38.242+0000] {dag.py:3947} INFO - Setting next_dagrun for lakehouse_pipeline to None, run_after=None
[2026-08-29T14:35:38.268+0000] {processor.py:183} INFO - Processing /opt/airflow/dags/lakehouse_pipeline.py took 0.104 seconds
[2026-08-29T14:36:08.473+0000] {processor.py:161} INFO - Started process (PID=827) to work on /opt/airflow/dags/lakehouse_pipeline.py
[2026-08-29T14:36:08.474+0000] {processor.py:830} INFO - Processing file /opt/airflow/dags/lakehouse_pipeline.py for tasks to queue
[2026-08-29T14:36:08.475+0000] {logging_mixin.py:188} INFO - [2026-08-29T14:36:08.475+0000] {dagbag.py:545} INFO - Filling up the DagBag from /opt/airflow/dags/lakehouse_pipeline.py
[2026-08-29T14:36:08.495+0000] {processor.py:840} INFO - DAG(s) 'lakehouse_pipeline' retrieved from /opt/airflow/dags/lakehouse_pipeline.py
[2026-08-29T14:36:08.534+0000] {logging_mixin.py:188} INFO - [2026-08-29T14:36:08.534+0000] {dag.py:3089} INFO - Sync 1 DAGs
[2026-08-29T14:36:08.546+0000] {logging_mixin.py:188} INFO - [2026-08-29T14:36:08.546+0000] {dag.py:3947} INFO - Setting next_dagrun for lakehouse_pipeline to None, run_after=None
[2026-08-29T14:36:08.564+0000] {processor.py:183} INFO - Processing /opt/airflow/dags/lakehouse_pipeline.py took 0.098 seconds
[2026-08-29T14:36:38.824+0000] {processor.py:161} INFO - Started process (PID=832) to work on /opt/airflow/dags/lakehouse_pipeline.py
[2026-08-29T14:36:38.825+0000] {processor.py:830} INFO - Processing file /opt/airflow/dags/lakehouse_pipeline.py for tasks to queue
[2026-08-29T14:36:38.827+0000] {logging_mixin.py:188} INFO - [2026-08-29T14:36:38.827+0000] {dagbag.py:545} INFO - Filling up the DagBag from /opt/airflow/dags/lakehouse_pipeline.py
[2026-08-29T14:36:38.846+0000] {processor.py:840} INFO - DAG(s) 'lakehouse_pipeline' retrieved from /opt/airflow/dags/lakehouse_pipeline.py
[2026-08-29T14:36:38.884+0000] {logging_mixin.py:188} INFO - [2026-08-29T14:36:38.884+0000] {dag.py:3089} INFO - Sync 1 DAGs
[2026-08-29T14:36:38.895+0000] {logging_mixin.py:188} INFO - [2026-08-29T14:36:38.895+0000] {dag.py:3947} INFO - Setting next_dagrun for lakehouse_pipeline to None, run_after=None
[2026-08-29T14:36:38.922+0000] {processor.py:183} INFO - Processing /opt/airflow/dags/lakehouse_pipeline.py took 0.103 seconds
[2026-08-29T14:37:09.079+0000] {processor.py:161} INFO - Started process (PID=837) to work on /opt/airflow/dags/lakehouse_pipeline.py
[2026-08-29T14:37:09.080+0000] {processor.py:830} INFO - Processing file /opt/airflow/dags/lakehouse_pipeline.py for tasks to queue
[2026-08-29T14:37:09.082+0000] {logging_mixin.py:188} INFO - [2026-08-29T14:37:09.081+0000] {dagbag.py:545} INFO - Filling up the DagBag from /opt/airflow/dags/lakehouse_pipeline.py
[2026-08-29T14:37:09.101+0000] {processor.py:840} INFO - DAG(s) 'lakehouse_pipeline' retrieved from /opt/airflow/dags/lakehouse_pipeline.py
[2026-08-29T14:37:09.140+0000] {logging_mixin.py:188} INFO - [2026-08-29T14:37:09.140+0000] {dag.py:3089} INFO - Sync 1 DAGs
[2026-08-29T14:37:09.151+0000] {logging_mixin.py:188} INFO - [2026-08-29T14:37:09.151+0000] {dag.py:3947} INFO - Setting next_dagrun for lakehouse_pipeline to None, run_after=None
[2026-08-29T14:37:09.169+0000] {processor.py:183} INFO - Processing /opt/airflow/dags/lakehouse_pipeline.py took 0.096 seconds
[2026-08-29T14:37:39.436+0000] {processor.py:161} INFO - Started process (PID=842) to work on /opt/airflow/dags/lakehouse_pipeline.py
[2026-08-29T14:37:39.437+0000] {processor.py:830} INFO - Processing file /opt/airflow/dags/lakehouse_pipeline.py for tasks to queue
[2026-08-29T14:37:39.439+0000] {logging_mixin.py:188} INFO - [2026-08-29T14:37:39.439+0000] {dagbag.py:545} INFO - Filling up the DagBag from /opt/airflow/dags/lakehouse_pipeline.py
[2026-08-29T14:37:39.462+0000] {processor.py:840} INFO - DAG(s) 'lakehouse_pipeline' retrieved from /opt/airflow/dags/lakehouse_pipeline.py
[2026-08-29T14:37:39.520+0000] {logging_mixin.py:188} INFO - [2026-08-29T14:37:39.520+0000] {dag.py:3089} INFO - Sync 1 DAGs
[2026-08-29T14:37:39.533+0000] {logging_mixin.py:188} INFO - [2026-08-29T14:37:39.533+0000] {dag.py:3947} INFO - Setting next_dagrun for lakehouse_pipeline to None, run_after=None
[2026-08-29T14:37:39.555+0000] {processor.py:183} INFO - Processing /opt/airflow/dags/lakehouse_pipeline.py took 0.126 seconds
[2026-08-29T14:38:09.702+0000] {processor.py:161} INFO - Started process (PID=847) to work on /opt/airflow/dags/lakehouse_pipeline.py
[2026-08-29T14:38:09.703+0000] {processor.py:830} INFO - Processing file /opt/airflow/dags/lakehouse_pipeline.py for tasks to queue
[2026-08-29T14:38:09.704+0000] {logging_mixin.py:188} INFO - [2026-08-29T14:38:09.704+0000] {dagbag.py:545} INFO - Filling up the DagBag from /opt/airflow/dags/lakehouse_pipeline.py
[2026-08-29T14:38:09.725+0000] {processor.py:840} INFO - DAG(s) 'lakehouse_pipeline' retrieved from /opt/airflow/dags/lakehouse_pipeline.py
[2026-08-29T14:38:09.766+0000] {logging_mixin.py:188} INFO - [2026-08-29T14:38:09.766+0000] {dag.py:3089} INFO - Sync 1 DAGs
[2026-08-29T14:38:09.779+0000] {logging_mixin.py:188} INFO - [2026-08-29T14:38:09.779+0000] {dag.py:3947} INFO - Setting next_dagrun for lakehouse_pipeline to None, run_after=None
[2026-08-29T14:38:09.806+0000] {processor.py:183} INFO - Processing /opt/airflow/dags/lakehouse_pipeline.py took 0.111 seconds
[2026-08-29T14:38:40.076+0000] {processor.py:161} INFO - Started process (PID=852) to work on /opt/airflow/dags/lakehouse_pipeline.py
[2026-08-29T14:38:40.077+0000] {processor.py:830} INFO - Processing file /opt/airflow/dags/lakehouse_pipeline.py for tasks to queue
[2026-08-29T14:38:40.080+0000] {logging_mixin.py:188} INFO - [2026-08-29T14:38:40.079+0000] {dagbag.py:545} INFO - Filling up the DagBag from /opt/airflow/dags/lakehouse_pipeline.py
[2026-08-29T14:38:40.108+0000] {processor.py:840} INFO - DAG(s) 'lakehouse_pipeline' retrieved from /opt/airflow/dags/lakehouse_pipeline.py
[2026-08-29T14:38:40.148+0000] {logging_mixin.py:188} INFO - [2026-08-29T14:38:40.148+0000] {dag.py:3089} INFO - Sync 1 DAGs
[2026-08-29T14:38:40.160+0000] {logging_mixin.py:188} INFO - [2026-08-29T14:38:40.159+0000] {dag.py:3947} INFO - Setting next_dagrun for lakehouse_pipeline to None, run_after=None
[2026-08-29T14:38:40.177+0000] {processor.py:183} INFO - Processing /opt/airflow/dags/lakehouse_pipeline.py took 0.110 seconds
[2026-08-29T14:39:10.345+0000] {processor.py:161} INFO - Started process (PID=857) to work on /opt/airflow/dags/lakehouse_pipeline.py
[2026-08-29T14:39:10.346+0000] {processor.py:830} INFO - Processing file /opt/airflow/dags/lakehouse_pipeline.py for tasks to queue
[2026-08-29T14:39:10.348+0000] {logging_mixin.py:188} INFO - [2026-08-29T14:39:10.348+0000] {dagbag.py:545} INFO - Filling up the DagBag from /opt/airflow/dags/lakehouse_pipeline.py
[2026-08-29T14:39:10.368+0000] {processor.py:840} INFO - DAG(s) 'lakehouse_pipeline' retrieved from /opt/airflow/dags/lakehouse_pipeline.py
[2026-08-29T14:39:10.407+0000] {logging_mixin.py:188} INFO - [2026-08-29T14:39:10.407+0000] {dag.py:3089} INFO - Sync 1 DAGs
[2026-08-29T14:39:10.419+0000] {logging_mixin.py:188} INFO - [2026-08-29T14:39:10.419+0000] {dag.py:3947} INFO - Setting next_dagrun for lakehouse_pipeline to None, run_after=None
[2026-08-29T14:39:10.437+0000] {processor.py:183} INFO - Processing /opt/airflow/dags/lakehouse_pipeline.py took 0.099 seconds
[2026-08-29T14:39:40.785+0000] {processor.py:161} INFO - Started process (PID=862) to work on /opt/airflow/dags/lakehouse_pipeline.py
[2026-08-29T14:39:40.786+0000] {processor.py:830} INFO - Processing file /opt/airflow/dags/lakehouse_pipeline.py for tasks to queue
[2026-08-29T14:39:40.788+0000] {logging_mixin.py:188} INFO - [2026-08-29T14:39:40.787+0000] {dagbag.py:545} INFO - Filling up the DagBag from /opt/airflow/dags/lakehouse_pipeline.py
[2026-08-29T14:39:40.806+0000] {processor.py:840} INFO - DAG(s) 'lakehouse_pipeline' retrieved from /opt/airflow/dags/lakehouse_pipeline.py
[2026-08-29T14:39:40.844+0000] {logging_mixin.py:188} INFO - [2026-08-29T14:39:40.844+0000] {dag.py:3089} INFO - Sync 1 DAGs
[2026-08-29T14:39:40.856+0000] {logging_mixin.py:188} INFO - [2026-08-29T14:39:40.855+0000] {dag.py:3947} INFO - Setting next_dagrun for lakehouse_pipeline to None, run_after=None
[2026-08-29T14:39:40.872+0000] {processor.py:183} INFO - Processing /opt/airflow/dags/lakehouse_pipeline.py took 0.093 seconds
[2026-08-29T14:40:11.036+0000] {processor.py:161} INFO - Started process (PID=867) to work on /opt/airflow/dags/lakehouse_pipeline.py
[2026-08-29T14:40:11.036+0000] {processor.py:830} INFO - Processing file /opt/airflow/dags/lakehouse_pipeline.py for tasks to queue
[2026-08-29T14:40:11.038+0000] {logging_mixin.py:188} INFO - [2026-08-29T14:40:11.038+0000] {dagbag.py:545} INFO - Filling up the DagBag from /opt/airflow/dags/lakehouse_pipeline.py
[2026-08-29T14:40:11.057+0000] {processor.py:840} INFO - DAG(s) 'lakehouse_pipeline' retrieved from /opt/airflow/dags/lakehouse_pipeline.py
[2026-08-29T14:40:11.096+0000] {logging_mixin.py:188} INFO - [2026-08-29T14:40:11.096+0000] {dag.py:3089} INFO - Sync 1 DAGs
[2026-08-29T14:40:11.108+0000] {logging_mixin.py:188} INFO - [2026-08-29T14:40:11.108+0000] {dag.py:3947} INFO - Setting next_dagrun for lakehouse_pipeline to None, run_after=None
[2026-08-29T14:40:11.125+0000] {processor.py:183} INFO - Processing /opt/airflow/dags/lakehouse_pipeline.py took 0.096 seconds
[2026-08-29T14:40:41.409+0000] {processor.py:161} INFO - Started process (PID=872) to work on /opt/airflow/dags/lakehouse_pipeline.py
[2026-08-29T14:40:41.410+0000] {processor.py:830} INFO - Processing file /opt/airflow/dags/lakehouse_pipeline.py for tasks to queue
[2026-08-29T14:40:41.411+0000] {logging_mixin.py:188} INFO - [2026-08-29T14:40:41.411+0000] {dagbag.py:545} INFO - Filling up the DagBag from /opt/airflow/dags/lakehouse_pipeline.py
[2026-08-29T14:40:41.432+0000] {processor.py:840} INFO - DAG(s) 'lakehouse_pipeline' retrieved from /opt/airflow/dags/lakehouse_pipeline.py
[2026-08-29T14:40:41.484+0000] {logging_mixin.py:188} INFO - [2026-08-29T14:40:41.484+0000] {dag.py:3089} INFO - Sync 1 DAGs
[2026-08-29T14:40:41.496+0000] {logging_mixin.py:188} INFO - [2026-08-29T14:40:41.496+0000] {dag.py:3947} INFO - Setting next_dagrun for lakehouse_pipeline to None, run_after=None
[2026-08-29T14:40:41.515+0000] {processor.py:183} INFO - Processing /opt/airflow/dags/lakehouse_pipeline.py took 0.112 seconds
[2026-08-29T14:41:11.717+0000] {processor.py:161} INFO - Started process (PID=877) to work on /opt/airflow/dags/lakehouse_pipeline.py
[2026-08-29T14:41:11.718+0000] {processor.py:830} INFO - Processing file /opt/airflow/dags/lakehouse_pipeline.py for tasks to queue
[2026-08-29T14:41:11.720+0000] {logging_mixin.py:188} INFO - [2026-08-29T14:41:11.720+0000] {dagbag.py:545} INFO - Filling up the DagBag from /opt/airflow/dags/lakehouse_pipeline.py
[2026-08-29T14:41:11.740+0000] {processor.py:840} INFO - DAG(s) 'lakehouse_pipeline' retrieved from /opt/airflow/dags/lakehouse_pipeline.py
[2026-08-29T14:41:11.779+0000] {logging_mixin.py:188} INFO - [2026-08-29T14:41:11.779+0000] {dag.py:3089} INFO - Sync 1 DAGs
[2026-08-29T14:41:11.791+0000] {logging_mixin.py:188} INFO - [2026-08-29T14:41:11.790+0000] {dag.py:3947} INFO - Setting next_dagrun for lakehouse_pipeline to None, run_after=None
[2026-08-29T14:41:11.817+0000] {processor.py:183} INFO - Processing /opt/airflow/dags/lakehouse_pipeline.py took 0.108 seconds
[2026-08-29T14:41:42.034+0000] {processor.py:161} INFO - Started process (PID=882) to work on /opt/airflow/dags/lakehouse_pipeline.py
[2026-08-29T14:41:42.035+0000] {processor.py:830} INFO - Processing file /opt/airflow/dags/lakehouse_pipeline.py for tasks to queue
[2026-08-29T14:41:42.036+0000] {logging_mixin.py:188} INFO - [2026-08-29T14:41:42.036+0000] {dagbag.py:545} INFO - Filling up the DagBag from /opt/airflow/dags/lakehouse_pipeline.py
[2026-08-29T14:41:42.056+0000] {processor.py:840} INFO - DAG(s) 'lakehouse_pipeline' retrieved from /opt/airflow/dags/lakehouse_pipeline.py
[2026-08-29T14:41:42.095+0000] {logging_mixin.py:188} INFO - [2026-08-29T14:41:42.095+0000] {dag.py:3089} INFO - Sync 1 DAGs
[2026-08-29T14:41:42.107+0000] {logging_mixin.py:188} INFO - [2026-08-29T14:41:42.107+0000] {dag.py:3947} INFO - Setting next_dagrun for lakehouse_pipeline to None, run_after=None
[2026-08-29T14:41:42.134+0000] {processor.py:183} INFO - Processing /opt/airflow/dags/lakehouse_pipeline.py took 0.106 seconds
[2026-08-29T14:42:12.342+0000] {processor.py:161} INFO - Started process (PID=887) to work on /opt/airflow/dags/lakehouse_pipeline.py
[2026-08-29T14:42:12.343+0000] {processor.py:830} INFO - Processing file /opt/airflow/dags/lakehouse_pipeline.py for tasks to queue
[2026-08-29T14:42:12.345+0000] {logging_mixin.py:188} INFO - [2026-08-29T14:42:12.345+0000] {dagbag.py:545} INFO - Filling up the DagBag from /opt/airflow/dags/lakehouse_pipeline.py
[2026-08-29T14:42:12.364+0000] {processor.py:840} INFO - DAG(s) 'lakehouse_pipeline' retrieved from /opt/airflow/dags/lakehouse_pipeline.py
[2026-08-29T14:42:12.403+0000] {logging_mixin.py:188} INFO - [2026-08-29T14:42:12.403+0000] {dag.py:3089} INFO - Sync 1 DAGs
[2026-08-29T14:42:12.414+0000] {logging_mixin.py:188} INFO - [2026-08-29T14:42:12.414+0000] {dag.py:3947} INFO - Setting next_dagrun for lakehouse_pipeline to None, run_after=None
[2026-08-29T14:42:12.432+0000] {processor.py:183} INFO - Processing /opt/airflow/dags/lakehouse_pipeline.py took 0.096 seconds
[2026-08-29T14:42:42.661+0000] {processor.py:161} INFO - Started process (PID=892) to work on /opt/airflow/dags/lakehouse_pipeline.py
[2026-08-29T14:42:42.661+0000] {processor.py:830} INFO - Processing file /opt/airflow/dags/lakehouse_pipeline.py for tasks to queue
[2026-08-29T14:42:42.663+0000] {logging_mixin.py:188} INFO - [2026-08-29T14:42:42.663+0000] {dagbag.py:545} INFO - Filling up the DagBag from /opt/airflow/dags/lakehouse_pipeline.py
[2026-08-29T14:42:42.685+0000] {processor.py:840} INFO - DAG(s) 'lakehouse_pipeline' retrieved from /opt/airflow/dags/lakehouse_pipeline.py
[2026-08-29T14:42:42.726+0000] {logging_mixin.py:188} INFO - [2026-08-29T14:42:42.726+0000] {dag.py:3089} INFO - Sync 1 DAGs
[2026-08-29T14:42:42.743+0000] {logging_mixin.py:188} INFO - [2026-08-29T14:42:42.742+0000] {dag.py:3947} INFO - Setting next_dagrun for lakehouse_pipeline to None, run_after=None
[2026-08-29T14:42:42.765+0000] {processor.py:183} INFO - Processing /opt/airflow/dags/lakehouse_pipeline.py took 0.111 seconds
[2026-08-29T14:43:12.946+0000] {processor.py:161} INFO - Started process (PID=897) to work on /opt/airflow/dags/lakehouse_pipeline.py
[2026-08-29T14:43:12.947+0000] {processor.py:830} INFO - Processing file /opt/airflow/dags/lakehouse_pipeline.py for tasks to queue
[2026-08-29T14:43:12.949+0000] {logging_mixin.py:188} INFO - [2026-08-29T14:43:12.948+0000] {dagbag.py:545} INFO - Filling up the DagBag from /opt/airflow/dags/lakehouse_pipeline.py
[2026-08-29T14:43:12.969+0000] {processor.py:840} INFO - DAG(s) 'lakehouse_pipeline' retrieved from /opt/airflow/dags/lakehouse_pipeline.py
[2026-08-29T14:43:13.008+0000] {logging_mixin.py:188} INFO - [2026-08-29T14:43:13.008+0000] {dag.py:3089} INFO - Sync 1 DAGs
[2026-08-29T14:43:13.020+0000] {logging_mixin.py:188} INFO - [2026-08-29T14:43:13.020+0000] {dag.py:3947} INFO - Setting next_dagrun for lakehouse_pipeline to None, run_after=None
[2026-08-29T14:43:13.038+0000] {processor.py:183} INFO - Processing /opt/airflow/dags/lakehouse_pipeline.py took 0.099 seconds
[2026-08-29T14:43:43.237+0000] {processor.py:161} INFO - Started process (PID=902) to work on /opt/airflow/dags/lakehouse_pipeline.py
[2026-08-29T14:43:43.238+0000] {processor.py:830} INFO - Processing file /opt/airflow/dags/lakehouse_pipeline.py for tasks to queue
[2026-08-29T14:43:43.240+0000] {logging_mixin.py:188} INFO - [2026-08-29T14:43:43.239+0000] {dagbag.py:545} INFO - Filling up the DagBag from /opt/airflow/dags/lakehouse_pipeline.py
[2026-08-29T14:43:43.258+0000] {processor.py:840} INFO - DAG(s) 'lakehouse_pipeline' retrieved from /opt/airflow/dags/lakehouse_pipeline.py
[2026-08-29T14:43:43.296+0000] {logging_mixin.py:188} INFO - [2026-08-29T14:43:43.295+0000] {dag.py:3089} INFO - Sync 1 DAGs
[2026-08-29T14:43:43.308+0000] {logging_mixin.py:188} INFO - [2026-08-29T14:43:43.307+0000] {dag.py:3947} INFO - Setting next_dagrun for lakehouse_pipeline to None, run_after=None
[2026-08-29T14:43:43.326+0000] {processor.py:183} INFO - Processing /opt/airflow/dags/lakehouse_pipeline.py took 0.095 seconds
[2026-08-29T14:44:13.514+0000] {processor.py:161} INFO - Started process (PID=907) to work on /opt/airflow/dags/lakehouse_pipeline.py
[2026-08-29T14:44:13.515+0000] {processor.py:830} INFO - Processing file /opt/airflow/dags/lakehouse_pipeline.py for tasks to queue
[2026-08-29T14:44:13.517+0000] {logging_mixin.py:188} INFO - [2026-08-29T14:44:13.517+0000] {dagbag.py:545} INFO - Filling up the DagBag from /opt/airflow/dags/lakehouse_pipeline.py
[2026-08-29T14:44:13.543+0000] {processor.py:840} INFO - DAG(s) 'lakehouse_pipeline' retrieved from /opt/airflow/dags/lakehouse_pipeline.py
[2026-08-29T14:44:13.610+0000] {logging_mixin.py:188} INFO - [2026-08-29T14:44:13.610+0000] {dag.py:3089} INFO - Sync 1 DAGs
[2026-08-29T14:44:13.627+0000] {logging_mixin.py:188} INFO - [2026-08-29T14:44:13.627+0000] {dag.py:3947} INFO - Setting next_dagrun for lakehouse_pipeline to None, run_after=None
[2026-08-29T14:44:13.649+0000] {processor.py:183} INFO - Processing /opt/airflow/dags/lakehouse_pipeline.py took 0.144 seconds
[2026-08-29T14:44:43.889+0000] {processor.py:161} INFO - Started process (PID=912) to work on /opt/airflow/dags/lakehouse_pipeline.py
[2026-08-29T14:44:43.889+0000] {processor.py:830} INFO - Processing file /opt/airflow/dags/lakehouse_pipeline.py for tasks to queue
[2026-08-29T14:44:43.891+0000] {logging_mixin.py:188} INFO - [2026-08-29T14:44:43.891+0000] {dagbag.py:545} INFO - Filling up the DagBag from /opt/airflow/dags/lakehouse_pipeline.py
[2026-08-29T14:44:43.910+0000] {processor.py:840} INFO - DAG(s) 'lakehouse_pipeline' retrieved from /opt/airflow/dags/lakehouse_pipeline.py
[2026-08-29T14:44:43.949+0000] {logging_mixin.py:188} INFO - [2026-08-29T14:44:43.949+0000] {dag.py:3089} INFO - Sync 1 DAGs
[2026-08-29T14:44:43.960+0000] {logging_mixin.py:188} INFO - [2026-08-29T14:44:43.960+0000] {dag.py:3947} INFO - Setting next_dagrun for lakehouse_pipeline to None, run_after=None
[2026-08-29T14:44:44.016+0000] {processor.py:183} INFO - Processing /opt/airflow/dags/lakehouse_pipeline.py took 0.133 seconds
[2026-08-29T14:45:14.163+0000] {processor.py:161} INFO - Started process (PID=917) to work on /opt/airflow/dags/lakehouse_pipeline.py
[2026-08-29T14:45:14.164+0000] {processor.py:830} INFO - Processing file /opt/airflow/dags/lakehouse_pipeline.py for tasks to queue
[2026-08-29T14:45:14.166+0000] {logging_mixin.py:188} INFO - [2026-08-29T14:45:14.165+0000] {dagbag.py:545} INFO - Filling up the DagBag from /opt/airflow/dags/lakehouse_pipeline.py
[2026-08-29T14:45:14.185+0000] {processor.py:840} INFO - DAG(s) 'lakehouse_pipeline' retrieved from /opt/airflow/dags/lakehouse_pipeline.py
[2026-08-29T14:45:14.224+0000] {logging_mixin.py:188} INFO - [2026-08-29T14:45:14.224+0000] {dag.py:3089} INFO - Sync 1 DAGs
[2026-08-29T14:45:14.235+0000] {logging_mixin.py:188} INFO - [2026-08-29T14:45:14.235+0000] {dag.py:3947} INFO - Setting next_dagrun for lakehouse_pipeline to None, run_after=None
[2026-08-29T14:45:14.261+0000] {processor.py:183} INFO - Processing /opt/airflow/dags/lakehouse_pipeline.py took 0.104 seconds
[2026-08-29T14:45:44.405+0000] {processor.py:161} INFO - Started process (PID=922) to work on /opt/airflow/dags/lakehouse_pipeline.py
[2026-08-29T14:45:44.406+0000] {processor.py:830} INFO - Processing file /opt/airflow/dags/lakehouse_pipeline.py for tasks to queue
[2026-08-29T14:45:44.409+0000] {logging_mixin.py:188} INFO - [2026-08-29T14:45:44.408+0000] {dagbag.py:545} INFO - Filling up the DagBag from /opt/airflow/dags/lakehouse_pipeline.py
[2026-08-29T14:45:44.433+0000] {processor.py:840} INFO - DAG(s) 'lakehouse_pipeline' retrieved from /opt/airflow/dags/lakehouse_pipeline.py
[2026-08-29T14:45:44.484+0000] {logging_mixin.py:188} INFO - [2026-08-29T14:45:44.484+0000] {dag.py:3089} INFO - Sync 1 DAGs
[2026-08-29T14:45:44.498+0000] {logging_mixin.py:188} INFO - [2026-08-29T14:45:44.498+0000] {dag.py:3947} INFO - Setting next_dagrun for lakehouse_pipeline to None, run_after=None
[2026-08-29T14:45:44.524+0000] {processor.py:183} INFO - Processing /opt/airflow/dags/lakehouse_pipeline.py took 0.130 seconds
[2026-08-29T14:46:14.789+0000] {processor.py:161} INFO - Started process (PID=927) to work on /opt/airflow/dags/lakehouse_pipeline.py
[2026-08-29T14:46:14.790+0000] {processor.py:830} INFO - Processing file /opt/airflow/dags/lakehouse_pipeline.py for tasks to queue
[2026-08-29T14:46:14.792+0000] {logging_mixin.py:188} INFO - [2026-08-29T14:46:14.791+0000] {dagbag.py:545} INFO - Filling up the DagBag from /opt/airflow/dags/lakehouse_pipeline.py
[2026-08-29T14:46:14.811+0000] {processor.py:840} INFO - DAG(s) 'lakehouse_pipeline' retrieved from /opt/airflow/dags/lakehouse_pipeline.py
[2026-08-29T14:46:14.849+0000] {logging_mixin.py:188} INFO - [2026-08-29T14:46:14.848+0000] {dag.py:3089} INFO - Sync 1 DAGs
[2026-08-29T14:46:14.860+0000] {logging_mixin.py:188} INFO - [2026-08-29T14:46:14.860+0000] {dag.py:3947} INFO - Setting next_dagrun for lakehouse_pipeline to None, run_after=None
[2026-08-29T14:46:14.879+0000] {processor.py:183} INFO - Processing /opt/airflow/dags/lakehouse_pipeline.py took 0.095 seconds
[2026-08-29T14:46:45.058+0000] {processor.py:161} INFO - Started process (PID=932) to work on /opt/airflow/dags/lakehouse_pipeline.py
[2026-08-29T14:46:45.059+0000] {processor.py:830} INFO - Processing file /opt/airflow/dags/lakehouse_pipeline.py for tasks to queue
[2026-08-29T14:46:45.060+0000] {logging_mixin.py:188} INFO - [2026-08-29T14:46:45.060+0000] {dagbag.py:545} INFO - Filling up the DagBag from /opt/airflow/dags/lakehouse_pipeline.py
[2026-08-29T14:46:45.080+0000] {processor.py:840} INFO - DAG(s) 'lakehouse_pipeline' retrieved from /opt/airflow/dags/lakehouse_pipeline.py
[2026-08-29T14:46:45.119+0000] {logging_mixin.py:188} INFO - [2026-08-29T14:46:45.119+0000] {dag.py:3089} INFO - Sync 1 DAGs
[2026-08-29T14:46:45.131+0000] {logging_mixin.py:188} INFO - [2026-08-29T14:46:45.131+0000] {dag.py:3947} INFO - Setting next_dagrun for lakehouse_pipeline to None, run_after=None
[2026-08-29T14:46:45.149+0000] {processor.py:183} INFO - Processing /opt/airflow/dags/lakehouse_pipeline.py took 0.097 seconds
[2026-08-29T14:47:15.401+0000] {processor.py:161} INFO - Started process (PID=937) to work on /opt/airflow/dags/lakehouse_pipeline.py
[2026-08-29T14:47:15.402+0000] {processor.py:830} INFO - Processing file /opt/airflow/dags/lakehouse_pipeline.py for tasks to queue
[2026-08-29T14:47:15.403+0000] {logging_mixin.py:188} INFO - [2026-08-29T14:47:15.403+0000] {dagbag.py:545} INFO - Filling up the DagBag from /opt/airflow/dags/lakehouse_pipeline.py
[2026-08-29T14:47:15.422+0000] {processor.py:840} INFO - DAG(s) 'lakehouse_pipeline' retrieved from /opt/airflow/dags/lakehouse_pipeline.py
[2026-08-29T14:47:15.461+0000] {logging_mixin.py:188} INFO - [2026-08-29T14:47:15.461+0000] {dag.py:3089} INFO - Sync 1 DAGs
[2026-08-29T14:47:15.472+0000] {logging_mixin.py:188} INFO - [2026-08-29T14:47:15.472+0000] {dag.py:3947} INFO - Setting next_dagrun for lakehouse_pipeline to None, run_after=None
[2026-08-29T14:47:15.490+0000] {processor.py:183} INFO - Processing /opt/airflow/dags/lakehouse_pipeline.py took 0.095 seconds
[2026-08-29T14:47:45.685+0000] {processor.py:161} INFO - Started process (PID=942) to work on /opt/airflow/dags/lakehouse_pipeline.py
[2026-08-29T14:47:45.686+0000] {processor.py:830} INFO - Processing file /opt/airflow/dags/lakehouse_pipeline.py for tasks to queue
[2026-08-29T14:47:45.688+0000] {logging_mixin.py:188} INFO - [2026-08-29T14:47:45.687+0000] {dagbag.py:545} INFO - Filling up the DagBag from /opt/airflow/dags/lakehouse_pipeline.py
[2026-08-29T14:47:45.707+0000] {processor.py:840} INFO - DAG(s) 'lakehouse_pipeline' retrieved from /opt/airflow/dags/lakehouse_pipeline.py
[2026-08-29T14:47:45.746+0000] {logging_mixin.py:188} INFO - [2026-08-29T14:47:45.746+0000] {dag.py:3089} INFO - Sync 1 DAGs
[2026-08-29T14:47:45.757+0000] {logging_mixin.py:188} INFO - [2026-08-29T14:47:45.757+0000] {dag.py:3947} INFO - Setting next_dagrun for lakehouse_pipeline to None, run_after=None
[2026-08-29T14:47:45.784+0000] {processor.py:183} INFO - Processing /opt/airflow/dags/lakehouse_pipeline.py took 0.105 seconds
[2026-08-29T14:48:16.032+0000] {processor.py:161} INFO - Started process (PID=947) to work on /opt/airflow/dags/lakehouse_pipeline.py
[2026-08-29T14:48:16.033+0000] {processor.py:830} INFO - Processing file /opt/airflow/dags/lakehouse_pipeline.py for tasks to queue
[2026-08-29T14:48:16.034+0000] {logging_mixin.py:188} INFO - [2026-08-29T14:48:16.034+0000] {dagbag.py:545} INFO - Filling up the DagBag from /opt/airflow/dags/lakehouse_pipeline.py
[2026-08-29T14:48:16.053+0000] {processor.py:840} INFO - DAG(s) 'lakehouse_pipeline' retrieved from /opt/airflow/dags/lakehouse_pipeline.py
[2026-08-29T14:48:16.091+0000] {logging_mixin.py:188} INFO - [2026-08-29T14:48:16.091+0000] {dag.py:3089} INFO - Sync 1 DAGs
[2026-08-29T14:48:16.103+0000] {logging_mixin.py:188} INFO - [2026-08-29T14:48:16.102+0000] {dag.py:3947} INFO - Setting next_dagrun for lakehouse_pipeline to None, run_after=None
[2026-08-29T14:48:16.119+0000] {processor.py:183} INFO - Processing /opt/airflow/dags/lakehouse_pipeline.py took 0.093 seconds
[2026-08-29T14:48:46.303+0000] {processor.py:161} INFO - Started process (PID=952) to work on /opt/airflow/dags/lakehouse_pipeline.py
[2026-08-29T14:48:46.304+0000] {processor.py:830} INFO - Processing file /opt/airflow/dags/lakehouse_pipeline.py for tasks to queue
[2026-08-29T14:48:46.305+0000] {logging_mixin.py:188} INFO - [2026-08-29T14:48:46.305+0000] {dagbag.py:545} INFO - Filling up the DagBag from /opt/airflow/dags/lakehouse_pipeline.py
[2026-08-29T14:48:46.325+0000] {processor.py:840} INFO - DAG(s) 'lakehouse_pipeline' retrieved from /opt/airflow/dags/lakehouse_pipeline.py
[2026-08-29T14:48:46.374+0000] {logging_mixin.py:188} INFO - [2026-08-29T14:48:46.374+0000] {dag.py:3089} INFO - Sync 1 DAGs
[2026-08-29T14:48:46.388+0000] {logging_mixin.py:188} INFO - [2026-08-29T14:48:46.388+0000] {dag.py:3947} INFO - Setting next_dagrun for lakehouse_pipeline to None, run_after=None
[2026-08-29T14:48:46.414+0000] {processor.py:183} INFO - Processing /opt/airflow/dags/lakehouse_pipeline.py took 0.118 seconds
[2026-08-29T14:49:16.621+0000] {processor.py:161} INFO - Started process (PID=957) to work on /opt/airflow/dags/lakehouse_pipeline.py
[2026-08-29T14:49:16.622+0000] {processor.py:830} INFO - Processing file /opt/airflow/dags/lakehouse_pipeline.py for tasks to queue
[2026-08-29T14:49:16.624+0000] {logging_mixin.py:188} INFO - [2026-08-29T14:49:16.623+0000] {dagbag.py:545} INFO - Filling up the DagBag from /opt/airflow/dags/lakehouse_pipeline.py
[2026-08-29T14:49:16.643+0000] {processor.py:840} INFO - DAG(s) 'lakehouse_pipeline' retrieved from /opt/airflow/dags/lakehouse_pipeline.py
[2026-08-29T14:49:16.682+0000] {logging_mixin.py:188} INFO - [2026-08-29T14:49:16.682+0000] {dag.py:3089} INFO - Sync 1 DAGs
[2026-08-29T14:49:16.694+0000] {logging_mixin.py:188} INFO - [2026-08-29T14:49:16.694+0000] {dag.py:3947} INFO - Setting next_dagrun for lakehouse_pipeline to None, run_after=None
[2026-08-29T14:49:16.712+0000] {processor.py:183} INFO - Processing /opt/airflow/dags/lakehouse_pipeline.py took 0.097 seconds
[2026-08-29T14:49:46.939+0000] {processor.py:161} INFO - Started process (PID=962) to work on /opt/airflow/dags/lakehouse_pipeline.py
[2026-08-29T14:49:46.940+0000] {processor.py:830} INFO - Processing file /opt/airflow/dags/lakehouse_pipeline.py for tasks to queue
[2026-08-29T14:49:46.942+0000] {logging_mixin.py:188} INFO - [2026-08-29T14:49:46.941+0000] {dagbag.py:545} INFO - Filling up the DagBag from /opt/airflow/dags/lakehouse_pipeline.py
[2026-08-29T14:49:46.963+0000] {processor.py:840} INFO - DAG(s) 'lakehouse_pipeline' retrieved from /opt/airflow/dags/lakehouse_pipeline.py
[2026-08-29T14:49:47.003+0000] {logging_mixin.py:188} INFO - [2026-08-29T14:49:47.003+0000] {dag.py:3089} INFO - Sync 1 DAGs
[2026-08-29T14:49:47.015+0000] {logging_mixin.py:188} INFO - [2026-08-29T14:49:47.015+0000] {dag.py:3947} INFO - Setting next_dagrun for lakehouse_pipeline to None, run_after=None
[2026-08-29T14:49:47.033+0000] {processor.py:183} INFO - Processing /opt/airflow/dags/lakehouse_pipeline.py took 0.101 seconds
[2026-08-29T14:50:17.244+0000] {processor.py:161} INFO - Started process (PID=967) to work on /opt/airflow/dags/lakehouse_pipeline.py
[2026-08-29T14:50:17.245+0000] {processor.py:830} INFO - Processing file /opt/airflow/dags/lakehouse_pipeline.py for tasks to queue
[2026-08-29T14:50:17.247+0000] {logging_mixin.py:188} INFO - [2026-08-29T14:50:17.247+0000] {dagbag.py:545} INFO - Filling up the DagBag from /opt/airflow/dags/lakehouse_pipeline.py
[2026-08-29T14:50:17.267+0000] {processor.py:840} INFO - DAG(s) 'lakehouse_pipeline' retrieved from /opt/airflow/dags/lakehouse_pipeline.py
[2026-08-29T14:50:17.305+0000] {logging_mixin.py:188} INFO - [2026-08-29T14:50:17.304+0000] {dag.py:3089} INFO - Sync 1 DAGs
[2026-08-29T14:50:17.316+0000] {logging_mixin.py:188} INFO - [2026-08-29T14:50:17.316+0000] {dag.py:3947} INFO - Setting next_dagrun for lakehouse_pipeline to None, run_after=None
[2026-08-29T14:50:17.334+0000] {processor.py:183} INFO - Processing /opt/airflow/dags/lakehouse_pipeline.py took 0.096 seconds
[2026-08-29T14:50:47.537+0000] {processor.py:161} INFO - Started process (PID=972) to work on /opt/airflow/dags/lakehouse_pipeline.py
[2026-08-29T14:50:47.538+0000] {processor.py:830} INFO - Processing file /opt/airflow/dags/lakehouse_pipeline.py for tasks to queue
[2026-08-29T14:50:47.539+0000] {logging_mixin.py:188} INFO - [2026-08-29T14:50:47.539+0000] {dagbag.py:545} INFO - Filling up the DagBag from /opt/airflow/dags/lakehouse_pipeline.py
[2026-08-29T14:50:47.559+0000] {processor.py:840} INFO - DAG(s) 'lakehouse_pipeline' retrieved from /opt/airflow/dags/lakehouse_pipeline.py
[2026-08-29T14:50:47.598+0000] {logging_mixin.py:188} INFO - [2026-08-29T14:50:47.597+0000] {dag.py:3089} INFO - Sync 1 DAGs
[2026-08-29T14:50:47.609+0000] {logging_mixin.py:188} INFO - [2026-08-29T14:50:47.608+0000] {dag.py:3947} INFO - Setting next_dagrun for lakehouse_pipeline to None, run_after=None
[2026-08-29T14:50:47.626+0000] {processor.py:183} INFO - Processing /opt/airflow/dags/lakehouse_pipeline.py took 0.096 seconds
[2026-08-29T14:51:17.862+0000] {processor.py:161} INFO - Started process (PID=977) to work on /opt/airflow/dags/lakehouse_pipeline.py
[2026-08-29T14:51:17.863+0000] {processor.py:830} INFO - Processing file /opt/airflow/dags/lakehouse_pipeline.py for tasks to queue
[2026-08-29T14:51:17.865+0000] {logging_mixin.py:188} INFO - [2026-08-29T14:51:17.865+0000] {dagbag.py:545} INFO - Filling up the DagBag from /opt/airflow/dags/lakehouse_pipeline.py
[2026-08-29T14:51:17.884+0000] {processor.py:840} INFO - DAG(s) 'lakehouse_pipeline' retrieved from /opt/airflow/dags/lakehouse_pipeline.py
[2026-08-29T14:51:17.922+0000] {logging_mixin.py:188} INFO - [2026-08-29T14:51:17.922+0000] {dag.py:3089} INFO - Sync 1 DAGs
[2026-08-29T14:51:17.933+0000] {logging_mixin.py:188} INFO - [2026-08-29T14:51:17.933+0000] {dag.py:3947} INFO - Setting next_dagrun for lakehouse_pipeline to None, run_after=None
[2026-08-29T14:51:17.954+0000] {processor.py:183} INFO - Processing /opt/airflow/dags/lakehouse_pipeline.py took 0.098 seconds
[2026-08-29T14:51:48.160+0000] {processor.py:161} INFO - Started process (PID=982) to work on /opt/airflow/dags/lakehouse_pipeline.py
[2026-08-29T14:51:48.160+0000] {processor.py:830} INFO - Processing file /opt/airflow/dags/lakehouse_pipeline.py for tasks to queue
[2026-08-29T14:51:48.162+0000] {logging_mixin.py:188} INFO - [2026-08-29T14:51:48.162+0000] {dagbag.py:545} INFO - Filling up the DagBag from /opt/airflow/dags/lakehouse_pipeline.py
[2026-08-29T14:51:48.182+0000] {processor.py:840} INFO - DAG(s) 'lakehouse_pipeline' retrieved from /opt/airflow/dags/lakehouse_pipeline.py
[2026-08-29T14:51:48.221+0000] {logging_mixin.py:188} INFO - [2026-08-29T14:51:48.221+0000] {dag.py:3089} INFO - Sync 1 DAGs
[2026-08-29T14:51:48.232+0000] {logging_mixin.py:188} INFO - [2026-08-29T14:51:48.232+0000] {dag.py:3947} INFO - Setting next_dagrun for lakehouse_pipeline to None, run_after=None
[2026-08-29T14:51:48.250+0000] {processor.py:183} INFO - Processing /opt/airflow/dags/lakehouse_pipeline.py took 0.097 seconds
[2026-08-29T14:52:18.487+0000] {processor.py:161} INFO - Started process (PID=987) to work on /opt/airflow/dags/lakehouse_pipeline.py
[2026-08-29T14:52:18.493+0000] {processor.py:830} INFO - Processing file /opt/airflow/dags/lakehouse_pipeline.py for tasks to queue
[2026-08-29T14:52:18.502+0000] {logging_mixin.py:188} INFO - [2026-08-29T14:52:18.500+0000] {dagbag.py:545} INFO - Filling up the DagBag from /opt/airflow/dags/lakehouse_pipeline.py
[2026-08-29T14:52:18.549+0000] {processor.py:840} INFO - DAG(s) 'lakehouse_pipeline' retrieved from /opt/airflow/dags/lakehouse_pipeline.py
[2026-08-29T14:52:18.610+0000] {logging_mixin.py:188} INFO - [2026-08-29T14:52:18.610+0000] {dag.py:3089} INFO - Sync 1 DAGs
[2026-08-29T14:52:18.621+0000] {logging_mixin.py:188} INFO - [2026-08-29T14:52:18.621+0000] {dag.py:3947} INFO - Setting next_dagrun for lakehouse_pipeline to None, run_after=None
[2026-08-29T14:52:18.639+0000] {processor.py:183} INFO - Processing /opt/airflow/dags/lakehouse_pipeline.py took 0.173 seconds
[2026-08-29T14:52:48.772+0000] {processor.py:161} INFO - Started process (PID=992) to work on /opt/airflow/dags/lakehouse_pipeline.py
[2026-08-29T14:52:48.773+0000] {processor.py:830} INFO - Processing file /opt/airflow/dags/lakehouse_pipeline.py for tasks to queue
[2026-08-29T14:52:48.775+0000] {logging_mixin.py:188} INFO - [2026-08-29T14:52:48.775+0000] {dagbag.py:545} INFO - Filling up the DagBag from /opt/airflow/dags/lakehouse_pipeline.py
[2026-08-29T14:52:48.794+0000] {processor.py:840} INFO - DAG(s) 'lakehouse_pipeline' retrieved from /opt/airflow/dags/lakehouse_pipeline.py
[2026-08-29T14:52:48.833+0000] {logging_mixin.py:188} INFO - [2026-08-29T14:52:48.833+0000] {dag.py:3089} INFO - Sync 1 DAGs
[2026-08-29T14:52:48.845+0000] {logging_mixin.py:188} INFO - [2026-08-29T14:52:48.844+0000] {dag.py:3947} INFO - Setting next_dagrun for lakehouse_pipeline to None, run_after=None
[2026-08-29T14:52:48.862+0000] {processor.py:183} INFO - Processing /opt/airflow/dags/lakehouse_pipeline.py took 0.097 seconds
[2026-08-29T14:53:19.028+0000] {processor.py:161} INFO - Started process (PID=997) to work on /opt/airflow/dags/lakehouse_pipeline.py
[2026-08-29T14:53:19.028+0000] {processor.py:830} INFO - Processing file /opt/airflow/dags/lakehouse_pipeline.py for tasks to queue
[2026-08-29T14:53:19.030+0000] {logging_mixin.py:188} INFO - [2026-08-29T14:53:19.030+0000] {dagbag.py:545} INFO - Filling up the DagBag from /opt/airflow/dags/lakehouse_pipeline.py
[2026-08-29T14:53:19.050+0000] {processor.py:840} INFO - DAG(s) 'lakehouse_pipeline' retrieved from /opt/airflow/dags/lakehouse_pipeline.py
[2026-08-29T14:53:19.090+0000] {logging_mixin.py:188} INFO - [2026-08-29T14:53:19.090+0000] {dag.py:3089} INFO - Sync 1 DAGs
[2026-08-29T14:53:19.102+0000] {logging_mixin.py:188} INFO - [2026-08-29T14:53:19.102+0000] {dag.py:3947} INFO - Setting next_dagrun for lakehouse_pipeline to None, run_after=None
[2026-08-29T14:53:19.118+0000] {processor.py:183} INFO - Processing /opt/airflow/dags/lakehouse_pipeline.py took 0.097 seconds
[2026-08-29T14:53:49.373+0000] {processor.py:161} INFO - Started process (PID=1002) to work on /opt/airflow/dags/lakehouse_pipeline.py
[2026-08-29T14:53:49.374+0000] {processor.py:830} INFO - Processing file /opt/airflow/dags/lakehouse_pipeline.py for tasks to queue
[2026-08-29T14:53:49.376+0000] {logging_mixin.py:188} INFO - [2026-08-29T14:53:49.376+0000] {dagbag.py:545} INFO - Filling up the DagBag from /opt/airflow/dags/lakehouse_pipeline.py
[2026-08-29T14:53:49.395+0000] {processor.py:840} INFO - DAG(s) 'lakehouse_pipeline' retrieved from /opt/airflow/dags/lakehouse_pipeline.py
[2026-08-29T14:53:49.433+0000] {logging_mixin.py:188} INFO - [2026-08-29T14:53:49.433+0000] {dag.py:3089} INFO - Sync 1 DAGs
[2026-08-29T14:53:49.444+0000] {logging_mixin.py:188} INFO - [2026-08-29T14:53:49.444+0000] {dag.py:3947} INFO - Setting next_dagrun for lakehouse_pipeline to None, run_after=None
[2026-08-29T14:53:49.471+0000] {processor.py:183} INFO - Processing /opt/airflow/dags/lakehouse_pipeline.py took 0.103 seconds
[2026-08-29T14:54:19.631+0000] {processor.py:161} INFO - Started process (PID=1007) to work on /opt/airflow/dags/lakehouse_pipeline.py
[2026-08-29T14:54:19.632+0000] {processor.py:830} INFO - Processing file /opt/airflow/dags/lakehouse_pipeline.py for tasks to queue
[2026-08-29T14:54:19.634+0000] {logging_mixin.py:188} INFO - [2026-08-29T14:54:19.634+0000] {dagbag.py:545} INFO - Filling up the DagBag from /opt/airflow/dags/lakehouse_pipeline.py
[2026-08-29T14:54:19.653+0000] {processor.py:840} INFO - DAG(s) 'lakehouse_pipeline' retrieved from /opt/airflow/dags/lakehouse_pipeline.py
[2026-08-29T14:54:19.693+0000] {logging_mixin.py:188} INFO - [2026-08-29T14:54:19.692+0000] {dag.py:3089} INFO - Sync 1 DAGs
[2026-08-29T14:54:19.704+0000] {logging_mixin.py:188} INFO - [2026-08-29T14:54:19.704+0000] {dag.py:3947} INFO - Setting next_dagrun for lakehouse_pipeline to None, run_after=None
[2026-08-29T14:54:19.722+0000] {processor.py:183} INFO - Processing /opt/airflow/dags/lakehouse_pipeline.py took 0.097 seconds
[2026-08-29T14:54:49.982+0000] {processor.py:161} INFO - Started process (PID=1012) to work on /opt/airflow/dags/lakehouse_pipeline.py
[2026-08-29T14:54:49.983+0000] {processor.py:830} INFO - Processing file /opt/airflow/dags/lakehouse_pipeline.py for tasks to queue
[2026-08-29T14:54:49.985+0000] {logging_mixin.py:188} INFO - [2026-08-29T14:54:49.984+0000] {dagbag.py:545} INFO - Filling up the DagBag from /opt/airflow/dags/lakehouse_pipeline.py
[2026-08-29T14:54:50.004+0000] {processor.py:840} INFO - DAG(s) 'lakehouse_pipeline' retrieved from /opt/airflow/dags/lakehouse_pipeline.py
[2026-08-29T14:54:50.043+0000] {logging_mixin.py:188} INFO - [2026-08-29T14:54:50.043+0000] {dag.py:3089} INFO - Sync 1 DAGs
[2026-08-29T14:54:50.055+0000] {logging_mixin.py:188} INFO - [2026-08-29T14:54:50.055+0000] {dag.py:3947} INFO - Setting next_dagrun for lakehouse_pipeline to None, run_after=None
[2026-08-29T14:54:50.072+0000] {processor.py:183} INFO - Processing /opt/airflow/dags/lakehouse_pipeline.py took 0.095 seconds
[2026-08-29T14:55:20.258+0000] {processor.py:161} INFO - Started process (PID=1017) to work on /opt/airflow/dags/lakehouse_pipeline.py
[2026-08-29T14:55:20.259+0000] {processor.py:830} INFO - Processing file /opt/airflow/dags/lakehouse_pipeline.py for tasks to queue
[2026-08-29T14:55:20.261+0000] {logging_mixin.py:188} INFO - [2026-08-29T14:55:20.260+0000] {dagbag.py:545} INFO - Filling up the DagBag from /opt/airflow/dags/lakehouse_pipeline.py
[2026-08-29T14:55:20.281+0000] {processor.py:840} INFO - DAG(s) 'lakehouse_pipeline' retrieved from /opt/airflow/dags/lakehouse_pipeline.py
[2026-08-29T14:55:20.322+0000] {logging_mixin.py:188} INFO - [2026-08-29T14:55:20.322+0000] {dag.py:3089} INFO - Sync 1 DAGs
[2026-08-29T14:55:20.333+0000] {logging_mixin.py:188} INFO - [2026-08-29T14:55:20.333+0000] {dag.py:3947} INFO - Setting next_dagrun for lakehouse_pipeline to None, run_after=None
[2026-08-29T14:55:20.351+0000] {processor.py:183} INFO - Processing /opt/airflow/dags/lakehouse_pipeline.py took 0.099 seconds
[2026-08-29T14:55:50.633+0000] {processor.py:161} INFO - Started process (PID=1022) to work on /opt/airflow/dags/lakehouse_pipeline.py
[2026-08-29T14:55:50.633+0000] {processor.py:830} INFO - Processing file /opt/airflow/dags/lakehouse_pipeline.py for tasks to queue
[2026-08-29T14:55:50.635+0000] {logging_mixin.py:188} INFO - [2026-08-29T14:55:50.635+0000] {dagbag.py:545} INFO - Filling up the DagBag from /opt/airflow/dags/lakehouse_pipeline.py
[2026-08-29T14:55:50.655+0000] {processor.py:840} INFO - DAG(s) 'lakehouse_pipeline' retrieved from /opt/airflow/dags/lakehouse_pipeline.py
[2026-08-29T14:55:50.711+0000] {logging_mixin.py:188} INFO - [2026-08-29T14:55:50.711+0000] {dag.py:3089} INFO - Sync 1 DAGs
[2026-08-29T14:55:50.729+0000] {logging_mixin.py:188} INFO - [2026-08-29T14:55:50.729+0000] {dag.py:3947} INFO - Setting next_dagrun for lakehouse_pipeline to None, run_after=None
[2026-08-29T14:55:50.749+0000] {processor.py:183} INFO - Processing /opt/airflow/dags/lakehouse_pipeline.py took 0.123 seconds
[2026-08-29T14:56:20.878+0000] {processor.py:161} INFO - Started process (PID=1027) to work on /opt/airflow/dags/lakehouse_pipeline.py
[2026-08-29T14:56:20.879+0000] {processor.py:830} INFO - Processing file /opt/airflow/dags/lakehouse_pipeline.py for tasks to queue
[2026-08-29T14:56:20.881+0000] {logging_mixin.py:188} INFO - [2026-08-29T14:56:20.880+0000] {dagbag.py:545} INFO - Filling up the DagBag from /opt/airflow/dags/lakehouse_pipeline.py
[2026-08-29T14:56:20.905+0000] {processor.py:840} INFO - DAG(s) 'lakehouse_pipeline' retrieved from /opt/airflow/dags/lakehouse_pipeline.py
[2026-08-29T14:56:20.955+0000] {logging_mixin.py:188} INFO - [2026-08-29T14:56:20.955+0000] {dag.py:3089} INFO - Sync 1 DAGs
[2026-08-29T14:56:20.971+0000] {logging_mixin.py:188} INFO - [2026-08-29T14:56:20.971+0000] {dag.py:3947} INFO - Setting next_dagrun for lakehouse_pipeline to None, run_after=None
[2026-08-29T14:56:20.997+0000] {processor.py:183} INFO - Processing /opt/airflow/dags/lakehouse_pipeline.py took 0.126 seconds
[2026-08-29T14:56:51.248+0000] {processor.py:161} INFO - Started process (PID=1032) to work on /opt/airflow/dags/lakehouse_pipeline.py
[2026-08-29T14:56:51.249+0000] {processor.py:830} INFO - Processing file /opt/airflow/dags/lakehouse_pipeline.py for tasks to queue
[2026-08-29T14:56:51.251+0000] {logging_mixin.py:188} INFO - [2026-08-29T14:56:51.251+0000] {dagbag.py:545} INFO - Filling up the DagBag from /opt/airflow/dags/lakehouse_pipeline.py
[2026-08-29T14:56:51.274+0000] {processor.py:840} INFO - DAG(s) 'lakehouse_pipeline' retrieved from /opt/airflow/dags/lakehouse_pipeline.py
[2026-08-29T14:56:51.325+0000] {logging_mixin.py:188} INFO - [2026-08-29T14:56:51.325+0000] {dag.py:3089} INFO - Sync 1 DAGs
[2026-08-29T14:56:51.340+0000] {logging_mixin.py:188} INFO - [2026-08-29T14:56:51.340+0000] {dag.py:3947} INFO - Setting next_dagrun for lakehouse_pipeline to None, run_after=None
[2026-08-29T14:56:51.367+0000] {processor.py:183} INFO - Processing /opt/airflow/dags/lakehouse_pipeline.py took 0.127 seconds
[2026-08-29T14:57:21.574+0000] {processor.py:161} INFO - Started process (PID=1037) to work on /opt/airflow/dags/lakehouse_pipeline.py
[2026-08-29T14:57:21.575+0000] {processor.py:830} INFO - Processing file /opt/airflow/dags/lakehouse_pipeline.py for tasks to queue
[2026-08-29T14:57:21.576+0000] {logging_mixin.py:188} INFO - [2026-08-29T14:57:21.576+0000] {dagbag.py:545} INFO - Filling up the DagBag from /opt/airflow/dags/lakehouse_pipeline.py
[2026-08-29T14:57:21.595+0000] {processor.py:840} INFO - DAG(s) 'lakehouse_pipeline' retrieved from /opt/airflow/dags/lakehouse_pipeline.py
[2026-08-29T14:57:21.635+0000] {logging_mixin.py:188} INFO - [2026-08-29T14:57:21.634+0000] {dag.py:3089} INFO - Sync 1 DAGs
[2026-08-29T14:57:21.646+0000] {logging_mixin.py:188} INFO - [2026-08-29T14:57:21.646+0000] {dag.py:3947} INFO - Setting next_dagrun for lakehouse_pipeline to None, run_after=None
[2026-08-29T14:57:21.672+0000] {processor.py:183} INFO - Processing /opt/airflow/dags/lakehouse_pipeline.py took 0.104 seconds
[2026-08-29T14:57:51.853+0000] {processor.py:161} INFO - Started process (PID=1042) to work on /opt/airflow/dags/lakehouse_pipeline.py
[2026-08-29T14:57:51.854+0000] {processor.py:830} INFO - Processing file /opt/airflow/dags/lakehouse_pipeline.py for tasks to queue
[2026-08-29T14:57:51.856+0000] {logging_mixin.py:188} INFO - [2026-08-29T14:57:51.855+0000] {dagbag.py:545} INFO - Filling up the DagBag from /opt/airflow/dags/lakehouse_pipeline.py
[2026-08-29T14:57:51.875+0000] {processor.py:840} INFO - DAG(s) 'lakehouse_pipeline' retrieved from /opt/airflow/dags/lakehouse_pipeline.py
[2026-08-29T14:57:51.913+0000] {logging_mixin.py:188} INFO - [2026-08-29T14:57:51.913+0000] {dag.py:3089} INFO - Sync 1 DAGs
[2026-08-29T14:57:51.924+0000] {logging_mixin.py:188} INFO - [2026-08-29T14:57:51.924+0000] {dag.py:3947} INFO - Setting next_dagrun for lakehouse_pipeline to None, run_after=None
[2026-08-29T14:57:51.943+0000] {processor.py:183} INFO - Processing /opt/airflow/dags/lakehouse_pipeline.py took 0.096 seconds
[2026-08-29T14:58:22.142+0000] {processor.py:161} INFO - Started process (PID=1047) to work on /opt/airflow/dags/lakehouse_pipeline.py
[2026-08-29T14:58:22.143+0000] {processor.py:830} INFO - Processing file /opt/airflow/dags/lakehouse_pipeline.py for tasks to queue
[2026-08-29T14:58:22.145+0000] {logging_mixin.py:188} INFO - [2026-08-29T14:58:22.145+0000] {dagbag.py:545} INFO - Filling up the DagBag from /opt/airflow/dags/lakehouse_pipeline.py
[2026-08-29T14:58:22.179+0000] {processor.py:840} INFO - DAG(s) 'lakehouse_pipeline' retrieved from /opt/airflow/dags/lakehouse_pipeline.py
[2026-08-29T14:58:22.229+0000] {logging_mixin.py:188} INFO - [2026-08-29T14:58:22.228+0000] {dag.py:3089} INFO - Sync 1 DAGs
[2026-08-29T14:58:22.244+0000] {logging_mixin.py:188} INFO - [2026-08-29T14:58:22.244+0000] {dag.py:3947} INFO - Setting next_dagrun for lakehouse_pipeline to None, run_after=None
[2026-08-29T14:58:22.270+0000] {processor.py:183} INFO - Processing /opt/airflow/dags/lakehouse_pipeline.py took 0.134 seconds
[2026-08-29T14:58:52.450+0000] {processor.py:161} INFO - Started process (PID=1052) to work on /opt/airflow/dags/lakehouse_pipeline.py
[2026-08-29T14:58:52.450+0000] {processor.py:830} INFO - Processing file /opt/airflow/dags/lakehouse_pipeline.py for tasks to queue
[2026-08-29T14:58:52.452+0000] {logging_mixin.py:188} INFO - [2026-08-29T14:58:52.452+0000] {dagbag.py:545} INFO - Filling up the DagBag from /opt/airflow/dags/lakehouse_pipeline.py
[2026-08-29T14:58:52.472+0000] {processor.py:840} INFO - DAG(s) 'lakehouse_pipeline' retrieved from /opt/airflow/dags/lakehouse_pipeline.py
[2026-08-29T14:58:52.511+0000] {logging_mixin.py:188} INFO - [2026-08-29T14:58:52.511+0000] {dag.py:3089} INFO - Sync 1 DAGs
[2026-08-29T14:58:52.523+0000] {logging_mixin.py:188} INFO - [2026-08-29T14:58:52.523+0000] {dag.py:3947} INFO - Setting next_dagrun for lakehouse_pipeline to None, run_after=None
[2026-08-29T14:58:52.542+0000] {processor.py:183} INFO - Processing /opt/airflow/dags/lakehouse_pipeline.py took 0.098 seconds
[2026-08-29T14:59:22.745+0000] {processor.py:161} INFO - Started process (PID=1057) to work on /opt/airflow/dags/lakehouse_pipeline.py
[2026-08-29T14:59:22.746+0000] {processor.py:830} INFO - Processing file /opt/airflow/dags/lakehouse_pipeline.py for tasks to queue
[2026-08-29T14:59:22.748+0000] {logging_mixin.py:188} INFO - [2026-08-29T14:59:22.747+0000] {dagbag.py:545} INFO - Filling up the DagBag from /opt/airflow/dags/lakehouse_pipeline.py
[2026-08-29T14:59:22.767+0000] {processor.py:840} INFO - DAG(s) 'lakehouse_pipeline' retrieved from /opt/airflow/dags/lakehouse_pipeline.py
[2026-08-29T14:59:22.806+0000] {logging_mixin.py:188} INFO - [2026-08-29T14:59:22.806+0000] {dag.py:3089} INFO - Sync 1 DAGs
[2026-08-29T14:59:22.818+0000] {logging_mixin.py:188} INFO - [2026-08-29T14:59:22.817+0000] {dag.py:3947} INFO - Setting next_dagrun for lakehouse_pipeline to None, run_after=None
[2026-08-29T14:59:22.844+0000] {processor.py:183} INFO - Processing /opt/airflow/dags/lakehouse_pipeline.py took 0.105 seconds
[2026-08-29T14:59:53.062+0000] {processor.py:161} INFO - Started process (PID=1062) to work on /opt/airflow/dags/lakehouse_pipeline.py
[2026-08-29T14:59:53.063+0000] {processor.py:830} INFO - Processing file /opt/airflow/dags/lakehouse_pipeline.py for tasks to queue
[2026-08-29T14:59:53.066+0000] {logging_mixin.py:188} INFO - [2026-08-29T14:59:53.065+0000] {dagbag.py:545} INFO - Filling up the DagBag from /opt/airflow/dags/lakehouse_pipeline.py
[2026-08-29T14:59:53.093+0000] {processor.py:840} INFO - DAG(s) 'lakehouse_pipeline' retrieved from /opt/airflow/dags/lakehouse_pipeline.py
[2026-08-29T14:59:53.138+0000] {logging_mixin.py:188} INFO - [2026-08-29T14:59:53.138+0000] {dag.py:3089} INFO - Sync 1 DAGs
[2026-08-29T14:59:53.159+0000] {logging_mixin.py:188} INFO - [2026-08-29T14:59:53.158+0000] {dag.py:3947} INFO - Setting next_dagrun for lakehouse_pipeline to None, run_after=None
[2026-08-29T14:59:53.190+0000] {processor.py:183} INFO - Processing /opt/airflow/dags/lakehouse_pipeline.py took 0.136 seconds
[2026-08-29T15:00:23.362+0000] {processor.py:161} INFO - Started process (PID=1067) to work on /opt/airflow/dags/lakehouse_pipeline.py
[2026-08-29T15:00:23.363+0000] {processor.py:830} INFO - Processing file /opt/airflow/dags/lakehouse_pipeline.py for tasks to queue
[2026-08-29T15:00:23.365+0000] {logging_mixin.py:188} INFO - [2026-08-29T15:00:23.365+0000] {dagbag.py:545} INFO - Filling up the DagBag from /opt/airflow/dags/lakehouse_pipeline.py
[2026-08-29T15:00:23.385+0000] {processor.py:840} INFO - DAG(s) 'lakehouse_pipeline' retrieved from /opt/airflow/dags/lakehouse_pipeline.py
[2026-08-29T15:00:23.426+0000] {logging_mixin.py:188} INFO - [2026-08-29T15:00:23.425+0000] {dag.py:3089} INFO - Sync 1 DAGs
[2026-08-29T15:00:23.438+0000] {logging_mixin.py:188} INFO - [2026-08-29T15:00:23.438+0000] {dag.py:3947} INFO - Setting next_dagrun for lakehouse_pipeline to None, run_after=None
[2026-08-29T15:00:23.456+0000] {processor.py:183} INFO - Processing /opt/airflow/dags/lakehouse_pipeline.py took 0.100 seconds
[2026-08-29T15:00:53.703+0000] {processor.py:161} INFO - Started process (PID=1072) to work on /opt/airflow/dags/lakehouse_pipeline.py
[2026-08-29T15:00:53.703+0000] {processor.py:830} INFO - Processing file /opt/airflow/dags/lakehouse_pipeline.py for tasks to queue
[2026-08-29T15:00:53.705+0000] {logging_mixin.py:188} INFO - [2026-08-29T15:00:53.705+0000] {dagbag.py:545} INFO - Filling up the DagBag from /opt/airflow/dags/lakehouse_pipeline.py
[2026-08-29T15:00:53.724+0000] {processor.py:840} INFO - DAG(s) 'lakehouse_pipeline' retrieved from /opt/airflow/dags/lakehouse_pipeline.py
[2026-08-29T15:00:53.763+0000] {logging_mixin.py:188} INFO - [2026-08-29T15:00:53.763+0000] {dag.py:3089} INFO - Sync 1 DAGs
[2026-08-29T15:00:53.774+0000] {logging_mixin.py:188} INFO - [2026-08-29T15:00:53.774+0000] {dag.py:3947} INFO - Setting next_dagrun for lakehouse_pipeline to None, run_after=None
[2026-08-29T15:00:53.793+0000] {processor.py:183} INFO - Processing /opt/airflow/dags/lakehouse_pipeline.py took 0.096 seconds
[2026-08-29T15:01:23.966+0000] {processor.py:161} INFO - Started process (PID=1077) to work on /opt/airflow/dags/lakehouse_pipeline.py
[2026-08-29T15:01:23.967+0000] {processor.py:830} INFO - Processing file /opt/airflow/dags/lakehouse_pipeline.py for tasks to queue
[2026-08-29T15:01:23.968+0000] {logging_mixin.py:188} INFO - [2026-08-29T15:01:23.968+0000] {dagbag.py:545} INFO - Filling up the DagBag from /opt/airflow/dags/lakehouse_pipeline.py
[2026-08-29T15:01:23.988+0000] {processor.py:840} INFO - DAG(s) 'lakehouse_pipeline' retrieved from /opt/airflow/dags/lakehouse_pipeline.py
[2026-08-29T15:01:24.028+0000] {logging_mixin.py:188} INFO - [2026-08-29T15:01:24.028+0000] {dag.py:3089} INFO - Sync 1 DAGs
[2026-08-29T15:01:24.040+0000] {logging_mixin.py:188} INFO - [2026-08-29T15:01:24.039+0000] {dag.py:3947} INFO - Setting next_dagrun for lakehouse_pipeline to None, run_after=None
[2026-08-29T15:01:24.059+0000] {processor.py:183} INFO - Processing /opt/airflow/dags/lakehouse_pipeline.py took 0.100 seconds
[2026-08-29T15:01:54.295+0000] {processor.py:161} INFO - Started process (PID=1082) to work on /opt/airflow/dags/lakehouse_pipeline.py
[2026-08-29T15:01:54.296+0000] {processor.py:830} INFO - Processing file /opt/airflow/dags/lakehouse_pipeline.py for tasks to queue
[2026-08-29T15:01:54.297+0000] {logging_mixin.py:188} INFO - [2026-08-29T15:01:54.297+0000] {dagbag.py:545} INFO - Filling up the DagBag from /opt/airflow/dags/lakehouse_pipeline.py
[2026-08-29T15:01:54.316+0000] {processor.py:840} INFO - DAG(s) 'lakehouse_pipeline' retrieved from /opt/airflow/dags/lakehouse_pipeline.py
[2026-08-29T15:01:54.356+0000] {logging_mixin.py:188} INFO - [2026-08-29T15:01:54.355+0000] {dag.py:3089} INFO - Sync 1 DAGs
[2026-08-29T15:01:54.368+0000] {logging_mixin.py:188} INFO - [2026-08-29T15:01:54.368+0000] {dag.py:3947} INFO - Setting next_dagrun for lakehouse_pipeline to None, run_after=None
[2026-08-29T15:01:54.385+0000] {processor.py:183} INFO - Processing /opt/airflow/dags/lakehouse_pipeline.py took 0.096 seconds
[2026-08-29T15:02:24.591+0000] {processor.py:161} INFO - Started process (PID=1087) to work on /opt/airflow/dags/lakehouse_pipeline.py
[2026-08-29T15:02:24.591+0000] {processor.py:830} INFO - Processing file /opt/airflow/dags/lakehouse_pipeline.py for tasks to queue
[2026-08-29T15:02:24.594+0000] {logging_mixin.py:188} INFO - [2026-08-29T15:02:24.594+0000] {dagbag.py:545} INFO - Filling up the DagBag from /opt/airflow/dags/lakehouse_pipeline.py
[2026-08-29T15:02:24.615+0000] {processor.py:840} INFO - DAG(s) 'lakehouse_pipeline' retrieved from /opt/airflow/dags/lakehouse_pipeline.py
[2026-08-29T15:02:24.655+0000] {logging_mixin.py:188} INFO - [2026-08-29T15:02:24.655+0000] {dag.py:3089} INFO - Sync 1 DAGs
[2026-08-29T15:02:24.667+0000] {logging_mixin.py:188} INFO - [2026-08-29T15:02:24.667+0000] {dag.py:3947} INFO - Setting next_dagrun for lakehouse_pipeline to None, run_after=None
[2026-08-29T15:02:24.685+0000] {processor.py:183} INFO - Processing /opt/airflow/dags/lakehouse_pipeline.py took 0.102 seconds
[2026-08-29T15:02:54.882+0000] {processor.py:161} INFO - Started process (PID=1092) to work on /opt/airflow/dags/lakehouse_pipeline.py
[2026-08-29T15:02:54.883+0000] {processor.py:830} INFO - Processing file /opt/airflow/dags/lakehouse_pipeline.py for tasks to queue
[2026-08-29T15:02:54.885+0000] {logging_mixin.py:188} INFO - [2026-08-29T15:02:54.885+0000] {dagbag.py:545} INFO - Filling up the DagBag from /opt/airflow/dags/lakehouse_pipeline.py
[2026-08-29T15:02:54.907+0000] {processor.py:840} INFO - DAG(s) 'lakehouse_pipeline' retrieved from /opt/airflow/dags/lakehouse_pipeline.py
[2026-08-29T15:02:54.956+0000] {logging_mixin.py:188} INFO - [2026-08-29T15:02:54.955+0000] {dag.py:3089} INFO - Sync 1 DAGs
[2026-08-29T15:02:54.971+0000] {logging_mixin.py:188} INFO - [2026-08-29T15:02:54.971+0000] {dag.py:3947} INFO - Setting next_dagrun for lakehouse_pipeline to None, run_after=None
[2026-08-29T15:02:54.990+0000] {processor.py:183} INFO - Processing /opt/airflow/dags/lakehouse_pipeline.py took 0.118 seconds
[2026-08-29T15:03:25.182+0000] {processor.py:161} INFO - Started process (PID=1097) to work on /opt/airflow/dags/lakehouse_pipeline.py
[2026-08-29T15:03:25.183+0000] {processor.py:830} INFO - Processing file /opt/airflow/dags/lakehouse_pipeline.py for tasks to queue
[2026-08-29T15:03:25.184+0000] {logging_mixin.py:188} INFO - [2026-08-29T15:03:25.184+0000] {dagbag.py:545} INFO - Filling up the DagBag from /opt/airflow/dags/lakehouse_pipeline.py
[2026-08-29T15:03:25.204+0000] {processor.py:840} INFO - DAG(s) 'lakehouse_pipeline' retrieved from /opt/airflow/dags/lakehouse_pipeline.py
[2026-08-29T15:03:25.244+0000] {logging_mixin.py:188} INFO - [2026-08-29T15:03:25.243+0000] {dag.py:3089} INFO - Sync 1 DAGs
[2026-08-29T15:03:25.256+0000] {logging_mixin.py:188} INFO - [2026-08-29T15:03:25.255+0000] {dag.py:3947} INFO - Setting next_dagrun for lakehouse_pipeline to None, run_after=None
[2026-08-29T15:03:25.272+0000] {processor.py:183} INFO - Processing /opt/airflow/dags/lakehouse_pipeline.py took 0.097 seconds
[2026-08-29T15:03:55.482+0000] {processor.py:161} INFO - Started process (PID=1102) to work on /opt/airflow/dags/lakehouse_pipeline.py
[2026-08-29T15:03:55.483+0000] {processor.py:830} INFO - Processing file /opt/airflow/dags/lakehouse_pipeline.py for tasks to queue
[2026-08-29T15:03:55.485+0000] {logging_mixin.py:188} INFO - [2026-08-29T15:03:55.484+0000] {dagbag.py:545} INFO - Filling up the DagBag from /opt/airflow/dags/lakehouse_pipeline.py
[2026-08-29T15:03:55.504+0000] {processor.py:840} INFO - DAG(s) 'lakehouse_pipeline' retrieved from /opt/airflow/dags/lakehouse_pipeline.py
[2026-08-29T15:03:55.543+0000] {logging_mixin.py:188} INFO - [2026-08-29T15:03:55.542+0000] {dag.py:3089} INFO - Sync 1 DAGs
[2026-08-29T15:03:55.554+0000] {logging_mixin.py:188} INFO - [2026-08-29T15:03:55.554+0000] {dag.py:3947} INFO - Setting next_dagrun for lakehouse_pipeline to None, run_after=None
[2026-08-29T15:03:55.572+0000] {processor.py:183} INFO - Processing /opt/airflow/dags/lakehouse_pipeline.py took 0.096 seconds
[2026-08-29T15:04:25.758+0000] {processor.py:161} INFO - Started process (PID=1107) to work on /opt/airflow/dags/lakehouse_pipeline.py
[2026-08-29T15:04:25.760+0000] {processor.py:830} INFO - Processing file /opt/airflow/dags/lakehouse_pipeline.py for tasks to queue
[2026-08-29T15:04:25.762+0000] {logging_mixin.py:188} INFO - [2026-08-29T15:04:25.762+0000] {dagbag.py:545} INFO - Filling up the DagBag from /opt/airflow/dags/lakehouse_pipeline.py
[2026-08-29T15:04:25.785+0000] {processor.py:840} INFO - DAG(s) 'lakehouse_pipeline' retrieved from /opt/airflow/dags/lakehouse_pipeline.py
[2026-08-29T15:04:25.827+0000] {logging_mixin.py:188} INFO - [2026-08-29T15:04:25.827+0000] {dag.py:3089} INFO - Sync 1 DAGs
[2026-08-29T15:04:25.839+0000] {logging_mixin.py:188} INFO - [2026-08-29T15:04:25.839+0000] {dag.py:3947} INFO - Setting next_dagrun for lakehouse_pipeline to None, run_after=None
[2026-08-29T15:04:25.858+0000] {processor.py:183} INFO - Processing /opt/airflow/dags/lakehouse_pipeline.py took 0.108 seconds
[2026-08-29T15:04:56.103+0000] {processor.py:161} INFO - Started process (PID=1112) to work on /opt/airflow/dags/lakehouse_pipeline.py
[2026-08-29T15:04:56.104+0000] {processor.py:830} INFO - Processing file /opt/airflow/dags/lakehouse_pipeline.py for tasks to queue
[2026-08-29T15:04:56.105+0000] {logging_mixin.py:188} INFO - [2026-08-29T15:04:56.105+0000] {dagbag.py:545} INFO - Filling up the DagBag from /opt/airflow/dags/lakehouse_pipeline.py
[2026-08-29T15:04:56.125+0000] {processor.py:840} INFO - DAG(s) 'lakehouse_pipeline' retrieved from /opt/airflow/dags/lakehouse_pipeline.py
[2026-08-29T15:04:56.164+0000] {logging_mixin.py:188} INFO - [2026-08-29T15:04:56.163+0000] {dag.py:3089} INFO - Sync 1 DAGs
[2026-08-29T15:04:56.175+0000] {logging_mixin.py:188} INFO - [2026-08-29T15:04:56.175+0000] {dag.py:3947} INFO - Setting next_dagrun for lakehouse_pipeline to None, run_after=None
[2026-08-29T15:04:56.194+0000] {processor.py:183} INFO - Processing /opt/airflow/dags/lakehouse_pipeline.py took 0.097 seconds
[2026-08-29T15:05:26.380+0000] {processor.py:161} INFO - Started process (PID=1117) to work on /opt/airflow/dags/lakehouse_pipeline.py
[2026-08-29T15:05:26.381+0000] {processor.py:830} INFO - Processing file /opt/airflow/dags/lakehouse_pipeline.py for tasks to queue
[2026-08-29T15:05:26.382+0000] {logging_mixin.py:188} INFO - [2026-08-29T15:05:26.382+0000] {dagbag.py:545} INFO - Filling up the DagBag from /opt/airflow/dags/lakehouse_pipeline.py
[2026-08-29T15:05:26.402+0000] {processor.py:840} INFO - DAG(s) 'lakehouse_pipeline' retrieved from /opt/airflow/dags/lakehouse_pipeline.py
[2026-08-29T15:05:26.441+0000] {logging_mixin.py:188} INFO - [2026-08-29T15:05:26.441+0000] {dag.py:3089} INFO - Sync 1 DAGs
[2026-08-29T15:05:26.452+0000] {logging_mixin.py:188} INFO - [2026-08-29T15:05:26.452+0000] {dag.py:3947} INFO - Setting next_dagrun for lakehouse_pipeline to None, run_after=None
[2026-08-29T15:05:26.481+0000] {processor.py:183} INFO - Processing /opt/airflow/dags/lakehouse_pipeline.py took 0.108 seconds
[2026-08-29T15:05:56.730+0000] {processor.py:161} INFO - Started process (PID=1122) to work on /opt/airflow/dags/lakehouse_pipeline.py
[2026-08-29T15:05:56.731+0000] {processor.py:830} INFO - Processing file /opt/airflow/dags/lakehouse_pipeline.py for tasks to queue
[2026-08-29T15:05:56.733+0000] {logging_mixin.py:188} INFO - [2026-08-29T15:05:56.732+0000] {dagbag.py:545} INFO - Filling up the DagBag from /opt/airflow/dags/lakehouse_pipeline.py
[2026-08-29T15:05:56.752+0000] {processor.py:840} INFO - DAG(s) 'lakehouse_pipeline' retrieved from /opt/airflow/dags/lakehouse_pipeline.py
[2026-08-29T15:05:56.790+0000] {logging_mixin.py:188} INFO - [2026-08-29T15:05:56.790+0000] {dag.py:3089} INFO - Sync 1 DAGs
[2026-08-29T15:05:56.802+0000] {logging_mixin.py:188} INFO - [2026-08-29T15:05:56.801+0000] {dag.py:3947} INFO - Setting next_dagrun for lakehouse_pipeline to None, run_after=None
[2026-08-29T15:05:56.828+0000] {processor.py:183} INFO - Processing /opt/airflow/dags/lakehouse_pipeline.py took 0.103 seconds
[2026-08-29T15:06:26.967+0000] {processor.py:161} INFO - Started process (PID=1127) to work on /opt/airflow/dags/lakehouse_pipeline.py
[2026-08-29T15:06:26.968+0000] {processor.py:830} INFO - Processing file /opt/airflow/dags/lakehouse_pipeline.py for tasks to queue
[2026-08-29T15:06:26.970+0000] {logging_mixin.py:188} INFO - [2026-08-29T15:06:26.970+0000] {dagbag.py:545} INFO - Filling up the DagBag from /opt/airflow/dags/lakehouse_pipeline.py
[2026-08-29T15:06:26.989+0000] {processor.py:840} INFO - DAG(s) 'lakehouse_pipeline' retrieved from /opt/airflow/dags/lakehouse_pipeline.py
[2026-08-29T15:06:27.029+0000] {logging_mixin.py:188} INFO - [2026-08-29T15:06:27.028+0000] {dag.py:3089} INFO - Sync 1 DAGs
[2026-08-29T15:06:27.040+0000] {logging_mixin.py:188} INFO - [2026-08-29T15:06:27.040+0000] {dag.py:3947} INFO - Setting next_dagrun for lakehouse_pipeline to None, run_after=None
[2026-08-29T15:06:27.066+0000] {processor.py:183} INFO - Processing /opt/airflow/dags/lakehouse_pipeline.py took 0.105 seconds
[2026-08-29T15:06:57.347+0000] {processor.py:161} INFO - Started process (PID=1132) to work on /opt/airflow/dags/lakehouse_pipeline.py
[2026-08-29T15:06:57.347+0000] {processor.py:830} INFO - Processing file /opt/airflow/dags/lakehouse_pipeline.py for tasks to queue
[2026-08-29T15:06:57.349+0000] {logging_mixin.py:188} INFO - [2026-08-29T15:06:57.349+0000] {dagbag.py:545} INFO - Filling up the DagBag from /opt/airflow/dags/lakehouse_pipeline.py
[2026-08-29T15:06:57.368+0000] {processor.py:840} INFO - DAG(s) 'lakehouse_pipeline' retrieved from /opt/airflow/dags/lakehouse_pipeline.py
[2026-08-29T15:06:57.406+0000] {logging_mixin.py:188} INFO - [2026-08-29T15:06:57.406+0000] {dag.py:3089} INFO - Sync 1 DAGs
[2026-08-29T15:06:57.418+0000] {logging_mixin.py:188} INFO - [2026-08-29T15:06:57.418+0000] {dag.py:3947} INFO - Setting next_dagrun for lakehouse_pipeline to None, run_after=None
[2026-08-29T15:06:57.435+0000] {processor.py:183} INFO - Processing /opt/airflow/dags/lakehouse_pipeline.py took 0.094 seconds
[2026-08-29T15:07:27.594+0000] {processor.py:161} INFO - Started process (PID=1137) to work on /opt/airflow/dags/lakehouse_pipeline.py
[2026-08-29T15:07:27.594+0000] {processor.py:830} INFO - Processing file /opt/airflow/dags/lakehouse_pipeline.py for tasks to queue
[2026-08-29T15:07:27.597+0000] {logging_mixin.py:188} INFO - [2026-08-29T15:07:27.596+0000] {dagbag.py:545} INFO - Filling up the DagBag from /opt/airflow/dags/lakehouse_pipeline.py
[2026-08-29T15:07:27.616+0000] {processor.py:840} INFO - DAG(s) 'lakehouse_pipeline' retrieved from /opt/airflow/dags/lakehouse_pipeline.py
[2026-08-29T15:07:27.655+0000] {logging_mixin.py:188} INFO - [2026-08-29T15:07:27.655+0000] {dag.py:3089} INFO - Sync 1 DAGs
[2026-08-29T15:07:27.667+0000] {logging_mixin.py:188} INFO - [2026-08-29T15:07:27.666+0000] {dag.py:3947} INFO - Setting next_dagrun for lakehouse_pipeline to None, run_after=None
[2026-08-29T15:07:27.686+0000] {processor.py:183} INFO - Processing /opt/airflow/dags/lakehouse_pipeline.py took 0.100 seconds
[2026-08-29T15:07:57.971+0000] {processor.py:161} INFO - Started process (PID=1142) to work on /opt/airflow/dags/lakehouse_pipeline.py
[2026-08-29T15:07:57.972+0000] {processor.py:830} INFO - Processing file /opt/airflow/dags/lakehouse_pipeline.py for tasks to queue
[2026-08-29T15:07:57.974+0000] {logging_mixin.py:188} INFO - [2026-08-29T15:07:57.973+0000] {dagbag.py:545} INFO - Filling up the DagBag from /opt/airflow/dags/lakehouse_pipeline.py
[2026-08-29T15:07:57.993+0000] {processor.py:840} INFO - DAG(s) 'lakehouse_pipeline' retrieved from /opt/airflow/dags/lakehouse_pipeline.py
[2026-08-29T15:07:58.032+0000] {logging_mixin.py:188} INFO - [2026-08-29T15:07:58.032+0000] {dag.py:3089} INFO - Sync 1 DAGs
[2026-08-29T15:07:58.043+0000] {logging_mixin.py:188} INFO - [2026-08-29T15:07:58.043+0000] {dag.py:3947} INFO - Setting next_dagrun for lakehouse_pipeline to None, run_after=None
[2026-08-29T15:07:58.071+0000] {processor.py:183} INFO - Processing /opt/airflow/dags/lakehouse_pipeline.py took 0.106 seconds
[2026-08-29T15:08:28.265+0000] {processor.py:161} INFO - Started process (PID=1147) to work on /opt/airflow/dags/lakehouse_pipeline.py
[2026-08-29T15:08:28.266+0000] {processor.py:830} INFO - Processing file /opt/airflow/dags/lakehouse_pipeline.py for tasks to queue
[2026-08-29T15:08:28.268+0000] {logging_mixin.py:188} INFO - [2026-08-29T15:08:28.268+0000] {dagbag.py:545} INFO - Filling up the DagBag from /opt/airflow/dags/lakehouse_pipeline.py
[2026-08-29T15:08:28.287+0000] {processor.py:840} INFO - DAG(s) 'lakehouse_pipeline' retrieved from /opt/airflow/dags/lakehouse_pipeline.py
[2026-08-29T15:08:28.326+0000] {logging_mixin.py:188} INFO - [2026-08-29T15:08:28.325+0000] {dag.py:3089} INFO - Sync 1 DAGs
[2026-08-29T15:08:28.338+0000] {logging_mixin.py:188} INFO - [2026-08-29T15:08:28.337+0000] {dag.py:3947} INFO - Setting next_dagrun for lakehouse_pipeline to None, run_after=None
[2026-08-29T15:08:28.363+0000] {processor.py:183} INFO - Processing /opt/airflow/dags/lakehouse_pipeline.py took 0.104 seconds
[2026-08-29T15:08:58.573+0000] {processor.py:161} INFO - Started process (PID=1152) to work on /opt/airflow/dags/lakehouse_pipeline.py
[2026-08-29T15:08:58.574+0000] {processor.py:830} INFO - Processing file /opt/airflow/dags/lakehouse_pipeline.py for tasks to queue
[2026-08-29T15:08:58.576+0000] {logging_mixin.py:188} INFO - [2026-08-29T15:08:58.575+0000] {dagbag.py:545} INFO - Filling up the DagBag from /opt/airflow/dags/lakehouse_pipeline.py
[2026-08-29T15:08:58.595+0000] {processor.py:840} INFO - DAG(s) 'lakehouse_pipeline' retrieved from /opt/airflow/dags/lakehouse_pipeline.py
[2026-08-29T15:08:58.634+0000] {logging_mixin.py:188} INFO - [2026-08-29T15:08:58.633+0000] {dag.py:3089} INFO - Sync 1 DAGs
[2026-08-29T15:08:58.645+0000] {logging_mixin.py:188} INFO - [2026-08-29T15:08:58.645+0000] {dag.py:3947} INFO - Setting next_dagrun for lakehouse_pipeline to None, run_after=None
[2026-08-29T15:08:58.663+0000] {processor.py:183} INFO - Processing /opt/airflow/dags/lakehouse_pipeline.py took 0.096 seconds
[2026-08-29T15:09:28.872+0000] {processor.py:161} INFO - Started process (PID=1157) to work on /opt/airflow/dags/lakehouse_pipeline.py
[2026-08-29T15:09:28.872+0000] {processor.py:830} INFO - Processing file /opt/airflow/dags/lakehouse_pipeline.py for tasks to queue
[2026-08-29T15:09:28.876+0000] {logging_mixin.py:188} INFO - [2026-08-29T15:09:28.875+0000] {dagbag.py:545} INFO - Filling up the DagBag from /opt/airflow/dags/lakehouse_pipeline.py
[2026-08-29T15:09:28.895+0000] {processor.py:840} INFO - DAG(s) 'lakehouse_pipeline' retrieved from /opt/airflow/dags/lakehouse_pipeline.py
[2026-08-29T15:09:28.933+0000] {logging_mixin.py:188} INFO - [2026-08-29T15:09:28.933+0000] {dag.py:3089} INFO - Sync 1 DAGs
[2026-08-29T15:09:28.944+0000] {logging_mixin.py:188} INFO - [2026-08-29T15:09:28.944+0000] {dag.py:3947} INFO - Setting next_dagrun for lakehouse_pipeline to None, run_after=None
[2026-08-29T15:09:28.962+0000] {processor.py:183} INFO - Processing /opt/airflow/dags/lakehouse_pipeline.py took 0.097 seconds
[2026-08-29T15:09:59.172+0000] {processor.py:161} INFO - Started process (PID=1162) to work on /opt/airflow/dags/lakehouse_pipeline.py
[2026-08-29T15:09:59.173+0000] {processor.py:830} INFO - Processing file /opt/airflow/dags/lakehouse_pipeline.py for tasks to queue
[2026-08-29T15:09:59.176+0000] {logging_mixin.py:188} INFO - [2026-08-29T15:09:59.176+0000] {dagbag.py:545} INFO - Filling up the DagBag from /opt/airflow/dags/lakehouse_pipeline.py
[2026-08-29T15:09:59.215+0000] {processor.py:840} INFO - DAG(s) 'lakehouse_pipeline' retrieved from /opt/airflow/dags/lakehouse_pipeline.py
[2026-08-29T15:09:59.334+0000] {logging_mixin.py:188} INFO - [2026-08-29T15:09:59.334+0000] {dag.py:3089} INFO - Sync 1 DAGs
[2026-08-29T15:09:59.362+0000] {logging_mixin.py:188} INFO - [2026-08-29T15:09:59.361+0000] {dag.py:3947} INFO - Setting next_dagrun for lakehouse_pipeline to None, run_after=None
[2026-08-29T15:09:59.401+0000] {processor.py:183} INFO - Processing /opt/airflow/dags/lakehouse_pipeline.py took 0.237 seconds
[2026-08-29T15:10:29.671+0000] {processor.py:161} INFO - Started process (PID=1167) to work on /opt/airflow/dags/lakehouse_pipeline.py
[2026-08-29T15:10:29.672+0000] {processor.py:830} INFO - Processing file /opt/airflow/dags/lakehouse_pipeline.py for tasks to queue
[2026-08-29T15:10:29.674+0000] {logging_mixin.py:188} INFO - [2026-08-29T15:10:29.674+0000] {dagbag.py:545} INFO - Filling up the DagBag from /opt/airflow/dags/lakehouse_pipeline.py
[2026-08-29T15:10:29.694+0000] {processor.py:840} INFO - DAG(s) 'lakehouse_pipeline' retrieved from /opt/airflow/dags/lakehouse_pipeline.py
[2026-08-29T15:10:29.733+0000] {logging_mixin.py:188} INFO - [2026-08-29T15:10:29.732+0000] {dag.py:3089} INFO - Sync 1 DAGs
[2026-08-29T15:10:29.744+0000] {logging_mixin.py:188} INFO - [2026-08-29T15:10:29.744+0000] {dag.py:3947} INFO - Setting next_dagrun for lakehouse_pipeline to None, run_after=None
[2026-08-29T15:10:29.762+0000] {processor.py:183} INFO - Processing /opt/airflow/dags/lakehouse_pipeline.py took 0.097 seconds
[2026-08-29T15:10:59.950+0000] {processor.py:161} INFO - Started process (PID=1172) to work on /opt/airflow/dags/lakehouse_pipeline.py
[2026-08-29T15:10:59.951+0000] {processor.py:830} INFO - Processing file /opt/airflow/dags/lakehouse_pipeline.py for tasks to queue
[2026-08-29T15:10:59.954+0000] {logging_mixin.py:188} INFO - [2026-08-29T15:10:59.953+0000] {dagbag.py:545} INFO - Filling up the DagBag from /opt/airflow/dags/lakehouse_pipeline.py
[2026-08-29T15:10:59.976+0000] {processor.py:840} INFO - DAG(s) 'lakehouse_pipeline' retrieved from /opt/airflow/dags/lakehouse_pipeline.py
[2026-08-29T15:11:00.023+0000] {logging_mixin.py:188} INFO - [2026-08-29T15:11:00.022+0000] {dag.py:3089} INFO - Sync 1 DAGs
[2026-08-29T15:11:00.037+0000] {logging_mixin.py:188} INFO - [2026-08-29T15:11:00.037+0000] {dag.py:3947} INFO - Setting next_dagrun for lakehouse_pipeline to None, run_after=None
[2026-08-29T15:11:00.062+0000] {processor.py:183} INFO - Processing /opt/airflow/dags/lakehouse_pipeline.py took 0.119 seconds
[2026-08-29T15:11:30.264+0000] {processor.py:161} INFO - Started process (PID=1177) to work on /opt/airflow/dags/lakehouse_pipeline.py
[2026-08-29T15:11:30.265+0000] {processor.py:830} INFO - Processing file /opt/airflow/dags/lakehouse_pipeline.py for tasks to queue
[2026-08-29T15:11:30.267+0000] {logging_mixin.py:188} INFO - [2026-08-29T15:11:30.266+0000] {dagbag.py:545} INFO - Filling up the DagBag from /opt/airflow/dags/lakehouse_pipeline.py
[2026-08-29T15:11:30.284+0000] {processor.py:840} INFO - DAG(s) 'lakehouse_pipeline' retrieved from /opt/airflow/dags/lakehouse_pipeline.py
[2026-08-29T15:11:30.324+0000] {logging_mixin.py:188} INFO - [2026-08-29T15:11:30.324+0000] {dag.py:3089} INFO - Sync 1 DAGs
[2026-08-29T15:11:30.336+0000] {logging_mixin.py:188} INFO - [2026-08-29T15:11:30.336+0000] {dag.py:3947} INFO - Setting next_dagrun for lakehouse_pipeline to None, run_after=None
[2026-08-29T15:11:30.356+0000] {processor.py:183} INFO - Processing /opt/airflow/dags/lakehouse_pipeline.py took 0.098 seconds
[2026-08-29T15:12:00.590+0000] {processor.py:161} INFO - Started process (PID=1182) to work on /opt/airflow/dags/lakehouse_pipeline.py
[2026-08-29T15:12:00.591+0000] {processor.py:830} INFO - Processing file /opt/airflow/dags/lakehouse_pipeline.py for tasks to queue
[2026-08-29T15:12:00.593+0000] {logging_mixin.py:188} INFO - [2026-08-29T15:12:00.592+0000] {dagbag.py:545} INFO - Filling up the DagBag from /opt/airflow/dags/lakehouse_pipeline.py
[2026-08-29T15:12:00.612+0000] {processor.py:840} INFO - DAG(s) 'lakehouse_pipeline' retrieved from /opt/airflow/dags/lakehouse_pipeline.py
[2026-08-29T15:12:00.651+0000] {logging_mixin.py:188} INFO - [2026-08-29T15:12:00.650+0000] {dag.py:3089} INFO - Sync 1 DAGs
[2026-08-29T15:12:00.662+0000] {logging_mixin.py:188} INFO - [2026-08-29T15:12:00.662+0000] {dag.py:3947} INFO - Setting next_dagrun for lakehouse_pipeline to None, run_after=None
[2026-08-29T15:12:00.680+0000] {processor.py:183} INFO - Processing /opt/airflow/dags/lakehouse_pipeline.py took 0.096 seconds
[2026-08-29T15:12:30.891+0000] {processor.py:161} INFO - Started process (PID=1187) to work on /opt/airflow/dags/lakehouse_pipeline.py
[2026-08-29T15:12:30.892+0000] {processor.py:830} INFO - Processing file /opt/airflow/dags/lakehouse_pipeline.py for tasks to queue
[2026-08-29T15:12:30.895+0000] {logging_mixin.py:188} INFO - [2026-08-29T15:12:30.894+0000] {dagbag.py:545} INFO - Filling up the DagBag from /opt/airflow/dags/lakehouse_pipeline.py
[2026-08-29T15:12:30.930+0000] {processor.py:840} INFO - DAG(s) 'lakehouse_pipeline' retrieved from /opt/airflow/dags/lakehouse_pipeline.py
[2026-08-29T15:12:30.979+0000] {logging_mixin.py:188} INFO - [2026-08-29T15:12:30.978+0000] {dag.py:3089} INFO - Sync 1 DAGs
[2026-08-29T15:12:30.995+0000] {logging_mixin.py:188} INFO - [2026-08-29T15:12:30.995+0000] {dag.py:3947} INFO - Setting next_dagrun for lakehouse_pipeline to None, run_after=None
[2026-08-29T15:12:31.019+0000] {processor.py:183} INFO - Processing /opt/airflow/dags/lakehouse_pipeline.py took 0.138 seconds
[2026-08-29T15:13:01.210+0000] {processor.py:161} INFO - Started process (PID=1192) to work on /opt/airflow/dags/lakehouse_pipeline.py
[2026-08-29T15:13:01.211+0000] {processor.py:830} INFO - Processing file /opt/airflow/dags/lakehouse_pipeline.py for tasks to queue
[2026-08-29T15:13:01.213+0000] {logging_mixin.py:188} INFO - [2026-08-29T15:13:01.213+0000] {dagbag.py:545} INFO - Filling up the DagBag from /opt/airflow/dags/lakehouse_pipeline.py
[2026-08-29T15:13:01.233+0000] {processor.py:840} INFO - DAG(s) 'lakehouse_pipeline' retrieved from /opt/airflow/dags/lakehouse_pipeline.py
[2026-08-29T15:13:01.271+0000] {logging_mixin.py:188} INFO - [2026-08-29T15:13:01.271+0000] {dag.py:3089} INFO - Sync 1 DAGs
[2026-08-29T15:13:01.283+0000] {logging_mixin.py:188} INFO - [2026-08-29T15:13:01.283+0000] {dag.py:3947} INFO - Setting next_dagrun for lakehouse_pipeline to None, run_after=None
[2026-08-29T15:13:01.301+0000] {processor.py:183} INFO - Processing /opt/airflow/dags/lakehouse_pipeline.py took 0.097 seconds
[2026-08-29T15:13:31.559+0000] {processor.py:161} INFO - Started process (PID=1197) to work on /opt/airflow/dags/lakehouse_pipeline.py
[2026-08-29T15:13:31.560+0000] {processor.py:830} INFO - Processing file /opt/airflow/dags/lakehouse_pipeline.py for tasks to queue
[2026-08-29T15:13:31.562+0000] {logging_mixin.py:188} INFO - [2026-08-29T15:13:31.562+0000] {dagbag.py:545} INFO - Filling up the DagBag from /opt/airflow/dags/lakehouse_pipeline.py
[2026-08-29T15:13:31.583+0000] {processor.py:840} INFO - DAG(s) 'lakehouse_pipeline' retrieved from /opt/airflow/dags/lakehouse_pipeline.py
[2026-08-29T15:13:31.623+0000] {logging_mixin.py:188} INFO - [2026-08-29T15:13:31.623+0000] {dag.py:3089} INFO - Sync 1 DAGs
[2026-08-29T15:13:31.636+0000] {logging_mixin.py:188} INFO - [2026-08-29T15:13:31.636+0000] {dag.py:3947} INFO - Setting next_dagrun for lakehouse_pipeline to None, run_after=None
[2026-08-29T15:13:31.656+0000] {processor.py:183} INFO - Processing /opt/airflow/dags/lakehouse_pipeline.py took 0.105 seconds
[2026-08-29T15:14:01.833+0000] {processor.py:161} INFO - Started process (PID=1202) to work on /opt/airflow/dags/lakehouse_pipeline.py
[2026-08-29T15:14:01.833+0000] {processor.py:830} INFO - Processing file /opt/airflow/dags/lakehouse_pipeline.py for tasks to queue
[2026-08-29T15:14:01.835+0000] {logging_mixin.py:188} INFO - [2026-08-29T15:14:01.835+0000] {dagbag.py:545} INFO - Filling up the DagBag from /opt/airflow/dags/lakehouse_pipeline.py
[2026-08-29T15:14:01.857+0000] {processor.py:840} INFO - DAG(s) 'lakehouse_pipeline' retrieved from /opt/airflow/dags/lakehouse_pipeline.py
[2026-08-29T15:14:01.921+0000] {logging_mixin.py:188} INFO - [2026-08-29T15:14:01.920+0000] {dag.py:3089} INFO - Sync 1 DAGs
[2026-08-29T15:14:01.937+0000] {logging_mixin.py:188} INFO - [2026-08-29T15:14:01.937+0000] {dag.py:3947} INFO - Setting next_dagrun for lakehouse_pipeline to None, run_after=None
[2026-08-29T15:14:01.960+0000] {processor.py:183} INFO - Processing /opt/airflow/dags/lakehouse_pipeline.py took 0.134 seconds
[2026-08-29T15:14:32.246+0000] {processor.py:161} INFO - Started process (PID=1207) to work on /opt/airflow/dags/lakehouse_pipeline.py
[2026-08-29T15:14:32.246+0000] {processor.py:830} INFO - Processing file /opt/airflow/dags/lakehouse_pipeline.py for tasks to queue
[2026-08-29T15:14:32.248+0000] {logging_mixin.py:188} INFO - [2026-08-29T15:14:32.248+0000] {dagbag.py:545} INFO - Filling up the DagBag from /opt/airflow/dags/lakehouse_pipeline.py
[2026-08-29T15:14:32.267+0000] {processor.py:840} INFO - DAG(s) 'lakehouse_pipeline' retrieved from /opt/airflow/dags/lakehouse_pipeline.py
[2026-08-29T15:14:32.306+0000] {logging_mixin.py:188} INFO - [2026-08-29T15:14:32.306+0000] {dag.py:3089} INFO - Sync 1 DAGs
[2026-08-29T15:14:32.317+0000] {logging_mixin.py:188} INFO - [2026-08-29T15:14:32.317+0000] {dag.py:3947} INFO - Setting next_dagrun for lakehouse_pipeline to None, run_after=None
[2026-08-29T15:14:32.335+0000] {processor.py:183} INFO - Processing /opt/airflow/dags/lakehouse_pipeline.py took 0.095 seconds
[2026-08-29T15:15:02.528+0000] {processor.py:161} INFO - Started process (PID=1212) to work on /opt/airflow/dags/lakehouse_pipeline.py
[2026-08-29T15:15:02.529+0000] {processor.py:830} INFO - Processing file /opt/airflow/dags/lakehouse_pipeline.py for tasks to queue
[2026-08-29T15:15:02.531+0000] {logging_mixin.py:188} INFO - [2026-08-29T15:15:02.530+0000] {dagbag.py:545} INFO - Filling up the DagBag from /opt/airflow/dags/lakehouse_pipeline.py
[2026-08-29T15:15:02.550+0000] {processor.py:840} INFO - DAG(s) 'lakehouse_pipeline' retrieved from /opt/airflow/dags/lakehouse_pipeline.py
[2026-08-29T15:15:02.591+0000] {logging_mixin.py:188} INFO - [2026-08-29T15:15:02.590+0000] {dag.py:3089} INFO - Sync 1 DAGs
[2026-08-29T15:15:02.602+0000] {logging_mixin.py:188} INFO - [2026-08-29T15:15:02.602+0000] {dag.py:3947} INFO - Setting next_dagrun for lakehouse_pipeline to None, run_after=None
[2026-08-29T15:15:02.628+0000] {processor.py:183} INFO - Processing /opt/airflow/dags/lakehouse_pipeline.py took 0.107 seconds
[2026-08-29T15:15:32.844+0000] {processor.py:161} INFO - Started process (PID=1217) to work on /opt/airflow/dags/lakehouse_pipeline.py
[2026-08-29T15:15:32.845+0000] {processor.py:830} INFO - Processing file /opt/airflow/dags/lakehouse_pipeline.py for tasks to queue
[2026-08-29T15:15:32.847+0000] {logging_mixin.py:188} INFO - [2026-08-29T15:15:32.847+0000] {dagbag.py:545} INFO - Filling up the DagBag from /opt/airflow/dags/lakehouse_pipeline.py
[2026-08-29T15:15:32.866+0000] {processor.py:840} INFO - DAG(s) 'lakehouse_pipeline' retrieved from /opt/airflow/dags/lakehouse_pipeline.py
[2026-08-29T15:15:32.905+0000] {logging_mixin.py:188} INFO - [2026-08-29T15:15:32.905+0000] {dag.py:3089} INFO - Sync 1 DAGs
[2026-08-29T15:15:32.917+0000] {logging_mixin.py:188} INFO - [2026-08-29T15:15:32.917+0000] {dag.py:3947} INFO - Setting next_dagrun for lakehouse_pipeline to None, run_after=None
[2026-08-29T15:15:32.935+0000] {processor.py:183} INFO - Processing /opt/airflow/dags/lakehouse_pipeline.py took 0.098 seconds
[2026-08-29T15:16:03.125+0000] {processor.py:161} INFO - Started process (PID=1222) to work on /opt/airflow/dags/lakehouse_pipeline.py
[2026-08-29T15:16:03.126+0000] {processor.py:830} INFO - Processing file /opt/airflow/dags/lakehouse_pipeline.py for tasks to queue
[2026-08-29T15:16:03.128+0000] {logging_mixin.py:188} INFO - [2026-08-29T15:16:03.127+0000] {dagbag.py:545} INFO - Filling up the DagBag from /opt/airflow/dags/lakehouse_pipeline.py
[2026-08-29T15:16:03.152+0000] {processor.py:840} INFO - DAG(s) 'lakehouse_pipeline' retrieved from /opt/airflow/dags/lakehouse_pipeline.py
[2026-08-29T15:16:03.197+0000] {logging_mixin.py:188} INFO - [2026-08-29T15:16:03.196+0000] {dag.py:3089} INFO - Sync 1 DAGs
[2026-08-29T15:16:03.208+0000] {logging_mixin.py:188} INFO - [2026-08-29T15:16:03.208+0000] {dag.py:3947} INFO - Setting next_dagrun for lakehouse_pipeline to None, run_after=None
[2026-08-29T15:16:03.234+0000] {processor.py:183} INFO - Processing /opt/airflow/dags/lakehouse_pipeline.py took 0.117 seconds
[2026-08-29T15:16:33.457+0000] {processor.py:161} INFO - Started process (PID=1227) to work on /opt/airflow/dags/lakehouse_pipeline.py
[2026-08-29T15:16:33.457+0000] {processor.py:830} INFO - Processing file /opt/airflow/dags/lakehouse_pipeline.py for tasks to queue
[2026-08-29T15:16:33.459+0000] {logging_mixin.py:188} INFO - [2026-08-29T15:16:33.459+0000] {dagbag.py:545} INFO - Filling up the DagBag from /opt/airflow/dags/lakehouse_pipeline.py
[2026-08-29T15:16:33.478+0000] {processor.py:840} INFO - DAG(s) 'lakehouse_pipeline' retrieved from /opt/airflow/dags/lakehouse_pipeline.py
[2026-08-29T15:16:33.520+0000] {logging_mixin.py:188} INFO - [2026-08-29T15:16:33.520+0000] {dag.py:3089} INFO - Sync 1 DAGs
[2026-08-29T15:16:33.532+0000] {logging_mixin.py:188} INFO - [2026-08-29T15:16:33.531+0000] {dag.py:3947} INFO - Setting next_dagrun for lakehouse_pipeline to None, run_after=None
[2026-08-29T15:16:33.552+0000] {processor.py:183} INFO - Processing /opt/airflow/dags/lakehouse_pipeline.py took 0.102 seconds
[2026-08-29T15:17:03.744+0000] {processor.py:161} INFO - Started process (PID=1232) to work on /opt/airflow/dags/lakehouse_pipeline.py
[2026-08-29T15:17:03.745+0000] {processor.py:830} INFO - Processing file /opt/airflow/dags/lakehouse_pipeline.py for tasks to queue
[2026-08-29T15:17:03.747+0000] {logging_mixin.py:188} INFO - [2026-08-29T15:17:03.747+0000] {dagbag.py:545} INFO - Filling up the DagBag from /opt/airflow/dags/lakehouse_pipeline.py
[2026-08-29T15:17:03.767+0000] {processor.py:840} INFO - DAG(s) 'lakehouse_pipeline' retrieved from /opt/airflow/dags/lakehouse_pipeline.py
[2026-08-29T15:17:03.806+0000] {logging_mixin.py:188} INFO - [2026-08-29T15:17:03.806+0000] {dag.py:3089} INFO - Sync 1 DAGs
[2026-08-29T15:17:03.818+0000] {logging_mixin.py:188} INFO - [2026-08-29T15:17:03.818+0000] {dag.py:3947} INFO - Setting next_dagrun for lakehouse_pipeline to None, run_after=None
[2026-08-29T15:17:03.836+0000] {processor.py:183} INFO - Processing /opt/airflow/dags/lakehouse_pipeline.py took 0.098 seconds
[2026-08-29T15:17:34.130+0000] {processor.py:161} INFO - Started process (PID=1237) to work on /opt/airflow/dags/lakehouse_pipeline.py
[2026-08-29T15:17:34.131+0000] {processor.py:830} INFO - Processing file /opt/airflow/dags/lakehouse_pipeline.py for tasks to queue
[2026-08-29T15:17:34.133+0000] {logging_mixin.py:188} INFO - [2026-08-29T15:17:34.132+0000] {dagbag.py:545} INFO - Filling up the DagBag from /opt/airflow/dags/lakehouse_pipeline.py
[2026-08-29T15:17:34.152+0000] {processor.py:840} INFO - DAG(s) 'lakehouse_pipeline' retrieved from /opt/airflow/dags/lakehouse_pipeline.py
[2026-08-29T15:17:34.191+0000] {logging_mixin.py:188} INFO - [2026-08-29T15:17:34.191+0000] {dag.py:3089} INFO - Sync 1 DAGs
[2026-08-29T15:17:34.203+0000] {logging_mixin.py:188} INFO - [2026-08-29T15:17:34.203+0000] {dag.py:3947} INFO - Setting next_dagrun for lakehouse_pipeline to None, run_after=None
[2026-08-29T15:17:34.220+0000] {processor.py:183} INFO - Processing /opt/airflow/dags/lakehouse_pipeline.py took 0.097 seconds
[2026-08-29T15:18:04.416+0000] {processor.py:161} INFO - Started process (PID=1242) to work on /opt/airflow/dags/lakehouse_pipeline.py
[2026-08-29T15:18:04.417+0000] {processor.py:830} INFO - Processing file /opt/airflow/dags/lakehouse_pipeline.py for tasks to queue
[2026-08-29T15:18:04.419+0000] {logging_mixin.py:188} INFO - [2026-08-29T15:18:04.419+0000] {dagbag.py:545} INFO - Filling up the DagBag from /opt/airflow/dags/lakehouse_pipeline.py
[2026-08-29T15:18:04.438+0000] {processor.py:840} INFO - DAG(s) 'lakehouse_pipeline' retrieved from /opt/airflow/dags/lakehouse_pipeline.py
[2026-08-29T15:18:04.480+0000] {logging_mixin.py:188} INFO - [2026-08-29T15:18:04.480+0000] {dag.py:3089} INFO - Sync 1 DAGs
[2026-08-29T15:18:04.492+0000] {logging_mixin.py:188} INFO - [2026-08-29T15:18:04.492+0000] {dag.py:3947} INFO - Setting next_dagrun for lakehouse_pipeline to None, run_after=None
[2026-08-29T15:18:04.519+0000] {processor.py:183} INFO - Processing /opt/airflow/dags/lakehouse_pipeline.py took 0.109 seconds
[2026-08-29T15:18:34.728+0000] {processor.py:161} INFO - Started process (PID=1247) to work on /opt/airflow/dags/lakehouse_pipeline.py
[2026-08-29T15:18:34.729+0000] {processor.py:830} INFO - Processing file /opt/airflow/dags/lakehouse_pipeline.py for tasks to queue
[2026-08-29T15:18:34.731+0000] {logging_mixin.py:188} INFO - [2026-08-29T15:18:34.730+0000] {dagbag.py:545} INFO - Filling up the DagBag from /opt/airflow/dags/lakehouse_pipeline.py
[2026-08-29T15:18:34.750+0000] {processor.py:840} INFO - DAG(s) 'lakehouse_pipeline' retrieved from /opt/airflow/dags/lakehouse_pipeline.py
[2026-08-29T15:18:34.789+0000] {logging_mixin.py:188} INFO - [2026-08-29T15:18:34.789+0000] {dag.py:3089} INFO - Sync 1 DAGs
[2026-08-29T15:18:34.800+0000] {logging_mixin.py:188} INFO - [2026-08-29T15:18:34.800+0000] {dag.py:3947} INFO - Setting next_dagrun for lakehouse_pipeline to None, run_after=None
[2026-08-29T15:18:34.818+0000] {processor.py:183} INFO - Processing /opt/airflow/dags/lakehouse_pipeline.py took 0.097 seconds
[2026-08-29T15:19:05.030+0000] {processor.py:161} INFO - Started process (PID=1252) to work on /opt/airflow/dags/lakehouse_pipeline.py
[2026-08-29T15:19:05.031+0000] {processor.py:830} INFO - Processing file /opt/airflow/dags/lakehouse_pipeline.py for tasks to queue
[2026-08-29T15:19:05.033+0000] {logging_mixin.py:188} INFO - [2026-08-29T15:19:05.032+0000] {dagbag.py:545} INFO - Filling up the DagBag from /opt/airflow/dags/lakehouse_pipeline.py
[2026-08-29T15:19:05.052+0000] {processor.py:840} INFO - DAG(s) 'lakehouse_pipeline' retrieved from /opt/airflow/dags/lakehouse_pipeline.py
[2026-08-29T15:19:05.090+0000] {logging_mixin.py:188} INFO - [2026-08-29T15:19:05.090+0000] {dag.py:3089} INFO - Sync 1 DAGs
[2026-08-29T15:19:05.102+0000] {logging_mixin.py:188} INFO - [2026-08-29T15:19:05.102+0000] {dag.py:3947} INFO - Setting next_dagrun for lakehouse_pipeline to None, run_after=None
[2026-08-29T15:19:05.121+0000] {processor.py:183} INFO - Processing /opt/airflow/dags/lakehouse_pipeline.py took 0.096 seconds
[2026-08-29T15:19:35.303+0000] {processor.py:161} INFO - Started process (PID=1257) to work on /opt/airflow/dags/lakehouse_pipeline.py
[2026-08-29T15:19:35.304+0000] {processor.py:830} INFO - Processing file /opt/airflow/dags/lakehouse_pipeline.py for tasks to queue
[2026-08-29T15:19:35.306+0000] {logging_mixin.py:188} INFO - [2026-08-29T15:19:35.306+0000] {dagbag.py:545} INFO - Filling up the DagBag from /opt/airflow/dags/lakehouse_pipeline.py
[2026-08-29T15:19:35.325+0000] {processor.py:840} INFO - DAG(s) 'lakehouse_pipeline' retrieved from /opt/airflow/dags/lakehouse_pipeline.py
[2026-08-29T15:19:35.364+0000] {logging_mixin.py:188} INFO - [2026-08-29T15:19:35.363+0000] {dag.py:3089} INFO - Sync 1 DAGs
[2026-08-29T15:19:35.376+0000] {logging_mixin.py:188} INFO - [2026-08-29T15:19:35.375+0000] {dag.py:3947} INFO - Setting next_dagrun for lakehouse_pipeline to None, run_after=None
[2026-08-29T15:19:35.393+0000] {processor.py:183} INFO - Processing /opt/airflow/dags/lakehouse_pipeline.py took 0.097 seconds
[2026-08-29T15:20:05.644+0000] {processor.py:161} INFO - Started process (PID=1262) to work on /opt/airflow/dags/lakehouse_pipeline.py
[2026-08-29T15:20:05.644+0000] {processor.py:830} INFO - Processing file /opt/airflow/dags/lakehouse_pipeline.py for tasks to queue
[2026-08-29T15:20:05.646+0000] {logging_mixin.py:188} INFO - [2026-08-29T15:20:05.646+0000] {dagbag.py:545} INFO - Filling up the DagBag from /opt/airflow/dags/lakehouse_pipeline.py
[2026-08-29T15:20:05.665+0000] {processor.py:840} INFO - DAG(s) 'lakehouse_pipeline' retrieved from /opt/airflow/dags/lakehouse_pipeline.py
[2026-08-29T15:20:05.704+0000] {logging_mixin.py:188} INFO - [2026-08-29T15:20:05.704+0000] {dag.py:3089} INFO - Sync 1 DAGs
[2026-08-29T15:20:05.716+0000] {logging_mixin.py:188} INFO - [2026-08-29T15:20:05.716+0000] {dag.py:3947} INFO - Setting next_dagrun for lakehouse_pipeline to None, run_after=None
[2026-08-29T15:20:05.733+0000] {processor.py:183} INFO - Processing /opt/airflow/dags/lakehouse_pipeline.py took 0.095 seconds
[2026-08-29T15:20:35.922+0000] {processor.py:161} INFO - Started process (PID=1267) to work on /opt/airflow/dags/lakehouse_pipeline.py
[2026-08-29T15:20:35.923+0000] {processor.py:830} INFO - Processing file /opt/airflow/dags/lakehouse_pipeline.py for tasks to queue
[2026-08-29T15:20:35.925+0000] {logging_mixin.py:188} INFO - [2026-08-29T15:20:35.925+0000] {dagbag.py:545} INFO - Filling up the DagBag from /opt/airflow/dags/lakehouse_pipeline.py
[2026-08-29T15:20:35.951+0000] {processor.py:840} INFO - DAG(s) 'lakehouse_pipeline' retrieved from /opt/airflow/dags/lakehouse_pipeline.py
[2026-08-29T15:20:35.990+0000] {logging_mixin.py:188} INFO - [2026-08-29T15:20:35.990+0000] {dag.py:3089} INFO - Sync 1 DAGs
[2026-08-29T15:20:36.002+0000] {logging_mixin.py:188} INFO - [2026-08-29T15:20:36.002+0000] {dag.py:3947} INFO - Setting next_dagrun for lakehouse_pipeline to None, run_after=None
[2026-08-29T15:20:36.028+0000] {processor.py:183} INFO - Processing /opt/airflow/dags/lakehouse_pipeline.py took 0.113 seconds
[2026-08-29T15:21:06.252+0000] {processor.py:161} INFO - Started process (PID=1272) to work on /opt/airflow/dags/lakehouse_pipeline.py
[2026-08-29T15:21:06.252+0000] {processor.py:830} INFO - Processing file /opt/airflow/dags/lakehouse_pipeline.py for tasks to queue
[2026-08-29T15:21:06.254+0000] {logging_mixin.py:188} INFO - [2026-08-29T15:21:06.254+0000] {dagbag.py:545} INFO - Filling up the DagBag from /opt/airflow/dags/lakehouse_pipeline.py
[2026-08-29T15:21:06.276+0000] {processor.py:840} INFO - DAG(s) 'lakehouse_pipeline' retrieved from /opt/airflow/dags/lakehouse_pipeline.py
[2026-08-29T15:21:06.315+0000] {logging_mixin.py:188} INFO - [2026-08-29T15:21:06.315+0000] {dag.py:3089} INFO - Sync 1 DAGs
[2026-08-29T15:21:06.327+0000] {logging_mixin.py:188} INFO - [2026-08-29T15:21:06.326+0000] {dag.py:3947} INFO - Setting next_dagrun for lakehouse_pipeline to None, run_after=None
[2026-08-29T15:21:06.347+0000] {processor.py:183} INFO - Processing /opt/airflow/dags/lakehouse_pipeline.py took 0.101 seconds
[2026-08-29T15:21:36.566+0000] {processor.py:161} INFO - Started process (PID=1277) to work on /opt/airflow/dags/lakehouse_pipeline.py
[2026-08-29T15:21:36.566+0000] {processor.py:830} INFO - Processing file /opt/airflow/dags/lakehouse_pipeline.py for tasks to queue
[2026-08-29T15:21:36.568+0000] {logging_mixin.py:188} INFO - [2026-08-29T15:21:36.568+0000] {dagbag.py:545} INFO - Filling up the DagBag from /opt/airflow/dags/lakehouse_pipeline.py
[2026-08-29T15:21:36.587+0000] {processor.py:840} INFO - DAG(s) 'lakehouse_pipeline' retrieved from /opt/airflow/dags/lakehouse_pipeline.py
[2026-08-29T15:21:36.627+0000] {logging_mixin.py:188} INFO - [2026-08-29T15:21:36.627+0000] {dag.py:3089} INFO - Sync 1 DAGs
[2026-08-29T15:21:36.638+0000] {logging_mixin.py:188} INFO - [2026-08-29T15:21:36.638+0000] {dag.py:3947} INFO - Setting next_dagrun for lakehouse_pipeline to None, run_after=None
[2026-08-29T15:21:36.658+0000] {processor.py:183} INFO - Processing /opt/airflow/dags/lakehouse_pipeline.py took 0.099 seconds
[2026-08-29T15:22:06.899+0000] {processor.py:161} INFO - Started process (PID=1282) to work on /opt/airflow/dags/lakehouse_pipeline.py
[2026-08-29T15:22:06.900+0000] {processor.py:830} INFO - Processing file /opt/airflow/dags/lakehouse_pipeline.py for tasks to queue
[2026-08-29T15:22:06.902+0000] {logging_mixin.py:188} INFO - [2026-08-29T15:22:06.902+0000] {dagbag.py:545} INFO - Filling up the DagBag from /opt/airflow/dags/lakehouse_pipeline.py
[2026-08-29T15:22:06.921+0000] {processor.py:840} INFO - DAG(s) 'lakehouse_pipeline' retrieved from /opt/airflow/dags/lakehouse_pipeline.py
[2026-08-29T15:22:06.960+0000] {logging_mixin.py:188} INFO - [2026-08-29T15:22:06.960+0000] {dag.py:3089} INFO - Sync 1 DAGs
[2026-08-29T15:22:06.972+0000] {logging_mixin.py:188} INFO - [2026-08-29T15:22:06.971+0000] {dag.py:3947} INFO - Setting next_dagrun for lakehouse_pipeline to None, run_after=None
[2026-08-29T15:22:06.997+0000] {processor.py:183} INFO - Processing /opt/airflow/dags/lakehouse_pipeline.py took 0.104 seconds
[2026-08-29T15:22:37.137+0000] {processor.py:161} INFO - Started process (PID=1287) to work on /opt/airflow/dags/lakehouse_pipeline.py
[2026-08-29T15:22:37.138+0000] {processor.py:830} INFO - Processing file /opt/airflow/dags/lakehouse_pipeline.py for tasks to queue
[2026-08-29T15:22:37.140+0000] {logging_mixin.py:188} INFO - [2026-08-29T15:22:37.140+0000] {dagbag.py:545} INFO - Filling up the DagBag from /opt/airflow/dags/lakehouse_pipeline.py
[2026-08-29T15:22:37.159+0000] {processor.py:840} INFO - DAG(s) 'lakehouse_pipeline' retrieved from /opt/airflow/dags/lakehouse_pipeline.py
[2026-08-29T15:22:37.206+0000] {logging_mixin.py:188} INFO - [2026-08-29T15:22:37.206+0000] {dag.py:3089} INFO - Sync 1 DAGs
[2026-08-29T15:22:37.226+0000] {logging_mixin.py:188} INFO - [2026-08-29T15:22:37.226+0000] {dag.py:3947} INFO - Setting next_dagrun for lakehouse_pipeline to None, run_after=None
[2026-08-29T15:22:37.247+0000] {processor.py:183} INFO - Processing /opt/airflow/dags/lakehouse_pipeline.py took 0.116 seconds
[2026-08-29T15:23:07.518+0000] {processor.py:161} INFO - Started process (PID=1292) to work on /opt/airflow/dags/lakehouse_pipeline.py
[2026-08-29T15:23:07.519+0000] {processor.py:830} INFO - Processing file /opt/airflow/dags/lakehouse_pipeline.py for tasks to queue
[2026-08-29T15:23:07.521+0000] {logging_mixin.py:188} INFO - [2026-08-29T15:23:07.521+0000] {dagbag.py:545} INFO - Filling up the DagBag from /opt/airflow/dags/lakehouse_pipeline.py
[2026-08-29T15:23:07.539+0000] {processor.py:840} INFO - DAG(s) 'lakehouse_pipeline' retrieved from /opt/airflow/dags/lakehouse_pipeline.py
[2026-08-29T15:23:07.578+0000] {logging_mixin.py:188} INFO - [2026-08-29T15:23:07.578+0000] {dag.py:3089} INFO - Sync 1 DAGs
[2026-08-29T15:23:07.590+0000] {logging_mixin.py:188} INFO - [2026-08-29T15:23:07.590+0000] {dag.py:3947} INFO - Setting next_dagrun for lakehouse_pipeline to None, run_after=None
[2026-08-29T15:23:07.614+0000] {processor.py:183} INFO - Processing /opt/airflow/dags/lakehouse_pipeline.py took 0.101 seconds
[2026-08-29T15:23:37.820+0000] {processor.py:161} INFO - Started process (PID=1297) to work on /opt/airflow/dags/lakehouse_pipeline.py
[2026-08-29T15:23:37.821+0000] {processor.py:830} INFO - Processing file /opt/airflow/dags/lakehouse_pipeline.py for tasks to queue
[2026-08-29T15:23:37.823+0000] {logging_mixin.py:188} INFO - [2026-08-29T15:23:37.823+0000] {dagbag.py:545} INFO - Filling up the DagBag from /opt/airflow/dags/lakehouse_pipeline.py
[2026-08-29T15:23:37.849+0000] {processor.py:840} INFO - DAG(s) 'lakehouse_pipeline' retrieved from /opt/airflow/dags/lakehouse_pipeline.py
[2026-08-29T15:23:37.894+0000] {logging_mixin.py:188} INFO - [2026-08-29T15:23:37.893+0000] {dag.py:3089} INFO - Sync 1 DAGs
[2026-08-29T15:23:37.908+0000] {logging_mixin.py:188} INFO - [2026-08-29T15:23:37.908+0000] {dag.py:3947} INFO - Setting next_dagrun for lakehouse_pipeline to None, run_after=None
[2026-08-29T15:23:37.933+0000] {processor.py:183} INFO - Processing /opt/airflow/dags/lakehouse_pipeline.py took 0.121 seconds
[2026-08-29T15:24:08.169+0000] {processor.py:161} INFO - Started process (PID=1302) to work on /opt/airflow/dags/lakehouse_pipeline.py
[2026-08-29T15:24:08.170+0000] {processor.py:830} INFO - Processing file /opt/airflow/dags/lakehouse_pipeline.py for tasks to queue
[2026-08-29T15:24:08.171+0000] {logging_mixin.py:188} INFO - [2026-08-29T15:24:08.171+0000] {dagbag.py:545} INFO - Filling up the DagBag from /opt/airflow/dags/lakehouse_pipeline.py
[2026-08-29T15:24:08.191+0000] {processor.py:840} INFO - DAG(s) 'lakehouse_pipeline' retrieved from /opt/airflow/dags/lakehouse_pipeline.py
[2026-08-29T15:24:08.229+0000] {logging_mixin.py:188} INFO - [2026-08-29T15:24:08.228+0000] {dag.py:3089} INFO - Sync 1 DAGs
[2026-08-29T15:24:08.241+0000] {logging_mixin.py:188} INFO - [2026-08-29T15:24:08.240+0000] {dag.py:3947} INFO - Setting next_dagrun for lakehouse_pipeline to None, run_after=None
[2026-08-29T15:24:08.258+0000] {processor.py:183} INFO - Processing /opt/airflow/dags/lakehouse_pipeline.py took 0.096 seconds
[2026-08-29T15:24:38.541+0000] {processor.py:161} INFO - Started process (PID=1307) to work on /opt/airflow/dags/lakehouse_pipeline.py
[2026-08-29T15:24:38.542+0000] {processor.py:830} INFO - Processing file /opt/airflow/dags/lakehouse_pipeline.py for tasks to queue
[2026-08-29T15:24:38.544+0000] {logging_mixin.py:188} INFO - [2026-08-29T15:24:38.544+0000] {dagbag.py:545} INFO - Filling up the DagBag from /opt/airflow/dags/lakehouse_pipeline.py
[2026-08-29T15:24:38.564+0000] {processor.py:840} INFO - DAG(s) 'lakehouse_pipeline' retrieved from /opt/airflow/dags/lakehouse_pipeline.py
[2026-08-29T15:24:38.602+0000] {logging_mixin.py:188} INFO - [2026-08-29T15:24:38.602+0000] {dag.py:3089} INFO - Sync 1 DAGs
[2026-08-29T15:24:38.613+0000] {logging_mixin.py:188} INFO - [2026-08-29T15:24:38.613+0000] {dag.py:3947} INFO - Setting next_dagrun for lakehouse_pipeline to None, run_after=None
[2026-08-29T15:24:38.643+0000] {processor.py:183} INFO - Processing /opt/airflow/dags/lakehouse_pipeline.py took 0.107 seconds
[2026-08-29T15:25:08.811+0000] {processor.py:161} INFO - Started process (PID=1312) to work on /opt/airflow/dags/lakehouse_pipeline.py
[2026-08-29T15:25:08.812+0000] {processor.py:830} INFO - Processing file /opt/airflow/dags/lakehouse_pipeline.py for tasks to queue
[2026-08-29T15:25:08.815+0000] {logging_mixin.py:188} INFO - [2026-08-29T15:25:08.814+0000] {dagbag.py:545} INFO - Filling up the DagBag from /opt/airflow/dags/lakehouse_pipeline.py
[2026-08-29T15:25:08.845+0000] {processor.py:840} INFO - DAG(s) 'lakehouse_pipeline' retrieved from /opt/airflow/dags/lakehouse_pipeline.py
[2026-08-29T15:25:08.903+0000] {logging_mixin.py:188} INFO - [2026-08-29T15:25:08.902+0000] {dag.py:3089} INFO - Sync 1 DAGs
[2026-08-29T15:25:08.921+0000] {logging_mixin.py:188} INFO - [2026-08-29T15:25:08.921+0000] {dag.py:3947} INFO - Setting next_dagrun for lakehouse_pipeline to None, run_after=None
[2026-08-29T15:25:08.947+0000] {processor.py:183} INFO - Processing /opt/airflow/dags/lakehouse_pipeline.py took 0.146 seconds
[2026-08-29T15:25:39.159+0000] {processor.py:161} INFO - Started process (PID=1317) to work on /opt/airflow/dags/lakehouse_pipeline.py
[2026-08-29T15:25:39.159+0000] {processor.py:830} INFO - Processing file /opt/airflow/dags/lakehouse_pipeline.py for tasks to queue
[2026-08-29T15:25:39.161+0000] {logging_mixin.py:188} INFO - [2026-08-29T15:25:39.161+0000] {dagbag.py:545} INFO - Filling up the DagBag from /opt/airflow/dags/lakehouse_pipeline.py
[2026-08-29T15:25:39.181+0000] {processor.py:840} INFO - DAG(s) 'lakehouse_pipeline' retrieved from /opt/airflow/dags/lakehouse_pipeline.py
[2026-08-29T15:25:39.220+0000] {logging_mixin.py:188} INFO - [2026-08-29T15:25:39.220+0000] {dag.py:3089} INFO - Sync 1 DAGs
[2026-08-29T15:25:39.231+0000] {logging_mixin.py:188} INFO - [2026-08-29T15:25:39.231+0000] {dag.py:3947} INFO - Setting next_dagrun for lakehouse_pipeline to None, run_after=None
[2026-08-29T15:25:39.251+0000] {processor.py:183} INFO - Processing /opt/airflow/dags/lakehouse_pipeline.py took 0.099 seconds
[2026-08-29T15:26:09.486+0000] {processor.py:161} INFO - Started process (PID=1322) to work on /opt/airflow/dags/lakehouse_pipeline.py
[2026-08-29T15:26:09.487+0000] {processor.py:830} INFO - Processing file /opt/airflow/dags/lakehouse_pipeline.py for tasks to queue
[2026-08-29T15:26:09.489+0000] {logging_mixin.py:188} INFO - [2026-08-29T15:26:09.489+0000] {dagbag.py:545} INFO - Filling up the DagBag from /opt/airflow/dags/lakehouse_pipeline.py
[2026-08-29T15:26:09.511+0000] {processor.py:840} INFO - DAG(s) 'lakehouse_pipeline' retrieved from /opt/airflow/dags/lakehouse_pipeline.py
[2026-08-29T15:26:09.549+0000] {logging_mixin.py:188} INFO - [2026-08-29T15:26:09.549+0000] {dag.py:3089} INFO - Sync 1 DAGs
[2026-08-29T15:26:09.561+0000] {logging_mixin.py:188} INFO - [2026-08-29T15:26:09.560+0000] {dag.py:3947} INFO - Setting next_dagrun for lakehouse_pipeline to None, run_after=None
[2026-08-29T15:26:09.579+0000] {processor.py:183} INFO - Processing /opt/airflow/dags/lakehouse_pipeline.py took 0.100 seconds
[2026-08-29T15:26:39.806+0000] {processor.py:161} INFO - Started process (PID=1327) to work on /opt/airflow/dags/lakehouse_pipeline.py
[2026-08-29T15:26:39.807+0000] {processor.py:830} INFO - Processing file /opt/airflow/dags/lakehouse_pipeline.py for tasks to queue
[2026-08-29T15:26:39.809+0000] {logging_mixin.py:188} INFO - [2026-08-29T15:26:39.809+0000] {dagbag.py:545} INFO - Filling up the DagBag from /opt/airflow/dags/lakehouse_pipeline.py
[2026-08-29T15:26:39.829+0000] {processor.py:840} INFO - DAG(s) 'lakehouse_pipeline' retrieved from /opt/airflow/dags/lakehouse_pipeline.py
[2026-08-29T15:26:39.868+0000] {logging_mixin.py:188} INFO - [2026-08-29T15:26:39.868+0000] {dag.py:3089} INFO - Sync 1 DAGs
[2026-08-29T15:26:39.879+0000] {logging_mixin.py:188} INFO - [2026-08-29T15:26:39.879+0000] {dag.py:3947} INFO - Setting next_dagrun for lakehouse_pipeline to None, run_after=None
[2026-08-29T15:26:39.897+0000] {processor.py:183} INFO - Processing /opt/airflow/dags/lakehouse_pipeline.py took 0.098 seconds
[2026-08-29T15:27:10.153+0000] {processor.py:161} INFO - Started process (PID=1332) to work on /opt/airflow/dags/lakehouse_pipeline.py
[2026-08-29T15:27:10.155+0000] {processor.py:830} INFO - Processing file /opt/airflow/dags/lakehouse_pipeline.py for tasks to queue
[2026-08-29T15:27:10.160+0000] {logging_mixin.py:188} INFO - [2026-08-29T15:27:10.160+0000] {dagbag.py:545} INFO - Filling up the DagBag from /opt/airflow/dags/lakehouse_pipeline.py
[2026-08-29T15:27:10.214+0000] {processor.py:840} INFO - DAG(s) 'lakehouse_pipeline' retrieved from /opt/airflow/dags/lakehouse_pipeline.py
[2026-08-29T15:27:10.277+0000] {logging_mixin.py:188} INFO - [2026-08-29T15:27:10.277+0000] {dag.py:3089} INFO - Sync 1 DAGs
[2026-08-29T15:27:10.289+0000] {logging_mixin.py:188} INFO - [2026-08-29T15:27:10.288+0000] {dag.py:3947} INFO - Setting next_dagrun for lakehouse_pipeline to None, run_after=None
[2026-08-29T15:27:10.318+0000] {processor.py:183} INFO - Processing /opt/airflow/dags/lakehouse_pipeline.py took 0.182 seconds
[2026-08-29T15:27:40.452+0000] {processor.py:161} INFO - Started process (PID=1337) to work on /opt/airflow/dags/lakehouse_pipeline.py
[2026-08-29T15:27:40.452+0000] {processor.py:830} INFO - Processing file /opt/airflow/dags/lakehouse_pipeline.py for tasks to queue
[2026-08-29T15:27:40.454+0000] {logging_mixin.py:188} INFO - [2026-08-29T15:27:40.454+0000] {dagbag.py:545} INFO - Filling up the DagBag from /opt/airflow/dags/lakehouse_pipeline.py
[2026-08-29T15:27:40.474+0000] {processor.py:840} INFO - DAG(s) 'lakehouse_pipeline' retrieved from /opt/airflow/dags/lakehouse_pipeline.py
[2026-08-29T15:27:40.514+0000] {logging_mixin.py:188} INFO - [2026-08-29T15:27:40.514+0000] {dag.py:3089} INFO - Sync 1 DAGs
[2026-08-29T15:27:40.527+0000] {logging_mixin.py:188} INFO - [2026-08-29T15:27:40.527+0000] {dag.py:3947} INFO - Setting next_dagrun for lakehouse_pipeline to None, run_after=None
[2026-08-29T15:27:40.554+0000] {processor.py:183} INFO - Processing /opt/airflow/dags/lakehouse_pipeline.py took 0.109 seconds
[2026-08-29T15:28:10.705+0000] {processor.py:161} INFO - Started process (PID=1342) to work on /opt/airflow/dags/lakehouse_pipeline.py
[2026-08-29T15:28:10.706+0000] {processor.py:830} INFO - Processing file /opt/airflow/dags/lakehouse_pipeline.py for tasks to queue
[2026-08-29T15:28:10.708+0000] {logging_mixin.py:188} INFO - [2026-08-29T15:28:10.708+0000] {dagbag.py:545} INFO - Filling up the DagBag from /opt/airflow/dags/lakehouse_pipeline.py
[2026-08-29T15:28:10.728+0000] {processor.py:840} INFO - DAG(s) 'lakehouse_pipeline' retrieved from /opt/airflow/dags/lakehouse_pipeline.py
[2026-08-29T15:28:10.769+0000] {logging_mixin.py:188} INFO - [2026-08-29T15:28:10.769+0000] {dag.py:3089} INFO - Sync 1 DAGs
[2026-08-29T15:28:10.780+0000] {logging_mixin.py:188} INFO - [2026-08-29T15:28:10.780+0000] {dag.py:3947} INFO - Setting next_dagrun for lakehouse_pipeline to None, run_after=None
[2026-08-29T15:28:10.808+0000] {processor.py:183} INFO - Processing /opt/airflow/dags/lakehouse_pipeline.py took 0.109 seconds
[2026-08-29T15:28:41.081+0000] {processor.py:161} INFO - Started process (PID=1347) to work on /opt/airflow/dags/lakehouse_pipeline.py
[2026-08-29T15:28:41.082+0000] {processor.py:830} INFO - Processing file /opt/airflow/dags/lakehouse_pipeline.py for tasks to queue
[2026-08-29T15:28:41.084+0000] {logging_mixin.py:188} INFO - [2026-08-29T15:28:41.084+0000] {dagbag.py:545} INFO - Filling up the DagBag from /opt/airflow/dags/lakehouse_pipeline.py
[2026-08-29T15:28:41.103+0000] {processor.py:840} INFO - DAG(s) 'lakehouse_pipeline' retrieved from /opt/airflow/dags/lakehouse_pipeline.py
[2026-08-29T15:28:41.141+0000] {logging_mixin.py:188} INFO - [2026-08-29T15:28:41.141+0000] {dag.py:3089} INFO - Sync 1 DAGs
[2026-08-29T15:28:41.153+0000] {logging_mixin.py:188} INFO - [2026-08-29T15:28:41.152+0000] {dag.py:3947} INFO - Setting next_dagrun for lakehouse_pipeline to None, run_after=None
[2026-08-29T15:28:41.169+0000] {processor.py:183} INFO - Processing /opt/airflow/dags/lakehouse_pipeline.py took 0.094 seconds
[2026-08-29T15:29:11.358+0000] {processor.py:161} INFO - Started process (PID=1352) to work on /opt/airflow/dags/lakehouse_pipeline.py
[2026-08-29T15:29:11.359+0000] {processor.py:830} INFO - Processing file /opt/airflow/dags/lakehouse_pipeline.py for tasks to queue
[2026-08-29T15:29:11.361+0000] {logging_mixin.py:188} INFO - [2026-08-29T15:29:11.360+0000] {dagbag.py:545} INFO - Filling up the DagBag from /opt/airflow/dags/lakehouse_pipeline.py
[2026-08-29T15:29:11.382+0000] {processor.py:840} INFO - DAG(s) 'lakehouse_pipeline' retrieved from /opt/airflow/dags/lakehouse_pipeline.py
[2026-08-29T15:29:11.432+0000] {logging_mixin.py:188} INFO - [2026-08-29T15:29:11.432+0000] {dag.py:3089} INFO - Sync 1 DAGs
[2026-08-29T15:29:11.446+0000] {logging_mixin.py:188} INFO - [2026-08-29T15:29:11.445+0000] {dag.py:3947} INFO - Setting next_dagrun for lakehouse_pipeline to None, run_after=None
[2026-08-29T15:29:11.466+0000] {processor.py:183} INFO - Processing /opt/airflow/dags/lakehouse_pipeline.py took 0.116 seconds
[2026-08-29T15:29:41.764+0000] {processor.py:161} INFO - Started process (PID=1357) to work on /opt/airflow/dags/lakehouse_pipeline.py
[2026-08-29T15:29:41.765+0000] {processor.py:830} INFO - Processing file /opt/airflow/dags/lakehouse_pipeline.py for tasks to queue
[2026-08-29T15:29:41.766+0000] {logging_mixin.py:188} INFO - [2026-08-29T15:29:41.766+0000] {dagbag.py:545} INFO - Filling up the DagBag from /opt/airflow/dags/lakehouse_pipeline.py
[2026-08-29T15:29:41.786+0000] {processor.py:840} INFO - DAG(s) 'lakehouse_pipeline' retrieved from /opt/airflow/dags/lakehouse_pipeline.py
[2026-08-29T15:29:41.824+0000] {logging_mixin.py:188} INFO - [2026-08-29T15:29:41.824+0000] {dag.py:3089} INFO - Sync 1 DAGs
[2026-08-29T15:29:41.836+0000] {logging_mixin.py:188} INFO - [2026-08-29T15:29:41.836+0000] {dag.py:3947} INFO - Setting next_dagrun for lakehouse_pipeline to None, run_after=None
[2026-08-29T15:29:41.864+0000] {processor.py:183} INFO - Processing /opt/airflow/dags/lakehouse_pipeline.py took 0.106 seconds
[2026-08-29T15:30:12.043+0000] {processor.py:161} INFO - Started process (PID=1362) to work on /opt/airflow/dags/lakehouse_pipeline.py
[2026-08-29T15:30:12.043+0000] {processor.py:830} INFO - Processing file /opt/airflow/dags/lakehouse_pipeline.py for tasks to queue
[2026-08-29T15:30:12.045+0000] {logging_mixin.py:188} INFO - [2026-08-29T15:30:12.045+0000] {dagbag.py:545} INFO - Filling up the DagBag from /opt/airflow/dags/lakehouse_pipeline.py
[2026-08-29T15:30:12.066+0000] {processor.py:840} INFO - DAG(s) 'lakehouse_pipeline' retrieved from /opt/airflow/dags/lakehouse_pipeline.py
[2026-08-29T15:30:12.109+0000] {logging_mixin.py:188} INFO - [2026-08-29T15:30:12.109+0000] {dag.py:3089} INFO - Sync 1 DAGs
[2026-08-29T15:30:12.121+0000] {logging_mixin.py:188} INFO - [2026-08-29T15:30:12.121+0000] {dag.py:3947} INFO - Setting next_dagrun for lakehouse_pipeline to None, run_after=None
[2026-08-29T15:30:12.140+0000] {processor.py:183} INFO - Processing /opt/airflow/dags/lakehouse_pipeline.py took 0.104 seconds
[2026-08-29T15:30:42.400+0000] {processor.py:161} INFO - Started process (PID=1367) to work on /opt/airflow/dags/lakehouse_pipeline.py
[2026-08-29T15:30:42.401+0000] {processor.py:830} INFO - Processing file /opt/airflow/dags/lakehouse_pipeline.py for tasks to queue
[2026-08-29T15:30:42.402+0000] {logging_mixin.py:188} INFO - [2026-08-29T15:30:42.402+0000] {dagbag.py:545} INFO - Filling up the DagBag from /opt/airflow/dags/lakehouse_pipeline.py
[2026-08-29T15:30:42.424+0000] {processor.py:840} INFO - DAG(s) 'lakehouse_pipeline' retrieved from /opt/airflow/dags/lakehouse_pipeline.py
[2026-08-29T15:30:42.465+0000] {logging_mixin.py:188} INFO - [2026-08-29T15:30:42.465+0000] {dag.py:3089} INFO - Sync 1 DAGs
[2026-08-29T15:30:42.478+0000] {logging_mixin.py:188} INFO - [2026-08-29T15:30:42.477+0000] {dag.py:3947} INFO - Setting next_dagrun for lakehouse_pipeline to None, run_after=None
[2026-08-29T15:30:42.512+0000] {processor.py:183} INFO - Processing /opt/airflow/dags/lakehouse_pipeline.py took 0.119 seconds
[2026-08-29T15:31:12.626+0000] {processor.py:161} INFO - Started process (PID=1372) to work on /opt/airflow/dags/lakehouse_pipeline.py
[2026-08-29T15:31:12.627+0000] {processor.py:830} INFO - Processing file /opt/airflow/dags/lakehouse_pipeline.py for tasks to queue
[2026-08-29T15:31:12.629+0000] {logging_mixin.py:188} INFO - [2026-08-29T15:31:12.628+0000] {dagbag.py:545} INFO - Filling up the DagBag from /opt/airflow/dags/lakehouse_pipeline.py
[2026-08-29T15:31:12.649+0000] {processor.py:840} INFO - DAG(s) 'lakehouse_pipeline' retrieved from /opt/airflow/dags/lakehouse_pipeline.py
[2026-08-29T15:31:12.691+0000] {logging_mixin.py:188} INFO - [2026-08-29T15:31:12.691+0000] {dag.py:3089} INFO - Sync 1 DAGs
[2026-08-29T15:31:12.703+0000] {logging_mixin.py:188} INFO - [2026-08-29T15:31:12.703+0000] {dag.py:3947} INFO - Setting next_dagrun for lakehouse_pipeline to None, run_after=None
[2026-08-29T15:31:12.722+0000] {processor.py:183} INFO - Processing /opt/airflow/dags/lakehouse_pipeline.py took 0.103 seconds
[2026-08-29T15:31:43.023+0000] {processor.py:161} INFO - Started process (PID=1377) to work on /opt/airflow/dags/lakehouse_pipeline.py
[2026-08-29T15:31:43.024+0000] {processor.py:830} INFO - Processing file /opt/airflow/dags/lakehouse_pipeline.py for tasks to queue
[2026-08-29T15:31:43.026+0000] {logging_mixin.py:188} INFO - [2026-08-29T15:31:43.026+0000] {dagbag.py:545} INFO - Filling up the DagBag from /opt/airflow/dags/lakehouse_pipeline.py
[2026-08-29T15:31:43.045+0000] {processor.py:840} INFO - DAG(s) 'lakehouse_pipeline' retrieved from /opt/airflow/dags/lakehouse_pipeline.py
[2026-08-29T15:31:43.084+0000] {logging_mixin.py:188} INFO - [2026-08-29T15:31:43.083+0000] {dag.py:3089} INFO - Sync 1 DAGs
[2026-08-29T15:31:43.095+0000] {logging_mixin.py:188} INFO - [2026-08-29T15:31:43.095+0000] {dag.py:3947} INFO - Setting next_dagrun for lakehouse_pipeline to None, run_after=None
[2026-08-29T15:31:43.113+0000] {processor.py:183} INFO - Processing /opt/airflow/dags/lakehouse_pipeline.py took 0.095 seconds
[2026-08-29T15:32:13.314+0000] {processor.py:161} INFO - Started process (PID=1382) to work on /opt/airflow/dags/lakehouse_pipeline.py
[2026-08-29T15:32:13.314+0000] {processor.py:830} INFO - Processing file /opt/airflow/dags/lakehouse_pipeline.py for tasks to queue
[2026-08-29T15:32:13.316+0000] {logging_mixin.py:188} INFO - [2026-08-29T15:32:13.316+0000] {dagbag.py:545} INFO - Filling up the DagBag from /opt/airflow/dags/lakehouse_pipeline.py
[2026-08-29T15:32:13.336+0000] {processor.py:840} INFO - DAG(s) 'lakehouse_pipeline' retrieved from /opt/airflow/dags/lakehouse_pipeline.py
[2026-08-29T15:32:13.375+0000] {logging_mixin.py:188} INFO - [2026-08-29T15:32:13.375+0000] {dag.py:3089} INFO - Sync 1 DAGs
[2026-08-29T15:32:13.386+0000] {logging_mixin.py:188} INFO - [2026-08-29T15:32:13.386+0000] {dag.py:3947} INFO - Setting next_dagrun for lakehouse_pipeline to None, run_after=None
[2026-08-29T15:32:13.404+0000] {processor.py:183} INFO - Processing /opt/airflow/dags/lakehouse_pipeline.py took 0.100 seconds
[2026-08-29T15:32:43.652+0000] {processor.py:161} INFO - Started process (PID=1387) to work on /opt/airflow/dags/lakehouse_pipeline.py
[2026-08-29T15:32:43.653+0000] {processor.py:830} INFO - Processing file /opt/airflow/dags/lakehouse_pipeline.py for tasks to queue
[2026-08-29T15:32:43.655+0000] {logging_mixin.py:188} INFO - [2026-08-29T15:32:43.655+0000] {dagbag.py:545} INFO - Filling up the DagBag from /opt/airflow/dags/lakehouse_pipeline.py
[2026-08-29T15:32:43.676+0000] {processor.py:840} INFO - DAG(s) 'lakehouse_pipeline' retrieved from /opt/airflow/dags/lakehouse_pipeline.py
[2026-08-29T15:32:43.717+0000] {logging_mixin.py:188} INFO - [2026-08-29T15:32:43.716+0000] {dag.py:3089} INFO - Sync 1 DAGs
[2026-08-29T15:32:43.729+0000] {logging_mixin.py:188} INFO - [2026-08-29T15:32:43.728+0000] {dag.py:3947} INFO - Setting next_dagrun for lakehouse_pipeline to None, run_after=None
[2026-08-29T15:32:43.749+0000] {processor.py:183} INFO - Processing /opt/airflow/dags/lakehouse_pipeline.py took 0.104 seconds
[2026-08-29T15:33:13.943+0000] {processor.py:161} INFO - Started process (PID=1392) to work on /opt/airflow/dags/lakehouse_pipeline.py
[2026-08-29T15:33:13.944+0000] {processor.py:830} INFO - Processing file /opt/airflow/dags/lakehouse_pipeline.py for tasks to queue
[2026-08-29T15:33:13.947+0000] {logging_mixin.py:188} INFO - [2026-08-29T15:33:13.946+0000] {dagbag.py:545} INFO - Filling up the DagBag from /opt/airflow/dags/lakehouse_pipeline.py
[2026-08-29T15:33:13.968+0000] {processor.py:840} INFO - DAG(s) 'lakehouse_pipeline' retrieved from /opt/airflow/dags/lakehouse_pipeline.py
[2026-08-29T15:33:14.010+0000] {logging_mixin.py:188} INFO - [2026-08-29T15:33:14.010+0000] {dag.py:3089} INFO - Sync 1 DAGs
[2026-08-29T15:33:14.023+0000] {logging_mixin.py:188} INFO - [2026-08-29T15:33:14.023+0000] {dag.py:3947} INFO - Setting next_dagrun for lakehouse_pipeline to None, run_after=None
[2026-08-29T15:33:14.045+0000] {processor.py:183} INFO - Processing /opt/airflow/dags/lakehouse_pipeline.py took 0.109 seconds
[2026-08-29T15:33:44.293+0000] {processor.py:161} INFO - Started process (PID=1397) to work on /opt/airflow/dags/lakehouse_pipeline.py
[2026-08-29T15:33:44.294+0000] {processor.py:830} INFO - Processing file /opt/airflow/dags/lakehouse_pipeline.py for tasks to queue
[2026-08-29T15:33:44.296+0000] {logging_mixin.py:188} INFO - [2026-08-29T15:33:44.295+0000] {dagbag.py:545} INFO - Filling up the DagBag from /opt/airflow/dags/lakehouse_pipeline.py
[2026-08-29T15:33:44.315+0000] {processor.py:840} INFO - DAG(s) 'lakehouse_pipeline' retrieved from /opt/airflow/dags/lakehouse_pipeline.py
[2026-08-29T15:33:44.354+0000] {logging_mixin.py:188} INFO - [2026-08-29T15:33:44.354+0000] {dag.py:3089} INFO - Sync 1 DAGs
[2026-08-29T15:33:44.366+0000] {logging_mixin.py:188} INFO - [2026-08-29T15:33:44.365+0000] {dag.py:3947} INFO - Setting next_dagrun for lakehouse_pipeline to None, run_after=None
[2026-08-29T15:33:44.392+0000] {processor.py:183} INFO - Processing /opt/airflow/dags/lakehouse_pipeline.py took 0.106 seconds
[2026-08-29T15:34:14.669+0000] {processor.py:161} INFO - Started process (PID=1402) to work on /opt/airflow/dags/lakehouse_pipeline.py
[2026-08-29T15:34:14.669+0000] {processor.py:830} INFO - Processing file /opt/airflow/dags/lakehouse_pipeline.py for tasks to queue
[2026-08-29T15:34:14.671+0000] {logging_mixin.py:188} INFO - [2026-08-29T15:34:14.671+0000] {dagbag.py:545} INFO - Filling up the DagBag from /opt/airflow/dags/lakehouse_pipeline.py
[2026-08-29T15:34:14.690+0000] {processor.py:840} INFO - DAG(s) 'lakehouse_pipeline' retrieved from /opt/airflow/dags/lakehouse_pipeline.py
[2026-08-29T15:34:14.736+0000] {logging_mixin.py:188} INFO - [2026-08-29T15:34:14.736+0000] {dag.py:3089} INFO - Sync 1 DAGs
[2026-08-29T15:34:14.747+0000] {logging_mixin.py:188} INFO - [2026-08-29T15:34:14.747+0000] {dag.py:3947} INFO - Setting next_dagrun for lakehouse_pipeline to None, run_after=None
[2026-08-29T15:34:14.765+0000] {processor.py:183} INFO - Processing /opt/airflow/dags/lakehouse_pipeline.py took 0.102 seconds
[2026-08-29T15:34:44.990+0000] {processor.py:161} INFO - Started process (PID=1407) to work on /opt/airflow/dags/lakehouse_pipeline.py
[2026-08-29T15:34:44.991+0000] {processor.py:830} INFO - Processing file /opt/airflow/dags/lakehouse_pipeline.py for tasks to queue
[2026-08-29T15:34:44.993+0000] {logging_mixin.py:188} INFO - [2026-08-29T15:34:44.993+0000] {dagbag.py:545} INFO - Filling up the DagBag from /opt/airflow/dags/lakehouse_pipeline.py
[2026-08-29T15:34:45.018+0000] {processor.py:840} INFO - DAG(s) 'lakehouse_pipeline' retrieved from /opt/airflow/dags/lakehouse_pipeline.py
[2026-08-29T15:34:45.056+0000] {logging_mixin.py:188} INFO - [2026-08-29T15:34:45.056+0000] {dag.py:3089} INFO - Sync 1 DAGs
[2026-08-29T15:34:45.067+0000] {logging_mixin.py:188} INFO - [2026-08-29T15:34:45.067+0000] {dag.py:3947} INFO - Setting next_dagrun for lakehouse_pipeline to None, run_after=None
[2026-08-29T15:34:45.085+0000] {processor.py:183} INFO - Processing /opt/airflow/dags/lakehouse_pipeline.py took 0.103 seconds
[2026-08-29T15:35:15.281+0000] {processor.py:161} INFO - Started process (PID=1412) to work on /opt/airflow/dags/lakehouse_pipeline.py
[2026-08-29T15:35:15.282+0000] {processor.py:830} INFO - Processing file /opt/airflow/dags/lakehouse_pipeline.py for tasks to queue
[2026-08-29T15:35:15.283+0000] {logging_mixin.py:188} INFO - [2026-08-29T15:35:15.283+0000] {dagbag.py:545} INFO - Filling up the DagBag from /opt/airflow/dags/lakehouse_pipeline.py
[2026-08-29T15:35:15.304+0000] {processor.py:840} INFO - DAG(s) 'lakehouse_pipeline' retrieved from /opt/airflow/dags/lakehouse_pipeline.py
[2026-08-29T15:35:15.344+0000] {logging_mixin.py:188} INFO - [2026-08-29T15:35:15.344+0000] {dag.py:3089} INFO - Sync 1 DAGs
[2026-08-29T15:35:15.355+0000] {logging_mixin.py:188} INFO - [2026-08-29T15:35:15.355+0000] {dag.py:3947} INFO - Setting next_dagrun for lakehouse_pipeline to None, run_after=None
[2026-08-29T15:35:15.372+0000] {processor.py:183} INFO - Processing /opt/airflow/dags/lakehouse_pipeline.py took 0.099 seconds
[2026-08-29T15:35:45.574+0000] {processor.py:161} INFO - Started process (PID=1417) to work on /opt/airflow/dags/lakehouse_pipeline.py
[2026-08-29T15:35:45.575+0000] {processor.py:830} INFO - Processing file /opt/airflow/dags/lakehouse_pipeline.py for tasks to queue
[2026-08-29T15:35:45.576+0000] {logging_mixin.py:188} INFO - [2026-08-29T15:35:45.576+0000] {dagbag.py:545} INFO - Filling up the DagBag from /opt/airflow/dags/lakehouse_pipeline.py
[2026-08-29T15:35:45.596+0000] {processor.py:840} INFO - DAG(s) 'lakehouse_pipeline' retrieved from /opt/airflow/dags/lakehouse_pipeline.py
[2026-08-29T15:35:45.634+0000] {logging_mixin.py:188} INFO - [2026-08-29T15:35:45.634+0000] {dag.py:3089} INFO - Sync 1 DAGs
[2026-08-29T15:35:45.645+0000] {logging_mixin.py:188} INFO - [2026-08-29T15:35:45.645+0000] {dag.py:3947} INFO - Setting next_dagrun for lakehouse_pipeline to None, run_after=None
[2026-08-29T15:35:45.673+0000] {processor.py:183} INFO - Processing /opt/airflow/dags/lakehouse_pipeline.py took 0.105 seconds
[2026-08-29T15:36:15.848+0000] {processor.py:161} INFO - Started process (PID=1422) to work on /opt/airflow/dags/lakehouse_pipeline.py
[2026-08-29T15:36:15.849+0000] {processor.py:830} INFO - Processing file /opt/airflow/dags/lakehouse_pipeline.py for tasks to queue
[2026-08-29T15:36:15.851+0000] {logging_mixin.py:188} INFO - [2026-08-29T15:36:15.851+0000] {dagbag.py:545} INFO - Filling up the DagBag from /opt/airflow/dags/lakehouse_pipeline.py
[2026-08-29T15:36:15.871+0000] {processor.py:840} INFO - DAG(s) 'lakehouse_pipeline' retrieved from /opt/airflow/dags/lakehouse_pipeline.py
[2026-08-29T15:36:15.917+0000] {logging_mixin.py:188} INFO - [2026-08-29T15:36:15.916+0000] {dag.py:3089} INFO - Sync 1 DAGs
[2026-08-29T15:36:15.932+0000] {logging_mixin.py:188} INFO - [2026-08-29T15:36:15.932+0000] {dag.py:3947} INFO - Setting next_dagrun for lakehouse_pipeline to None, run_after=None
[2026-08-29T15:36:15.956+0000] {processor.py:183} INFO - Processing /opt/airflow/dags/lakehouse_pipeline.py took 0.114 seconds
[2026-08-29T15:36:46.214+0000] {processor.py:161} INFO - Started process (PID=1427) to work on /opt/airflow/dags/lakehouse_pipeline.py
[2026-08-29T15:36:46.215+0000] {processor.py:830} INFO - Processing file /opt/airflow/dags/lakehouse_pipeline.py for tasks to queue
[2026-08-29T15:36:46.216+0000] {logging_mixin.py:188} INFO - [2026-08-29T15:36:46.216+0000] {dagbag.py:545} INFO - Filling up the DagBag from /opt/airflow/dags/lakehouse_pipeline.py
[2026-08-29T15:36:46.235+0000] {processor.py:840} INFO - DAG(s) 'lakehouse_pipeline' retrieved from /opt/airflow/dags/lakehouse_pipeline.py
[2026-08-29T15:36:46.274+0000] {logging_mixin.py:188} INFO - [2026-08-29T15:36:46.274+0000] {dag.py:3089} INFO - Sync 1 DAGs
[2026-08-29T15:36:46.285+0000] {logging_mixin.py:188} INFO - [2026-08-29T15:36:46.285+0000] {dag.py:3947} INFO - Setting next_dagrun for lakehouse_pipeline to None, run_after=None
[2026-08-29T15:36:46.304+0000] {processor.py:183} INFO - Processing /opt/airflow/dags/lakehouse_pipeline.py took 0.096 seconds
[2026-08-29T15:37:16.470+0000] {processor.py:161} INFO - Started process (PID=1432) to work on /opt/airflow/dags/lakehouse_pipeline.py
[2026-08-29T15:37:16.471+0000] {processor.py:830} INFO - Processing file /opt/airflow/dags/lakehouse_pipeline.py for tasks to queue
[2026-08-29T15:37:16.473+0000] {logging_mixin.py:188} INFO - [2026-08-29T15:37:16.473+0000] {dagbag.py:545} INFO - Filling up the DagBag from /opt/airflow/dags/lakehouse_pipeline.py
[2026-08-29T15:37:16.493+0000] {processor.py:840} INFO - DAG(s) 'lakehouse_pipeline' retrieved from /opt/airflow/dags/lakehouse_pipeline.py
[2026-08-29T15:37:16.534+0000] {logging_mixin.py:188} INFO - [2026-08-29T15:37:16.534+0000] {dag.py:3089} INFO - Sync 1 DAGs
[2026-08-29T15:37:16.546+0000] {logging_mixin.py:188} INFO - [2026-08-29T15:37:16.546+0000] {dag.py:3947} INFO - Setting next_dagrun for lakehouse_pipeline to None, run_after=None
[2026-08-29T15:37:16.573+0000] {processor.py:183} INFO - Processing /opt/airflow/dags/lakehouse_pipeline.py took 0.109 seconds
[2026-08-29T15:37:46.819+0000] {processor.py:161} INFO - Started process (PID=1437) to work on /opt/airflow/dags/lakehouse_pipeline.py
[2026-08-29T15:37:46.819+0000] {processor.py:830} INFO - Processing file /opt/airflow/dags/lakehouse_pipeline.py for tasks to queue
[2026-08-29T15:37:46.822+0000] {logging_mixin.py:188} INFO - [2026-08-29T15:37:46.821+0000] {dagbag.py:545} INFO - Filling up the DagBag from /opt/airflow/dags/lakehouse_pipeline.py
[2026-08-29T15:37:46.842+0000] {processor.py:840} INFO - DAG(s) 'lakehouse_pipeline' retrieved from /opt/airflow/dags/lakehouse_pipeline.py
[2026-08-29T15:37:46.880+0000] {logging_mixin.py:188} INFO - [2026-08-29T15:37:46.880+0000] {dag.py:3089} INFO - Sync 1 DAGs
[2026-08-29T15:37:46.892+0000] {logging_mixin.py:188} INFO - [2026-08-29T15:37:46.892+0000] {dag.py:3947} INFO - Setting next_dagrun for lakehouse_pipeline to None, run_after=None
[2026-08-29T15:37:46.910+0000] {processor.py:183} INFO - Processing /opt/airflow/dags/lakehouse_pipeline.py took 0.097 seconds
[2026-08-29T15:38:17.046+0000] {processor.py:161} INFO - Started process (PID=1442) to work on /opt/airflow/dags/lakehouse_pipeline.py
[2026-08-29T15:38:17.047+0000] {processor.py:830} INFO - Processing file /opt/airflow/dags/lakehouse_pipeline.py for tasks to queue
[2026-08-29T15:38:17.048+0000] {logging_mixin.py:188} INFO - [2026-08-29T15:38:17.048+0000] {dagbag.py:545} INFO - Filling up the DagBag from /opt/airflow/dags/lakehouse_pipeline.py
[2026-08-29T15:38:17.069+0000] {processor.py:840} INFO - DAG(s) 'lakehouse_pipeline' retrieved from /opt/airflow/dags/lakehouse_pipeline.py
[2026-08-29T15:38:17.110+0000] {logging_mixin.py:188} INFO - [2026-08-29T15:38:17.109+0000] {dag.py:3089} INFO - Sync 1 DAGs
[2026-08-29T15:38:17.122+0000] {logging_mixin.py:188} INFO - [2026-08-29T15:38:17.121+0000] {dag.py:3947} INFO - Setting next_dagrun for lakehouse_pipeline to None, run_after=None
[2026-08-29T15:38:17.144+0000] {processor.py:183} INFO - Processing /opt/airflow/dags/lakehouse_pipeline.py took 0.105 seconds
[2026-08-29T15:38:47.379+0000] {processor.py:161} INFO - Started process (PID=1447) to work on /opt/airflow/dags/lakehouse_pipeline.py
[2026-08-29T15:38:47.382+0000] {processor.py:830} INFO - Processing file /opt/airflow/dags/lakehouse_pipeline.py for tasks to queue
[2026-08-29T15:38:47.386+0000] {logging_mixin.py:188} INFO - [2026-08-29T15:38:47.385+0000] {dagbag.py:545} INFO - Filling up the DagBag from /opt/airflow/dags/lakehouse_pipeline.py
[2026-08-29T15:38:47.439+0000] {processor.py:840} INFO - DAG(s) 'lakehouse_pipeline' retrieved from /opt/airflow/dags/lakehouse_pipeline.py
[2026-08-29T15:38:47.577+0000] {logging_mixin.py:188} INFO - [2026-08-29T15:38:47.577+0000] {dag.py:3089} INFO - Sync 1 DAGs
[2026-08-29T15:38:47.637+0000] {logging_mixin.py:188} INFO - [2026-08-29T15:38:47.637+0000] {dag.py:3947} INFO - Setting next_dagrun for lakehouse_pipeline to None, run_after=None
[2026-08-29T15:38:47.710+0000] {processor.py:183} INFO - Processing /opt/airflow/dags/lakehouse_pipeline.py took 0.348 seconds
[2026-08-29T15:39:17.973+0000] {processor.py:161} INFO - Started process (PID=1452) to work on /opt/airflow/dags/lakehouse_pipeline.py
[2026-08-29T15:39:17.974+0000] {processor.py:830} INFO - Processing file /opt/airflow/dags/lakehouse_pipeline.py for tasks to queue
[2026-08-29T15:39:17.976+0000] {logging_mixin.py:188} INFO - [2026-08-29T15:39:17.975+0000] {dagbag.py:545} INFO - Filling up the DagBag from /opt/airflow/dags/lakehouse_pipeline.py
[2026-08-29T15:39:17.996+0000] {processor.py:840} INFO - DAG(s) 'lakehouse_pipeline' retrieved from /opt/airflow/dags/lakehouse_pipeline.py
[2026-08-29T15:39:18.037+0000] {logging_mixin.py:188} INFO - [2026-08-29T15:39:18.036+0000] {dag.py:3089} INFO - Sync 1 DAGs
[2026-08-29T15:39:18.048+0000] {logging_mixin.py:188} INFO - [2026-08-29T15:39:18.048+0000] {dag.py:3947} INFO - Setting next_dagrun for lakehouse_pipeline to None, run_after=None
[2026-08-29T15:39:18.066+0000] {processor.py:183} INFO - Processing /opt/airflow/dags/lakehouse_pipeline.py took 0.100 seconds
[2026-08-29T15:39:48.270+0000] {processor.py:161} INFO - Started process (PID=1457) to work on /opt/airflow/dags/lakehouse_pipeline.py
[2026-08-29T15:39:48.271+0000] {processor.py:830} INFO - Processing file /opt/airflow/dags/lakehouse_pipeline.py for tasks to queue
[2026-08-29T15:39:48.273+0000] {logging_mixin.py:188} INFO - [2026-08-29T15:39:48.272+0000] {dagbag.py:545} INFO - Filling up the DagBag from /opt/airflow/dags/lakehouse_pipeline.py
[2026-08-29T15:39:48.292+0000] {processor.py:840} INFO - DAG(s) 'lakehouse_pipeline' retrieved from /opt/airflow/dags/lakehouse_pipeline.py
[2026-08-29T15:39:48.341+0000] {logging_mixin.py:188} INFO - [2026-08-29T15:39:48.341+0000] {dag.py:3089} INFO - Sync 1 DAGs
[2026-08-29T15:39:48.353+0000] {logging_mixin.py:188} INFO - [2026-08-29T15:39:48.352+0000] {dag.py:3947} INFO - Setting next_dagrun for lakehouse_pipeline to None, run_after=None
[2026-08-29T15:39:48.381+0000] {processor.py:183} INFO - Processing /opt/airflow/dags/lakehouse_pipeline.py took 0.118 seconds
[2026-08-29T15:40:18.562+0000] {processor.py:161} INFO - Started process (PID=1462) to work on /opt/airflow/dags/lakehouse_pipeline.py
[2026-08-29T15:40:18.563+0000] {processor.py:830} INFO - Processing file /opt/airflow/dags/lakehouse_pipeline.py for tasks to queue
[2026-08-29T15:40:18.567+0000] {logging_mixin.py:188} INFO - [2026-08-29T15:40:18.566+0000] {dagbag.py:545} INFO - Filling up the DagBag from /opt/airflow/dags/lakehouse_pipeline.py
[2026-08-29T15:40:18.593+0000] {processor.py:840} INFO - DAG(s) 'lakehouse_pipeline' retrieved from /opt/airflow/dags/lakehouse_pipeline.py
[2026-08-29T15:40:18.635+0000] {logging_mixin.py:188} INFO - [2026-08-29T15:40:18.635+0000] {dag.py:3089} INFO - Sync 1 DAGs
[2026-08-29T15:40:18.648+0000] {logging_mixin.py:188} INFO - [2026-08-29T15:40:18.648+0000] {dag.py:3947} INFO - Setting next_dagrun for lakehouse_pipeline to None, run_after=None
[2026-08-29T15:40:18.671+0000] {processor.py:183} INFO - Processing /opt/airflow/dags/lakehouse_pipeline.py took 0.121 seconds
[2026-08-29T15:40:48.832+0000] {processor.py:161} INFO - Started process (PID=1467) to work on /opt/airflow/dags/lakehouse_pipeline.py
[2026-08-29T15:40:48.833+0000] {processor.py:830} INFO - Processing file /opt/airflow/dags/lakehouse_pipeline.py for tasks to queue
[2026-08-29T15:40:48.835+0000] {logging_mixin.py:188} INFO - [2026-08-29T15:40:48.835+0000] {dagbag.py:545} INFO - Filling up the DagBag from /opt/airflow/dags/lakehouse_pipeline.py
[2026-08-29T15:40:48.857+0000] {processor.py:840} INFO - DAG(s) 'lakehouse_pipeline' retrieved from /opt/airflow/dags/lakehouse_pipeline.py
[2026-08-29T15:40:48.899+0000] {logging_mixin.py:188} INFO - [2026-08-29T15:40:48.898+0000] {dag.py:3089} INFO - Sync 1 DAGs
[2026-08-29T15:40:48.911+0000] {logging_mixin.py:188} INFO - [2026-08-29T15:40:48.911+0000] {dag.py:3947} INFO - Setting next_dagrun for lakehouse_pipeline to None, run_after=None
[2026-08-29T15:40:48.932+0000] {processor.py:183} INFO - Processing /opt/airflow/dags/lakehouse_pipeline.py took 0.107 seconds
[2026-08-29T15:41:19.119+0000] {processor.py:161} INFO - Started process (PID=1472) to work on /opt/airflow/dags/lakehouse_pipeline.py
[2026-08-29T15:41:19.120+0000] {processor.py:830} INFO - Processing file /opt/airflow/dags/lakehouse_pipeline.py for tasks to queue
[2026-08-29T15:41:19.122+0000] {logging_mixin.py:188} INFO - [2026-08-29T15:41:19.121+0000] {dagbag.py:545} INFO - Filling up the DagBag from /opt/airflow/dags/lakehouse_pipeline.py
[2026-08-29T15:41:19.142+0000] {processor.py:840} INFO - DAG(s) 'lakehouse_pipeline' retrieved from /opt/airflow/dags/lakehouse_pipeline.py
[2026-08-29T15:41:19.180+0000] {logging_mixin.py:188} INFO - [2026-08-29T15:41:19.180+0000] {dag.py:3089} INFO - Sync 1 DAGs
[2026-08-29T15:41:19.192+0000] {logging_mixin.py:188} INFO - [2026-08-29T15:41:19.192+0000] {dag.py:3947} INFO - Setting next_dagrun for lakehouse_pipeline to None, run_after=None
[2026-08-29T15:41:19.211+0000] {processor.py:183} INFO - Processing /opt/airflow/dags/lakehouse_pipeline.py took 0.098 seconds
[2026-08-29T15:41:49.362+0000] {processor.py:161} INFO - Started process (PID=1477) to work on /opt/airflow/dags/lakehouse_pipeline.py
[2026-08-29T15:41:49.363+0000] {processor.py:830} INFO - Processing file /opt/airflow/dags/lakehouse_pipeline.py for tasks to queue
[2026-08-29T15:41:49.365+0000] {logging_mixin.py:188} INFO - [2026-08-29T15:41:49.365+0000] {dagbag.py:545} INFO - Filling up the DagBag from /opt/airflow/dags/lakehouse_pipeline.py
[2026-08-29T15:41:49.385+0000] {processor.py:840} INFO - DAG(s) 'lakehouse_pipeline' retrieved from /opt/airflow/dags/lakehouse_pipeline.py
[2026-08-29T15:41:49.428+0000] {logging_mixin.py:188} INFO - [2026-08-29T15:41:49.427+0000] {dag.py:3089} INFO - Sync 1 DAGs
[2026-08-29T15:41:49.440+0000] {logging_mixin.py:188} INFO - [2026-08-29T15:41:49.440+0000] {dag.py:3947} INFO - Setting next_dagrun for lakehouse_pipeline to None, run_after=None
[2026-08-29T15:41:49.469+0000] {processor.py:183} INFO - Processing /opt/airflow/dags/lakehouse_pipeline.py took 0.114 seconds
[2026-08-29T15:42:19.684+0000] {processor.py:161} INFO - Started process (PID=1482) to work on /opt/airflow/dags/lakehouse_pipeline.py
[2026-08-29T15:42:19.684+0000] {processor.py:830} INFO - Processing file /opt/airflow/dags/lakehouse_pipeline.py for tasks to queue
[2026-08-29T15:42:19.686+0000] {logging_mixin.py:188} INFO - [2026-08-29T15:42:19.686+0000] {dagbag.py:545} INFO - Filling up the DagBag from /opt/airflow/dags/lakehouse_pipeline.py
[2026-08-29T15:42:19.706+0000] {processor.py:840} INFO - DAG(s) 'lakehouse_pipeline' retrieved from /opt/airflow/dags/lakehouse_pipeline.py
[2026-08-29T15:42:19.746+0000] {logging_mixin.py:188} INFO - [2026-08-29T15:42:19.746+0000] {dag.py:3089} INFO - Sync 1 DAGs
[2026-08-29T15:42:19.759+0000] {logging_mixin.py:188} INFO - [2026-08-29T15:42:19.758+0000] {dag.py:3947} INFO - Setting next_dagrun for lakehouse_pipeline to None, run_after=None
[2026-08-29T15:42:19.793+0000] {processor.py:183} INFO - Processing /opt/airflow/dags/lakehouse_pipeline.py took 0.116 seconds
[2026-08-29T15:42:49.937+0000] {processor.py:161} INFO - Started process (PID=1487) to work on /opt/airflow/dags/lakehouse_pipeline.py
[2026-08-29T15:42:49.939+0000] {processor.py:830} INFO - Processing file /opt/airflow/dags/lakehouse_pipeline.py for tasks to queue
[2026-08-29T15:42:49.941+0000] {logging_mixin.py:188} INFO - [2026-08-29T15:42:49.941+0000] {dagbag.py:545} INFO - Filling up the DagBag from /opt/airflow/dags/lakehouse_pipeline.py
[2026-08-29T15:42:49.975+0000] {processor.py:840} INFO - DAG(s) 'lakehouse_pipeline' retrieved from /opt/airflow/dags/lakehouse_pipeline.py
[2026-08-29T15:42:50.028+0000] {logging_mixin.py:188} INFO - [2026-08-29T15:42:50.027+0000] {dag.py:3089} INFO - Sync 1 DAGs
[2026-08-29T15:42:50.041+0000] {logging_mixin.py:188} INFO - [2026-08-29T15:42:50.041+0000] {dag.py:3947} INFO - Setting next_dagrun for lakehouse_pipeline to None, run_after=None
[2026-08-29T15:42:50.066+0000] {processor.py:183} INFO - Processing /opt/airflow/dags/lakehouse_pipeline.py took 0.139 seconds
[2026-08-29T15:43:20.244+0000] {processor.py:161} INFO - Started process (PID=1492) to work on /opt/airflow/dags/lakehouse_pipeline.py
[2026-08-29T15:43:20.245+0000] {processor.py:830} INFO - Processing file /opt/airflow/dags/lakehouse_pipeline.py for tasks to queue
[2026-08-29T15:43:20.248+0000] {logging_mixin.py:188} INFO - [2026-08-29T15:43:20.248+0000] {dagbag.py:545} INFO - Filling up the DagBag from /opt/airflow/dags/lakehouse_pipeline.py
[2026-08-29T15:43:20.271+0000] {processor.py:840} INFO - DAG(s) 'lakehouse_pipeline' retrieved from /opt/airflow/dags/lakehouse_pipeline.py
[2026-08-29T15:43:20.313+0000] {logging_mixin.py:188} INFO - [2026-08-29T15:43:20.312+0000] {dag.py:3089} INFO - Sync 1 DAGs
[2026-08-29T15:43:20.325+0000] {logging_mixin.py:188} INFO - [2026-08-29T15:43:20.324+0000] {dag.py:3947} INFO - Setting next_dagrun for lakehouse_pipeline to None, run_after=None
[2026-08-29T15:43:20.342+0000] {processor.py:183} INFO - Processing /opt/airflow/dags/lakehouse_pipeline.py took 0.111 seconds
[2026-08-29T15:43:50.581+0000] {processor.py:161} INFO - Started process (PID=1497) to work on /opt/airflow/dags/lakehouse_pipeline.py
[2026-08-29T15:43:50.582+0000] {processor.py:830} INFO - Processing file /opt/airflow/dags/lakehouse_pipeline.py for tasks to queue
[2026-08-29T15:43:50.584+0000] {logging_mixin.py:188} INFO - [2026-08-29T15:43:50.584+0000] {dagbag.py:545} INFO - Filling up the DagBag from /opt/airflow/dags/lakehouse_pipeline.py
[2026-08-29T15:43:50.604+0000] {processor.py:840} INFO - DAG(s) 'lakehouse_pipeline' retrieved from /opt/airflow/dags/lakehouse_pipeline.py
[2026-08-29T15:43:50.645+0000] {logging_mixin.py:188} INFO - [2026-08-29T15:43:50.645+0000] {dag.py:3089} INFO - Sync 1 DAGs
[2026-08-29T15:43:50.657+0000] {logging_mixin.py:188} INFO - [2026-08-29T15:43:50.657+0000] {dag.py:3947} INFO - Setting next_dagrun for lakehouse_pipeline to None, run_after=None
[2026-08-29T15:43:50.677+0000] {processor.py:183} INFO - Processing /opt/airflow/dags/lakehouse_pipeline.py took 0.102 seconds
[2026-08-29T15:44:20.885+0000] {processor.py:161} INFO - Started process (PID=1502) to work on /opt/airflow/dags/lakehouse_pipeline.py
[2026-08-29T15:44:20.887+0000] {processor.py:830} INFO - Processing file /opt/airflow/dags/lakehouse_pipeline.py for tasks to queue
[2026-08-29T15:44:20.891+0000] {logging_mixin.py:188} INFO - [2026-08-29T15:44:20.891+0000] {dagbag.py:545} INFO - Filling up the DagBag from /opt/airflow/dags/lakehouse_pipeline.py
[2026-08-29T15:44:20.969+0000] {processor.py:840} INFO - DAG(s) 'lakehouse_pipeline' retrieved from /opt/airflow/dags/lakehouse_pipeline.py
[2026-08-29T15:44:21.134+0000] {logging_mixin.py:188} INFO - [2026-08-29T15:44:21.133+0000] {dag.py:3089} INFO - Sync 1 DAGs
[2026-08-29T15:44:21.159+0000] {logging_mixin.py:188} INFO - [2026-08-29T15:44:21.159+0000] {dag.py:3947} INFO - Setting next_dagrun for lakehouse_pipeline to None, run_after=None
[2026-08-29T15:44:21.189+0000] {processor.py:183} INFO - Processing /opt/airflow/dags/lakehouse_pipeline.py took 0.317 seconds
[2026-08-29T15:44:51.479+0000] {processor.py:161} INFO - Started process (PID=1507) to work on /opt/airflow/dags/lakehouse_pipeline.py
[2026-08-29T15:44:51.480+0000] {processor.py:830} INFO - Processing file /opt/airflow/dags/lakehouse_pipeline.py for tasks to queue
[2026-08-29T15:44:51.482+0000] {logging_mixin.py:188} INFO - [2026-08-29T15:44:51.482+0000] {dagbag.py:545} INFO - Filling up the DagBag from /opt/airflow/dags/lakehouse_pipeline.py
[2026-08-29T15:44:51.505+0000] {processor.py:840} INFO - DAG(s) 'lakehouse_pipeline' retrieved from /opt/airflow/dags/lakehouse_pipeline.py
[2026-08-29T15:44:51.556+0000] {logging_mixin.py:188} INFO - [2026-08-29T15:44:51.555+0000] {dag.py:3089} INFO - Sync 1 DAGs
[2026-08-29T15:44:51.579+0000] {logging_mixin.py:188} INFO - [2026-08-29T15:44:51.579+0000] {dag.py:3947} INFO - Setting next_dagrun for lakehouse_pipeline to None, run_after=None
[2026-08-29T15:44:51.601+0000] {processor.py:183} INFO - Processing /opt/airflow/dags/lakehouse_pipeline.py took 0.129 seconds
[2026-08-29T15:45:21.735+0000] {processor.py:161} INFO - Started process (PID=1512) to work on /opt/airflow/dags/lakehouse_pipeline.py
[2026-08-29T15:45:21.736+0000] {processor.py:830} INFO - Processing file /opt/airflow/dags/lakehouse_pipeline.py for tasks to queue
[2026-08-29T15:45:21.739+0000] {logging_mixin.py:188} INFO - [2026-08-29T15:45:21.738+0000] {dagbag.py:545} INFO - Filling up the DagBag from /opt/airflow/dags/lakehouse_pipeline.py
[2026-08-29T15:45:21.762+0000] {processor.py:840} INFO - DAG(s) 'lakehouse_pipeline' retrieved from /opt/airflow/dags/lakehouse_pipeline.py
[2026-08-29T15:45:21.806+0000] {logging_mixin.py:188} INFO - [2026-08-29T15:45:21.806+0000] {dag.py:3089} INFO - Sync 1 DAGs
[2026-08-29T15:45:21.820+0000] {logging_mixin.py:188} INFO - [2026-08-29T15:45:21.820+0000] {dag.py:3947} INFO - Setting next_dagrun for lakehouse_pipeline to None, run_after=None
[2026-08-29T15:45:21.847+0000] {processor.py:183} INFO - Processing /opt/airflow/dags/lakehouse_pipeline.py took 0.120 seconds
[2026-08-29T15:45:52.090+0000] {processor.py:161} INFO - Started process (PID=1517) to work on /opt/airflow/dags/lakehouse_pipeline.py
[2026-08-29T15:45:52.091+0000] {processor.py:830} INFO - Processing file /opt/airflow/dags/lakehouse_pipeline.py for tasks to queue
[2026-08-29T15:45:52.093+0000] {logging_mixin.py:188} INFO - [2026-08-29T15:45:52.092+0000] {dagbag.py:545} INFO - Filling up the DagBag from /opt/airflow/dags/lakehouse_pipeline.py
[2026-08-29T15:45:52.114+0000] {processor.py:840} INFO - DAG(s) 'lakehouse_pipeline' retrieved from /opt/airflow/dags/lakehouse_pipeline.py
[2026-08-29T15:45:52.156+0000] {logging_mixin.py:188} INFO - [2026-08-29T15:45:52.156+0000] {dag.py:3089} INFO - Sync 1 DAGs
[2026-08-29T15:45:52.169+0000] {logging_mixin.py:188} INFO - [2026-08-29T15:45:52.169+0000] {dag.py:3947} INFO - Setting next_dagrun for lakehouse_pipeline to None, run_after=None
[2026-08-29T15:45:52.190+0000] {processor.py:183} INFO - Processing /opt/airflow/dags/lakehouse_pipeline.py took 0.106 seconds
[2026-08-29T15:46:22.342+0000] {processor.py:161} INFO - Started process (PID=1522) to work on /opt/airflow/dags/lakehouse_pipeline.py
[2026-08-29T15:46:22.343+0000] {processor.py:830} INFO - Processing file /opt/airflow/dags/lakehouse_pipeline.py for tasks to queue
[2026-08-29T15:46:22.345+0000] {logging_mixin.py:188} INFO - [2026-08-29T15:46:22.345+0000] {dagbag.py:545} INFO - Filling up the DagBag from /opt/airflow/dags/lakehouse_pipeline.py
[2026-08-29T15:46:22.367+0000] {processor.py:840} INFO - DAG(s) 'lakehouse_pipeline' retrieved from /opt/airflow/dags/lakehouse_pipeline.py
[2026-08-29T15:46:22.409+0000] {logging_mixin.py:188} INFO - [2026-08-29T15:46:22.408+0000] {dag.py:3089} INFO - Sync 1 DAGs
[2026-08-29T15:46:22.421+0000] {logging_mixin.py:188} INFO - [2026-08-29T15:46:22.421+0000] {dag.py:3947} INFO - Setting next_dagrun for lakehouse_pipeline to None, run_after=None
[2026-08-29T15:46:22.441+0000] {processor.py:183} INFO - Processing /opt/airflow/dags/lakehouse_pipeline.py took 0.107 seconds
[2026-08-29T15:46:52.676+0000] {processor.py:161} INFO - Started process (PID=1527) to work on /opt/airflow/dags/lakehouse_pipeline.py
[2026-08-29T15:46:52.677+0000] {processor.py:830} INFO - Processing file /opt/airflow/dags/lakehouse_pipeline.py for tasks to queue
[2026-08-29T15:46:52.680+0000] {logging_mixin.py:188} INFO - [2026-08-29T15:46:52.679+0000] {dagbag.py:545} INFO - Filling up the DagBag from /opt/airflow/dags/lakehouse_pipeline.py
[2026-08-29T15:46:52.705+0000] {processor.py:840} INFO - DAG(s) 'lakehouse_pipeline' retrieved from /opt/airflow/dags/lakehouse_pipeline.py
[2026-08-29T15:46:52.754+0000] {logging_mixin.py:188} INFO - [2026-08-29T15:46:52.754+0000] {dag.py:3089} INFO - Sync 1 DAGs
[2026-08-29T15:46:52.768+0000] {logging_mixin.py:188} INFO - [2026-08-29T15:46:52.768+0000] {dag.py:3947} INFO - Setting next_dagrun for lakehouse_pipeline to None, run_after=None
[2026-08-29T15:46:52.791+0000] {processor.py:183} INFO - Processing /opt/airflow/dags/lakehouse_pipeline.py took 0.125 seconds
[2026-08-29T15:47:22.965+0000] {processor.py:161} INFO - Started process (PID=1532) to work on /opt/airflow/dags/lakehouse_pipeline.py
[2026-08-29T15:47:22.966+0000] {processor.py:830} INFO - Processing file /opt/airflow/dags/lakehouse_pipeline.py for tasks to queue
[2026-08-29T15:47:22.968+0000] {logging_mixin.py:188} INFO - [2026-08-29T15:47:22.968+0000] {dagbag.py:545} INFO - Filling up the DagBag from /opt/airflow/dags/lakehouse_pipeline.py
[2026-08-29T15:47:22.988+0000] {processor.py:840} INFO - DAG(s) 'lakehouse_pipeline' retrieved from /opt/airflow/dags/lakehouse_pipeline.py
[2026-08-29T15:47:23.030+0000] {logging_mixin.py:188} INFO - [2026-08-29T15:47:23.030+0000] {dag.py:3089} INFO - Sync 1 DAGs
[2026-08-29T15:47:23.043+0000] {logging_mixin.py:188} INFO - [2026-08-29T15:47:23.043+0000] {dag.py:3947} INFO - Setting next_dagrun for lakehouse_pipeline to None, run_after=None
[2026-08-29T15:47:23.060+0000] {processor.py:183} INFO - Processing /opt/airflow/dags/lakehouse_pipeline.py took 0.102 seconds
[2026-08-29T15:47:53.265+0000] {processor.py:161} INFO - Started process (PID=1537) to work on /opt/airflow/dags/lakehouse_pipeline.py
[2026-08-29T15:47:53.266+0000] {processor.py:830} INFO - Processing file /opt/airflow/dags/lakehouse_pipeline.py for tasks to queue
[2026-08-29T15:47:53.269+0000] {logging_mixin.py:188} INFO - [2026-08-29T15:47:53.268+0000] {dagbag.py:545} INFO - Filling up the DagBag from /opt/airflow/dags/lakehouse_pipeline.py
[2026-08-29T15:47:53.292+0000] {processor.py:840} INFO - DAG(s) 'lakehouse_pipeline' retrieved from /opt/airflow/dags/lakehouse_pipeline.py
[2026-08-29T15:47:53.342+0000] {logging_mixin.py:188} INFO - [2026-08-29T15:47:53.342+0000] {dag.py:3089} INFO - Sync 1 DAGs
[2026-08-29T15:47:53.355+0000] {logging_mixin.py:188} INFO - [2026-08-29T15:47:53.355+0000] {dag.py:3947} INFO - Setting next_dagrun for lakehouse_pipeline to None, run_after=None
[2026-08-29T15:47:53.387+0000] {processor.py:183} INFO - Processing /opt/airflow/dags/lakehouse_pipeline.py took 0.130 seconds
[2026-08-29T15:48:23.548+0000] {processor.py:161} INFO - Started process (PID=1542) to work on /opt/airflow/dags/lakehouse_pipeline.py
[2026-08-29T15:48:23.549+0000] {processor.py:830} INFO - Processing file /opt/airflow/dags/lakehouse_pipeline.py for tasks to queue
[2026-08-29T15:48:23.551+0000] {logging_mixin.py:188} INFO - [2026-08-29T15:48:23.550+0000] {dagbag.py:545} INFO - Filling up the DagBag from /opt/airflow/dags/lakehouse_pipeline.py
[2026-08-29T15:48:23.577+0000] {processor.py:840} INFO - DAG(s) 'lakehouse_pipeline' retrieved from /opt/airflow/dags/lakehouse_pipeline.py
[2026-08-29T15:48:23.630+0000] {logging_mixin.py:188} INFO - [2026-08-29T15:48:23.630+0000] {dag.py:3089} INFO - Sync 1 DAGs
[2026-08-29T15:48:23.649+0000] {logging_mixin.py:188} INFO - [2026-08-29T15:48:23.649+0000] {dag.py:3947} INFO - Setting next_dagrun for lakehouse_pipeline to None, run_after=None
[2026-08-29T15:48:23.673+0000] {processor.py:183} INFO - Processing /opt/airflow/dags/lakehouse_pipeline.py took 0.135 seconds
[2026-08-29T15:48:53.783+0000] {processor.py:161} INFO - Started process (PID=1547) to work on /opt/airflow/dags/lakehouse_pipeline.py
[2026-08-29T15:48:53.785+0000] {processor.py:830} INFO - Processing file /opt/airflow/dags/lakehouse_pipeline.py for tasks to queue
[2026-08-29T15:48:53.786+0000] {logging_mixin.py:188} INFO - [2026-08-29T15:48:53.786+0000] {dagbag.py:545} INFO - Filling up the DagBag from /opt/airflow/dags/lakehouse_pipeline.py
[2026-08-29T15:48:53.806+0000] {processor.py:840} INFO - DAG(s) 'lakehouse_pipeline' retrieved from /opt/airflow/dags/lakehouse_pipeline.py
[2026-08-29T15:48:53.851+0000] {logging_mixin.py:188} INFO - [2026-08-29T15:48:53.850+0000] {dag.py:3089} INFO - Sync 1 DAGs
[2026-08-29T15:48:53.863+0000] {logging_mixin.py:188} INFO - [2026-08-29T15:48:53.863+0000] {dag.py:3947} INFO - Setting next_dagrun for lakehouse_pipeline to None, run_after=None
[2026-08-29T15:48:53.886+0000] {processor.py:183} INFO - Processing /opt/airflow/dags/lakehouse_pipeline.py took 0.110 seconds
[2026-08-29T15:49:24.009+0000] {processor.py:161} INFO - Started process (PID=1552) to work on /opt/airflow/dags/lakehouse_pipeline.py
[2026-08-29T15:49:24.010+0000] {processor.py:830} INFO - Processing file /opt/airflow/dags/lakehouse_pipeline.py for tasks to queue
[2026-08-29T15:49:24.012+0000] {logging_mixin.py:188} INFO - [2026-08-29T15:49:24.012+0000] {dagbag.py:545} INFO - Filling up the DagBag from /opt/airflow/dags/lakehouse_pipeline.py
[2026-08-29T15:49:24.033+0000] {processor.py:840} INFO - DAG(s) 'lakehouse_pipeline' retrieved from /opt/airflow/dags/lakehouse_pipeline.py
[2026-08-29T15:49:24.075+0000] {logging_mixin.py:188} INFO - [2026-08-29T15:49:24.075+0000] {dag.py:3089} INFO - Sync 1 DAGs
[2026-08-29T15:49:24.089+0000] {logging_mixin.py:188} INFO - [2026-08-29T15:49:24.088+0000] {dag.py:3947} INFO - Setting next_dagrun for lakehouse_pipeline to None, run_after=None
[2026-08-29T15:49:24.112+0000] {processor.py:183} INFO - Processing /opt/airflow/dags/lakehouse_pipeline.py took 0.110 seconds
[2026-08-29T15:49:54.332+0000] {processor.py:161} INFO - Started process (PID=1557) to work on /opt/airflow/dags/lakehouse_pipeline.py
[2026-08-29T15:49:54.333+0000] {processor.py:830} INFO - Processing file /opt/airflow/dags/lakehouse_pipeline.py for tasks to queue
[2026-08-29T15:49:54.337+0000] {logging_mixin.py:188} INFO - [2026-08-29T15:49:54.336+0000] {dagbag.py:545} INFO - Filling up the DagBag from /opt/airflow/dags/lakehouse_pipeline.py
[2026-08-29T15:49:54.370+0000] {processor.py:840} INFO - DAG(s) 'lakehouse_pipeline' retrieved from /opt/airflow/dags/lakehouse_pipeline.py
[2026-08-29T15:49:54.486+0000] {logging_mixin.py:188} INFO - [2026-08-29T15:49:54.486+0000] {dag.py:3089} INFO - Sync 1 DAGs
[2026-08-29T15:49:54.516+0000] {logging_mixin.py:188} INFO - [2026-08-29T15:49:54.516+0000] {dag.py:3947} INFO - Setting next_dagrun for lakehouse_pipeline to None, run_after=None
[2026-08-29T15:49:54.557+0000] {processor.py:183} INFO - Processing /opt/airflow/dags/lakehouse_pipeline.py took 0.232 seconds
[2026-08-29T15:50:24.635+0000] {processor.py:161} INFO - Started process (PID=1562) to work on /opt/airflow/dags/lakehouse_pipeline.py
[2026-08-29T15:50:24.635+0000] {processor.py:830} INFO - Processing file /opt/airflow/dags/lakehouse_pipeline.py for tasks to queue
[2026-08-29T15:50:24.637+0000] {logging_mixin.py:188} INFO - [2026-08-29T15:50:24.637+0000] {dagbag.py:545} INFO - Filling up the DagBag from /opt/airflow/dags/lakehouse_pipeline.py
[2026-08-29T15:50:24.655+0000] {processor.py:840} INFO - DAG(s) 'lakehouse_pipeline' retrieved from /opt/airflow/dags/lakehouse_pipeline.py
[2026-08-29T15:50:24.696+0000] {logging_mixin.py:188} INFO - [2026-08-29T15:50:24.696+0000] {dag.py:3089} INFO - Sync 1 DAGs
[2026-08-29T15:50:24.708+0000] {logging_mixin.py:188} INFO - [2026-08-29T15:50:24.708+0000] {dag.py:3947} INFO - Setting next_dagrun for lakehouse_pipeline to None, run_after=None
[2026-08-29T15:50:24.726+0000] {processor.py:183} INFO - Processing /opt/airflow/dags/lakehouse_pipeline.py took 0.098 seconds
[2026-08-29T15:50:54.889+0000] {processor.py:161} INFO - Started process (PID=1567) to work on /opt/airflow/dags/lakehouse_pipeline.py
[2026-08-29T15:50:54.890+0000] {processor.py:830} INFO - Processing file /opt/airflow/dags/lakehouse_pipeline.py for tasks to queue
[2026-08-29T15:50:54.892+0000] {logging_mixin.py:188} INFO - [2026-08-29T15:50:54.892+0000] {dagbag.py:545} INFO - Filling up the DagBag from /opt/airflow/dags/lakehouse_pipeline.py
[2026-08-29T15:50:54.917+0000] {processor.py:840} INFO - DAG(s) 'lakehouse_pipeline' retrieved from /opt/airflow/dags/lakehouse_pipeline.py
[2026-08-29T15:50:54.960+0000] {logging_mixin.py:188} INFO - [2026-08-29T15:50:54.960+0000] {dag.py:3089} INFO - Sync 1 DAGs
[2026-08-29T15:50:54.973+0000] {logging_mixin.py:188} INFO - [2026-08-29T15:50:54.972+0000] {dag.py:3947} INFO - Setting next_dagrun for lakehouse_pipeline to None, run_after=None
[2026-08-29T15:50:54.994+0000] {processor.py:183} INFO - Processing /opt/airflow/dags/lakehouse_pipeline.py took 0.112 seconds
[2026-08-29T15:51:25.128+0000] {processor.py:161} INFO - Started process (PID=1572) to work on /opt/airflow/dags/lakehouse_pipeline.py
[2026-08-29T15:51:25.129+0000] {processor.py:830} INFO - Processing file /opt/airflow/dags/lakehouse_pipeline.py for tasks to queue
[2026-08-29T15:51:25.131+0000] {logging_mixin.py:188} INFO - [2026-08-29T15:51:25.131+0000] {dagbag.py:545} INFO - Filling up the DagBag from /opt/airflow/dags/lakehouse_pipeline.py
[2026-08-29T15:51:25.153+0000] {processor.py:840} INFO - DAG(s) 'lakehouse_pipeline' retrieved from /opt/airflow/dags/lakehouse_pipeline.py
[2026-08-29T15:51:25.195+0000] {logging_mixin.py:188} INFO - [2026-08-29T15:51:25.194+0000] {dag.py:3089} INFO - Sync 1 DAGs
[2026-08-29T15:51:25.209+0000] {logging_mixin.py:188} INFO - [2026-08-29T15:51:25.209+0000] {dag.py:3947} INFO - Setting next_dagrun for lakehouse_pipeline to None, run_after=None
[2026-08-29T15:51:25.237+0000] {processor.py:183} INFO - Processing /opt/airflow/dags/lakehouse_pipeline.py took 0.116 seconds
[2026-08-29T15:51:55.439+0000] {processor.py:161} INFO - Started process (PID=1577) to work on /opt/airflow/dags/lakehouse_pipeline.py
[2026-08-29T15:51:55.440+0000] {processor.py:830} INFO - Processing file /opt/airflow/dags/lakehouse_pipeline.py for tasks to queue
[2026-08-29T15:51:55.442+0000] {logging_mixin.py:188} INFO - [2026-08-29T15:51:55.442+0000] {dagbag.py:545} INFO - Filling up the DagBag from /opt/airflow/dags/lakehouse_pipeline.py
[2026-08-29T15:51:55.464+0000] {processor.py:840} INFO - DAG(s) 'lakehouse_pipeline' retrieved from /opt/airflow/dags/lakehouse_pipeline.py
[2026-08-29T15:51:55.540+0000] {logging_mixin.py:188} INFO - [2026-08-29T15:51:55.539+0000] {dag.py:3089} INFO - Sync 1 DAGs
[2026-08-29T15:51:55.556+0000] {logging_mixin.py:188} INFO - [2026-08-29T15:51:55.556+0000] {dag.py:3947} INFO - Setting next_dagrun for lakehouse_pipeline to None, run_after=None
[2026-08-29T15:51:55.580+0000] {processor.py:183} INFO - Processing /opt/airflow/dags/lakehouse_pipeline.py took 0.150 seconds
[2026-08-29T15:52:25.709+0000] {processor.py:161} INFO - Started process (PID=1582) to work on /opt/airflow/dags/lakehouse_pipeline.py
[2026-08-29T15:52:25.710+0000] {processor.py:830} INFO - Processing file /opt/airflow/dags/lakehouse_pipeline.py for tasks to queue
[2026-08-29T15:52:25.712+0000] {logging_mixin.py:188} INFO - [2026-08-29T15:52:25.711+0000] {dagbag.py:545} INFO - Filling up the DagBag from /opt/airflow/dags/lakehouse_pipeline.py
[2026-08-29T15:52:25.732+0000] {processor.py:840} INFO - DAG(s) 'lakehouse_pipeline' retrieved from /opt/airflow/dags/lakehouse_pipeline.py
[2026-08-29T15:52:25.772+0000] {logging_mixin.py:188} INFO - [2026-08-29T15:52:25.771+0000] {dag.py:3089} INFO - Sync 1 DAGs
[2026-08-29T15:52:25.783+0000] {logging_mixin.py:188} INFO - [2026-08-29T15:52:25.783+0000] {dag.py:3947} INFO - Setting next_dagrun for lakehouse_pipeline to None, run_after=None
[2026-08-29T15:52:25.811+0000] {processor.py:183} INFO - Processing /opt/airflow/dags/lakehouse_pipeline.py took 0.109 seconds
[2026-08-29T15:52:56.088+0000] {processor.py:161} INFO - Started process (PID=1587) to work on /opt/airflow/dags/lakehouse_pipeline.py
[2026-08-29T15:52:56.089+0000] {processor.py:830} INFO - Processing file /opt/airflow/dags/lakehouse_pipeline.py for tasks to queue
[2026-08-29T15:52:56.090+0000] {logging_mixin.py:188} INFO - [2026-08-29T15:52:56.090+0000] {dagbag.py:545} INFO - Filling up the DagBag from /opt/airflow/dags/lakehouse_pipeline.py
[2026-08-29T15:52:56.111+0000] {processor.py:840} INFO - DAG(s) 'lakehouse_pipeline' retrieved from /opt/airflow/dags/lakehouse_pipeline.py
[2026-08-29T15:52:56.152+0000] {logging_mixin.py:188} INFO - [2026-08-29T15:52:56.152+0000] {dag.py:3089} INFO - Sync 1 DAGs
[2026-08-29T15:52:56.165+0000] {logging_mixin.py:188} INFO - [2026-08-29T15:52:56.164+0000] {dag.py:3947} INFO - Setting next_dagrun for lakehouse_pipeline to None, run_after=None
[2026-08-29T15:52:56.183+0000] {processor.py:183} INFO - Processing /opt/airflow/dags/lakehouse_pipeline.py took 0.101 seconds
[2026-08-29T15:53:26.340+0000] {processor.py:161} INFO - Started process (PID=1592) to work on /opt/airflow/dags/lakehouse_pipeline.py
[2026-08-29T15:53:26.342+0000] {processor.py:830} INFO - Processing file /opt/airflow/dags/lakehouse_pipeline.py for tasks to queue
[2026-08-29T15:53:26.346+0000] {logging_mixin.py:188} INFO - [2026-08-29T15:53:26.345+0000] {dagbag.py:545} INFO - Filling up the DagBag from /opt/airflow/dags/lakehouse_pipeline.py
[2026-08-29T15:53:26.382+0000] {processor.py:840} INFO - DAG(s) 'lakehouse_pipeline' retrieved from /opt/airflow/dags/lakehouse_pipeline.py
[2026-08-29T15:53:26.448+0000] {logging_mixin.py:188} INFO - [2026-08-29T15:53:26.447+0000] {dag.py:3089} INFO - Sync 1 DAGs
[2026-08-29T15:53:26.464+0000] {logging_mixin.py:188} INFO - [2026-08-29T15:53:26.463+0000] {dag.py:3947} INFO - Setting next_dagrun for lakehouse_pipeline to None, run_after=None
[2026-08-29T15:53:26.489+0000] {processor.py:183} INFO - Processing /opt/airflow/dags/lakehouse_pipeline.py took 0.163 seconds
[2026-08-29T15:53:56.643+0000] {processor.py:161} INFO - Started process (PID=1597) to work on /opt/airflow/dags/lakehouse_pipeline.py
[2026-08-29T15:53:56.647+0000] {processor.py:830} INFO - Processing file /opt/airflow/dags/lakehouse_pipeline.py for tasks to queue
[2026-08-29T15:53:56.653+0000] {logging_mixin.py:188} INFO - [2026-08-29T15:53:56.652+0000] {dagbag.py:545} INFO - Filling up the DagBag from /opt/airflow/dags/lakehouse_pipeline.py
[2026-08-29T15:53:56.691+0000] {processor.py:840} INFO - DAG(s) 'lakehouse_pipeline' retrieved from /opt/airflow/dags/lakehouse_pipeline.py
[2026-08-29T15:53:56.734+0000] {logging_mixin.py:188} INFO - [2026-08-29T15:53:56.734+0000] {dag.py:3089} INFO - Sync 1 DAGs
[2026-08-29T15:53:56.745+0000] {logging_mixin.py:188} INFO - [2026-08-29T15:53:56.745+0000] {dag.py:3947} INFO - Setting next_dagrun for lakehouse_pipeline to None, run_after=None
[2026-08-29T15:53:56.768+0000] {processor.py:183} INFO - Processing /opt/airflow/dags/lakehouse_pipeline.py took 0.135 seconds
[2026-08-29T15:54:26.943+0000] {processor.py:161} INFO - Started process (PID=1602) to work on /opt/airflow/dags/lakehouse_pipeline.py
[2026-08-29T15:54:26.944+0000] {processor.py:830} INFO - Processing file /opt/airflow/dags/lakehouse_pipeline.py for tasks to queue
[2026-08-29T15:54:26.946+0000] {logging_mixin.py:188} INFO - [2026-08-29T15:54:26.946+0000] {dagbag.py:545} INFO - Filling up the DagBag from /opt/airflow/dags/lakehouse_pipeline.py
[2026-08-29T15:54:26.970+0000] {processor.py:840} INFO - DAG(s) 'lakehouse_pipeline' retrieved from /opt/airflow/dags/lakehouse_pipeline.py
[2026-08-29T15:54:27.029+0000] {logging_mixin.py:188} INFO - [2026-08-29T15:54:27.029+0000] {dag.py:3089} INFO - Sync 1 DAGs
[2026-08-29T15:54:27.045+0000] {logging_mixin.py:188} INFO - [2026-08-29T15:54:27.044+0000] {dag.py:3947} INFO - Setting next_dagrun for lakehouse_pipeline to None, run_after=None
[2026-08-29T15:54:27.071+0000] {processor.py:183} INFO - Processing /opt/airflow/dags/lakehouse_pipeline.py took 0.140 seconds
[2026-08-29T15:54:57.420+0000] {processor.py:161} INFO - Started process (PID=1607) to work on /opt/airflow/dags/lakehouse_pipeline.py
[2026-08-29T15:54:57.422+0000] {processor.py:830} INFO - Processing file /opt/airflow/dags/lakehouse_pipeline.py for tasks to queue
[2026-08-29T15:54:57.434+0000] {logging_mixin.py:188} INFO - [2026-08-29T15:54:57.430+0000] {dagbag.py:545} INFO - Filling up the DagBag from /opt/airflow/dags/lakehouse_pipeline.py
[2026-08-29T15:54:57.530+0000] {processor.py:840} INFO - DAG(s) 'lakehouse_pipeline' retrieved from /opt/airflow/dags/lakehouse_pipeline.py
[2026-08-29T15:54:57.815+0000] {logging_mixin.py:188} INFO - [2026-08-29T15:54:57.815+0000] {dag.py:3089} INFO - Sync 1 DAGs
[2026-08-29T15:54:57.987+0000] {logging_mixin.py:188} INFO - [2026-08-29T15:54:57.987+0000] {dag.py:3947} INFO - Setting next_dagrun for lakehouse_pipeline to None, run_after=None
[2026-08-29T15:54:58.090+0000] {processor.py:183} INFO - Processing /opt/airflow/dags/lakehouse_pipeline.py took 0.713 seconds
[2026-08-29T15:55:28.411+0000] {processor.py:161} INFO - Started process (PID=1612) to work on /opt/airflow/dags/lakehouse_pipeline.py
[2026-08-29T15:55:28.412+0000] {processor.py:830} INFO - Processing file /opt/airflow/dags/lakehouse_pipeline.py for tasks to queue
[2026-08-29T15:55:28.416+0000] {logging_mixin.py:188} INFO - [2026-08-29T15:55:28.414+0000] {dagbag.py:545} INFO - Filling up the DagBag from /opt/airflow/dags/lakehouse_pipeline.py
[2026-08-29T15:55:28.450+0000] {processor.py:840} INFO - DAG(s) 'lakehouse_pipeline' retrieved from /opt/airflow/dags/lakehouse_pipeline.py
[2026-08-29T15:55:28.492+0000] {logging_mixin.py:188} INFO - [2026-08-29T15:55:28.492+0000] {dag.py:3089} INFO - Sync 1 DAGs
[2026-08-29T15:55:28.505+0000] {logging_mixin.py:188} INFO - [2026-08-29T15:55:28.504+0000] {dag.py:3947} INFO - Setting next_dagrun for lakehouse_pipeline to None, run_after=None
[2026-08-29T15:55:28.522+0000] {processor.py:183} INFO - Processing /opt/airflow/dags/lakehouse_pipeline.py took 0.118 seconds
[2026-08-29T15:55:58.669+0000] {processor.py:161} INFO - Started process (PID=1617) to work on /opt/airflow/dags/lakehouse_pipeline.py
[2026-08-29T15:55:58.670+0000] {processor.py:830} INFO - Processing file /opt/airflow/dags/lakehouse_pipeline.py for tasks to queue
[2026-08-29T15:55:58.672+0000] {logging_mixin.py:188} INFO - [2026-08-29T15:55:58.671+0000] {dagbag.py:545} INFO - Filling up the DagBag from /opt/airflow/dags/lakehouse_pipeline.py
[2026-08-29T15:55:58.694+0000] {processor.py:840} INFO - DAG(s) 'lakehouse_pipeline' retrieved from /opt/airflow/dags/lakehouse_pipeline.py
[2026-08-29T15:55:58.735+0000] {logging_mixin.py:188} INFO - [2026-08-29T15:55:58.735+0000] {dag.py:3089} INFO - Sync 1 DAGs
[2026-08-29T15:55:58.750+0000] {logging_mixin.py:188} INFO - [2026-08-29T15:55:58.749+0000] {dag.py:3947} INFO - Setting next_dagrun for lakehouse_pipeline to None, run_after=None
[2026-08-29T15:55:58.769+0000] {processor.py:183} INFO - Processing /opt/airflow/dags/lakehouse_pipeline.py took 0.107 seconds
[2026-08-29T15:56:28.883+0000] {processor.py:161} INFO - Started process (PID=1622) to work on /opt/airflow/dags/lakehouse_pipeline.py
[2026-08-29T15:56:28.884+0000] {processor.py:830} INFO - Processing file /opt/airflow/dags/lakehouse_pipeline.py for tasks to queue
[2026-08-29T15:56:28.886+0000] {logging_mixin.py:188} INFO - [2026-08-29T15:56:28.885+0000] {dagbag.py:545} INFO - Filling up the DagBag from /opt/airflow/dags/lakehouse_pipeline.py
[2026-08-29T15:56:28.912+0000] {processor.py:840} INFO - DAG(s) 'lakehouse_pipeline' retrieved from /opt/airflow/dags/lakehouse_pipeline.py
[2026-08-29T15:56:28.965+0000] {logging_mixin.py:188} INFO - [2026-08-29T15:56:28.965+0000] {dag.py:3089} INFO - Sync 1 DAGs
[2026-08-29T15:56:28.986+0000] {logging_mixin.py:188} INFO - [2026-08-29T15:56:28.986+0000] {dag.py:3947} INFO - Setting next_dagrun for lakehouse_pipeline to None, run_after=None
[2026-08-29T15:56:29.015+0000] {processor.py:183} INFO - Processing /opt/airflow/dags/lakehouse_pipeline.py took 0.139 seconds
[2026-08-29T15:56:59.203+0000] {processor.py:161} INFO - Started process (PID=1627) to work on /opt/airflow/dags/lakehouse_pipeline.py
[2026-08-29T15:56:59.204+0000] {processor.py:830} INFO - Processing file /opt/airflow/dags/lakehouse_pipeline.py for tasks to queue
[2026-08-29T15:56:59.206+0000] {logging_mixin.py:188} INFO - [2026-08-29T15:56:59.206+0000] {dagbag.py:545} INFO - Filling up the DagBag from /opt/airflow/dags/lakehouse_pipeline.py
[2026-08-29T15:56:59.228+0000] {processor.py:840} INFO - DAG(s) 'lakehouse_pipeline' retrieved from /opt/airflow/dags/lakehouse_pipeline.py
[2026-08-29T15:56:59.272+0000] {logging_mixin.py:188} INFO - [2026-08-29T15:56:59.272+0000] {dag.py:3089} INFO - Sync 1 DAGs
[2026-08-29T15:56:59.286+0000] {logging_mixin.py:188} INFO - [2026-08-29T15:56:59.286+0000] {dag.py:3947} INFO - Setting next_dagrun for lakehouse_pipeline to None, run_after=None
[2026-08-29T15:56:59.307+0000] {processor.py:183} INFO - Processing /opt/airflow/dags/lakehouse_pipeline.py took 0.112 seconds
[2026-08-29T15:57:29.547+0000] {processor.py:161} INFO - Started process (PID=1632) to work on /opt/airflow/dags/lakehouse_pipeline.py
[2026-08-29T15:57:29.548+0000] {processor.py:830} INFO - Processing file /opt/airflow/dags/lakehouse_pipeline.py for tasks to queue
[2026-08-29T15:57:29.550+0000] {logging_mixin.py:188} INFO - [2026-08-29T15:57:29.550+0000] {dagbag.py:545} INFO - Filling up the DagBag from /opt/airflow/dags/lakehouse_pipeline.py
[2026-08-29T15:57:29.573+0000] {processor.py:840} INFO - DAG(s) 'lakehouse_pipeline' retrieved from /opt/airflow/dags/lakehouse_pipeline.py
[2026-08-29T15:57:29.649+0000] {logging_mixin.py:188} INFO - [2026-08-29T15:57:29.648+0000] {dag.py:3089} INFO - Sync 1 DAGs
[2026-08-29T15:57:29.665+0000] {logging_mixin.py:188} INFO - [2026-08-29T15:57:29.665+0000] {dag.py:3947} INFO - Setting next_dagrun for lakehouse_pipeline to None, run_after=None
[2026-08-29T15:57:29.689+0000] {processor.py:183} INFO - Processing /opt/airflow/dags/lakehouse_pipeline.py took 0.149 seconds
[2026-08-29T15:57:59.788+0000] {processor.py:161} INFO - Started process (PID=1637) to work on /opt/airflow/dags/lakehouse_pipeline.py
[2026-08-29T15:57:59.789+0000] {processor.py:830} INFO - Processing file /opt/airflow/dags/lakehouse_pipeline.py for tasks to queue
[2026-08-29T15:57:59.791+0000] {logging_mixin.py:188} INFO - [2026-08-29T15:57:59.790+0000] {dagbag.py:545} INFO - Filling up the DagBag from /opt/airflow/dags/lakehouse_pipeline.py
[2026-08-29T15:57:59.810+0000] {processor.py:840} INFO - DAG(s) 'lakehouse_pipeline' retrieved from /opt/airflow/dags/lakehouse_pipeline.py
[2026-08-29T15:57:59.855+0000] {logging_mixin.py:188} INFO - [2026-08-29T15:57:59.855+0000] {dag.py:3089} INFO - Sync 1 DAGs
[2026-08-29T15:57:59.869+0000] {logging_mixin.py:188} INFO - [2026-08-29T15:57:59.869+0000] {dag.py:3947} INFO - Setting next_dagrun for lakehouse_pipeline to None, run_after=None
[2026-08-29T15:57:59.891+0000] {processor.py:183} INFO - Processing /opt/airflow/dags/lakehouse_pipeline.py took 0.111 seconds
[2026-08-29T15:58:30.027+0000] {processor.py:161} INFO - Started process (PID=1642) to work on /opt/airflow/dags/lakehouse_pipeline.py
[2026-08-29T15:58:30.028+0000] {processor.py:830} INFO - Processing file /opt/airflow/dags/lakehouse_pipeline.py for tasks to queue
[2026-08-29T15:58:30.030+0000] {logging_mixin.py:188} INFO - [2026-08-29T15:58:30.029+0000] {dagbag.py:545} INFO - Filling up the DagBag from /opt/airflow/dags/lakehouse_pipeline.py
[2026-08-29T15:58:30.050+0000] {processor.py:840} INFO - DAG(s) 'lakehouse_pipeline' retrieved from /opt/airflow/dags/lakehouse_pipeline.py
[2026-08-29T15:58:30.090+0000] {logging_mixin.py:188} INFO - [2026-08-29T15:58:30.090+0000] {dag.py:3089} INFO - Sync 1 DAGs
[2026-08-29T15:58:30.103+0000] {logging_mixin.py:188} INFO - [2026-08-29T15:58:30.102+0000] {dag.py:3947} INFO - Setting next_dagrun for lakehouse_pipeline to None, run_after=None
[2026-08-29T15:58:30.121+0000] {processor.py:183} INFO - Processing /opt/airflow/dags/lakehouse_pipeline.py took 0.102 seconds
[2026-08-29T15:59:00.394+0000] {processor.py:161} INFO - Started process (PID=1647) to work on /opt/airflow/dags/lakehouse_pipeline.py
[2026-08-29T15:59:00.395+0000] {processor.py:830} INFO - Processing file /opt/airflow/dags/lakehouse_pipeline.py for tasks to queue
[2026-08-29T15:59:00.397+0000] {logging_mixin.py:188} INFO - [2026-08-29T15:59:00.397+0000] {dagbag.py:545} INFO - Filling up the DagBag from /opt/airflow/dags/lakehouse_pipeline.py
[2026-08-29T15:59:00.418+0000] {processor.py:840} INFO - DAG(s) 'lakehouse_pipeline' retrieved from /opt/airflow/dags/lakehouse_pipeline.py
[2026-08-29T15:59:00.460+0000] {logging_mixin.py:188} INFO - [2026-08-29T15:59:00.460+0000] {dag.py:3089} INFO - Sync 1 DAGs
[2026-08-29T15:59:00.474+0000] {logging_mixin.py:188} INFO - [2026-08-29T15:59:00.474+0000] {dag.py:3947} INFO - Setting next_dagrun for lakehouse_pipeline to None, run_after=None
[2026-08-29T15:59:00.494+0000] {processor.py:183} INFO - Processing /opt/airflow/dags/lakehouse_pipeline.py took 0.106 seconds
[2026-08-29T15:59:30.680+0000] {processor.py:161} INFO - Started process (PID=1652) to work on /opt/airflow/dags/lakehouse_pipeline.py
[2026-08-29T15:59:30.681+0000] {processor.py:830} INFO - Processing file /opt/airflow/dags/lakehouse_pipeline.py for tasks to queue
[2026-08-29T15:59:30.683+0000] {logging_mixin.py:188} INFO - [2026-08-29T15:59:30.683+0000] {dagbag.py:545} INFO - Filling up the DagBag from /opt/airflow/dags/lakehouse_pipeline.py
[2026-08-29T15:59:30.705+0000] {processor.py:840} INFO - DAG(s) 'lakehouse_pipeline' retrieved from /opt/airflow/dags/lakehouse_pipeline.py
[2026-08-29T15:59:30.750+0000] {logging_mixin.py:188} INFO - [2026-08-29T15:59:30.749+0000] {dag.py:3089} INFO - Sync 1 DAGs
[2026-08-29T15:59:30.762+0000] {logging_mixin.py:188} INFO - [2026-08-29T15:59:30.762+0000] {dag.py:3947} INFO - Setting next_dagrun for lakehouse_pipeline to None, run_after=None
[2026-08-29T15:59:30.783+0000] {processor.py:183} INFO - Processing /opt/airflow/dags/lakehouse_pipeline.py took 0.110 seconds
[2026-08-29T16:00:01.022+0000] {processor.py:161} INFO - Started process (PID=1657) to work on /opt/airflow/dags/lakehouse_pipeline.py
[2026-08-29T16:00:01.023+0000] {processor.py:830} INFO - Processing file /opt/airflow/dags/lakehouse_pipeline.py for tasks to queue
[2026-08-29T16:00:01.025+0000] {logging_mixin.py:188} INFO - [2026-08-29T16:00:01.024+0000] {dagbag.py:545} INFO - Filling up the DagBag from /opt/airflow/dags/lakehouse_pipeline.py
[2026-08-29T16:00:01.044+0000] {processor.py:840} INFO - DAG(s) 'lakehouse_pipeline' retrieved from /opt/airflow/dags/lakehouse_pipeline.py
[2026-08-29T16:00:01.094+0000] {logging_mixin.py:188} INFO - [2026-08-29T16:00:01.094+0000] {dag.py:3089} INFO - Sync 1 DAGs
[2026-08-29T16:00:01.108+0000] {logging_mixin.py:188} INFO - [2026-08-29T16:00:01.107+0000] {dag.py:3947} INFO - Setting next_dagrun for lakehouse_pipeline to None, run_after=None
[2026-08-29T16:00:01.132+0000] {processor.py:183} INFO - Processing /opt/airflow/dags/lakehouse_pipeline.py took 0.117 seconds
[2026-08-29T16:00:31.328+0000] {processor.py:161} INFO - Started process (PID=1662) to work on /opt/airflow/dags/lakehouse_pipeline.py
[2026-08-29T16:00:31.329+0000] {processor.py:830} INFO - Processing file /opt/airflow/dags/lakehouse_pipeline.py for tasks to queue
[2026-08-29T16:00:31.331+0000] {logging_mixin.py:188} INFO - [2026-08-29T16:00:31.331+0000] {dagbag.py:545} INFO - Filling up the DagBag from /opt/airflow/dags/lakehouse_pipeline.py
[2026-08-29T16:00:31.352+0000] {processor.py:840} INFO - DAG(s) 'lakehouse_pipeline' retrieved from /opt/airflow/dags/lakehouse_pipeline.py
[2026-08-29T16:00:31.393+0000] {logging_mixin.py:188} INFO - [2026-08-29T16:00:31.393+0000] {dag.py:3089} INFO - Sync 1 DAGs
[2026-08-29T16:00:31.405+0000] {logging_mixin.py:188} INFO - [2026-08-29T16:00:31.405+0000] {dag.py:3947} INFO - Setting next_dagrun for lakehouse_pipeline to None, run_after=None
[2026-08-29T16:00:31.424+0000] {processor.py:183} INFO - Processing /opt/airflow/dags/lakehouse_pipeline.py took 0.104 seconds
[2026-08-29T16:01:01.684+0000] {processor.py:161} INFO - Started process (PID=1667) to work on /opt/airflow/dags/lakehouse_pipeline.py
[2026-08-29T16:01:01.685+0000] {processor.py:830} INFO - Processing file /opt/airflow/dags/lakehouse_pipeline.py for tasks to queue
[2026-08-29T16:01:01.688+0000] {logging_mixin.py:188} INFO - [2026-08-29T16:01:01.687+0000] {dagbag.py:545} INFO - Filling up the DagBag from /opt/airflow/dags/lakehouse_pipeline.py
[2026-08-29T16:01:01.716+0000] {processor.py:840} INFO - DAG(s) 'lakehouse_pipeline' retrieved from /opt/airflow/dags/lakehouse_pipeline.py
[2026-08-29T16:01:01.842+0000] {logging_mixin.py:188} INFO - [2026-08-29T16:01:01.841+0000] {dag.py:3089} INFO - Sync 1 DAGs
[2026-08-29T16:01:01.870+0000] {logging_mixin.py:188} INFO - [2026-08-29T16:01:01.870+0000] {dag.py:3947} INFO - Setting next_dagrun for lakehouse_pipeline to None, run_after=None
[2026-08-29T16:01:01.894+0000] {processor.py:183} INFO - Processing /opt/airflow/dags/lakehouse_pipeline.py took 0.223 seconds
[2026-08-29T16:01:31.946+0000] {processor.py:161} INFO - Started process (PID=1672) to work on /opt/airflow/dags/lakehouse_pipeline.py
[2026-08-29T16:01:31.947+0000] {processor.py:830} INFO - Processing file /opt/airflow/dags/lakehouse_pipeline.py for tasks to queue
[2026-08-29T16:01:31.949+0000] {logging_mixin.py:188} INFO - [2026-08-29T16:01:31.949+0000] {dagbag.py:545} INFO - Filling up the DagBag from /opt/airflow/dags/lakehouse_pipeline.py
[2026-08-29T16:01:31.971+0000] {processor.py:840} INFO - DAG(s) 'lakehouse_pipeline' retrieved from /opt/airflow/dags/lakehouse_pipeline.py
[2026-08-29T16:01:32.012+0000] {logging_mixin.py:188} INFO - [2026-08-29T16:01:32.012+0000] {dag.py:3089} INFO - Sync 1 DAGs
[2026-08-29T16:01:32.024+0000] {logging_mixin.py:188} INFO - [2026-08-29T16:01:32.024+0000] {dag.py:3947} INFO - Setting next_dagrun for lakehouse_pipeline to None, run_after=None
[2026-08-29T16:01:32.044+0000] {processor.py:183} INFO - Processing /opt/airflow/dags/lakehouse_pipeline.py took 0.105 seconds
[2026-08-29T16:02:02.190+0000] {processor.py:161} INFO - Started process (PID=1677) to work on /opt/airflow/dags/lakehouse_pipeline.py
[2026-08-29T16:02:02.191+0000] {processor.py:830} INFO - Processing file /opt/airflow/dags/lakehouse_pipeline.py for tasks to queue
[2026-08-29T16:02:02.193+0000] {logging_mixin.py:188} INFO - [2026-08-29T16:02:02.193+0000] {dagbag.py:545} INFO - Filling up the DagBag from /opt/airflow/dags/lakehouse_pipeline.py
[2026-08-29T16:02:02.214+0000] {processor.py:840} INFO - DAG(s) 'lakehouse_pipeline' retrieved from /opt/airflow/dags/lakehouse_pipeline.py
[2026-08-29T16:02:02.272+0000] {logging_mixin.py:188} INFO - [2026-08-29T16:02:02.272+0000] {dag.py:3089} INFO - Sync 1 DAGs
[2026-08-29T16:02:02.285+0000] {logging_mixin.py:188} INFO - [2026-08-29T16:02:02.285+0000] {dag.py:3947} INFO - Setting next_dagrun for lakehouse_pipeline to None, run_after=None
[2026-08-29T16:02:02.307+0000] {processor.py:183} INFO - Processing /opt/airflow/dags/lakehouse_pipeline.py took 0.124 seconds
[2026-08-29T16:02:32.550+0000] {processor.py:161} INFO - Started process (PID=1682) to work on /opt/airflow/dags/lakehouse_pipeline.py
[2026-08-29T16:02:32.551+0000] {processor.py:830} INFO - Processing file /opt/airflow/dags/lakehouse_pipeline.py for tasks to queue
[2026-08-29T16:02:32.553+0000] {logging_mixin.py:188} INFO - [2026-08-29T16:02:32.553+0000] {dagbag.py:545} INFO - Filling up the DagBag from /opt/airflow/dags/lakehouse_pipeline.py
[2026-08-29T16:02:32.574+0000] {processor.py:840} INFO - DAG(s) 'lakehouse_pipeline' retrieved from /opt/airflow/dags/lakehouse_pipeline.py
[2026-08-29T16:02:32.613+0000] {logging_mixin.py:188} INFO - [2026-08-29T16:02:32.613+0000] {dag.py:3089} INFO - Sync 1 DAGs
[2026-08-29T16:02:32.626+0000] {logging_mixin.py:188} INFO - [2026-08-29T16:02:32.625+0000] {dag.py:3947} INFO - Setting next_dagrun for lakehouse_pipeline to None, run_after=None
[2026-08-29T16:02:32.644+0000] {processor.py:183} INFO - Processing /opt/airflow/dags/lakehouse_pipeline.py took 0.101 seconds
[2026-08-29T16:03:02.842+0000] {processor.py:161} INFO - Started process (PID=1687) to work on /opt/airflow/dags/lakehouse_pipeline.py
[2026-08-29T16:03:02.843+0000] {processor.py:830} INFO - Processing file /opt/airflow/dags/lakehouse_pipeline.py for tasks to queue
[2026-08-29T16:03:02.845+0000] {logging_mixin.py:188} INFO - [2026-08-29T16:03:02.844+0000] {dagbag.py:545} INFO - Filling up the DagBag from /opt/airflow/dags/lakehouse_pipeline.py
[2026-08-29T16:03:02.865+0000] {processor.py:840} INFO - DAG(s) 'lakehouse_pipeline' retrieved from /opt/airflow/dags/lakehouse_pipeline.py
[2026-08-29T16:03:02.912+0000] {logging_mixin.py:188} INFO - [2026-08-29T16:03:02.912+0000] {dag.py:3089} INFO - Sync 1 DAGs
[2026-08-29T16:03:02.924+0000] {logging_mixin.py:188} INFO - [2026-08-29T16:03:02.924+0000] {dag.py:3947} INFO - Setting next_dagrun for lakehouse_pipeline to None, run_after=None
[2026-08-29T16:03:02.944+0000] {processor.py:183} INFO - Processing /opt/airflow/dags/lakehouse_pipeline.py took 0.110 seconds
[2026-08-29T16:03:33.100+0000] {processor.py:161} INFO - Started process (PID=1692) to work on /opt/airflow/dags/lakehouse_pipeline.py
[2026-08-29T16:03:33.101+0000] {processor.py:830} INFO - Processing file /opt/airflow/dags/lakehouse_pipeline.py for tasks to queue
[2026-08-29T16:03:33.103+0000] {logging_mixin.py:188} INFO - [2026-08-29T16:03:33.103+0000] {dagbag.py:545} INFO - Filling up the DagBag from /opt/airflow/dags/lakehouse_pipeline.py
[2026-08-29T16:03:33.123+0000] {processor.py:840} INFO - DAG(s) 'lakehouse_pipeline' retrieved from /opt/airflow/dags/lakehouse_pipeline.py
[2026-08-29T16:03:33.166+0000] {logging_mixin.py:188} INFO - [2026-08-29T16:03:33.166+0000] {dag.py:3089} INFO - Sync 1 DAGs
[2026-08-29T16:03:33.179+0000] {logging_mixin.py:188} INFO - [2026-08-29T16:03:33.179+0000] {dag.py:3947} INFO - Setting next_dagrun for lakehouse_pipeline to None, run_after=None
[2026-08-29T16:03:33.199+0000] {processor.py:183} INFO - Processing /opt/airflow/dags/lakehouse_pipeline.py took 0.107 seconds
[2026-08-29T16:04:03.445+0000] {processor.py:161} INFO - Started process (PID=1697) to work on /opt/airflow/dags/lakehouse_pipeline.py
[2026-08-29T16:04:03.446+0000] {processor.py:830} INFO - Processing file /opt/airflow/dags/lakehouse_pipeline.py for tasks to queue
[2026-08-29T16:04:03.448+0000] {logging_mixin.py:188} INFO - [2026-08-29T16:04:03.448+0000] {dagbag.py:545} INFO - Filling up the DagBag from /opt/airflow/dags/lakehouse_pipeline.py
[2026-08-29T16:04:03.468+0000] {processor.py:840} INFO - DAG(s) 'lakehouse_pipeline' retrieved from /opt/airflow/dags/lakehouse_pipeline.py
[2026-08-29T16:04:03.508+0000] {logging_mixin.py:188} INFO - [2026-08-29T16:04:03.507+0000] {dag.py:3089} INFO - Sync 1 DAGs
[2026-08-29T16:04:03.520+0000] {logging_mixin.py:188} INFO - [2026-08-29T16:04:03.520+0000] {dag.py:3947} INFO - Setting next_dagrun for lakehouse_pipeline to None, run_after=None
[2026-08-29T16:04:03.538+0000] {processor.py:183} INFO - Processing /opt/airflow/dags/lakehouse_pipeline.py took 0.099 seconds
[2026-08-29T16:04:33.727+0000] {processor.py:161} INFO - Started process (PID=1702) to work on /opt/airflow/dags/lakehouse_pipeline.py
[2026-08-29T16:04:33.729+0000] {processor.py:830} INFO - Processing file /opt/airflow/dags/lakehouse_pipeline.py for tasks to queue
[2026-08-29T16:04:33.730+0000] {logging_mixin.py:188} INFO - [2026-08-29T16:04:33.730+0000] {dagbag.py:545} INFO - Filling up the DagBag from /opt/airflow/dags/lakehouse_pipeline.py
[2026-08-29T16:04:33.750+0000] {processor.py:840} INFO - DAG(s) 'lakehouse_pipeline' retrieved from /opt/airflow/dags/lakehouse_pipeline.py
[2026-08-29T16:04:33.791+0000] {logging_mixin.py:188} INFO - [2026-08-29T16:04:33.790+0000] {dag.py:3089} INFO - Sync 1 DAGs
[2026-08-29T16:04:33.803+0000] {logging_mixin.py:188} INFO - [2026-08-29T16:04:33.802+0000] {dag.py:3947} INFO - Setting next_dagrun for lakehouse_pipeline to None, run_after=None
[2026-08-29T16:04:33.821+0000] {processor.py:183} INFO - Processing /opt/airflow/dags/lakehouse_pipeline.py took 0.101 seconds
[2026-08-29T16:05:04.084+0000] {processor.py:161} INFO - Started process (PID=1707) to work on /opt/airflow/dags/lakehouse_pipeline.py
[2026-08-29T16:05:04.085+0000] {processor.py:830} INFO - Processing file /opt/airflow/dags/lakehouse_pipeline.py for tasks to queue
[2026-08-29T16:05:04.088+0000] {logging_mixin.py:188} INFO - [2026-08-29T16:05:04.087+0000] {dagbag.py:545} INFO - Filling up the DagBag from /opt/airflow/dags/lakehouse_pipeline.py
[2026-08-29T16:05:04.107+0000] {processor.py:840} INFO - DAG(s) 'lakehouse_pipeline' retrieved from /opt/airflow/dags/lakehouse_pipeline.py
[2026-08-29T16:05:04.148+0000] {logging_mixin.py:188} INFO - [2026-08-29T16:05:04.148+0000] {dag.py:3089} INFO - Sync 1 DAGs
[2026-08-29T16:05:04.162+0000] {logging_mixin.py:188} INFO - [2026-08-29T16:05:04.162+0000] {dag.py:3947} INFO - Setting next_dagrun for lakehouse_pipeline to None, run_after=None
[2026-08-29T16:05:04.196+0000] {processor.py:183} INFO - Processing /opt/airflow/dags/lakehouse_pipeline.py took 0.118 seconds
[2026-08-29T16:05:34.342+0000] {processor.py:161} INFO - Started process (PID=1712) to work on /opt/airflow/dags/lakehouse_pipeline.py
[2026-08-29T16:05:34.343+0000] {processor.py:830} INFO - Processing file /opt/airflow/dags/lakehouse_pipeline.py for tasks to queue
[2026-08-29T16:05:34.345+0000] {logging_mixin.py:188} INFO - [2026-08-29T16:05:34.345+0000] {dagbag.py:545} INFO - Filling up the DagBag from /opt/airflow/dags/lakehouse_pipeline.py
[2026-08-29T16:05:34.365+0000] {processor.py:840} INFO - DAG(s) 'lakehouse_pipeline' retrieved from /opt/airflow/dags/lakehouse_pipeline.py
[2026-08-29T16:05:34.408+0000] {logging_mixin.py:188} INFO - [2026-08-29T16:05:34.408+0000] {dag.py:3089} INFO - Sync 1 DAGs
[2026-08-29T16:05:34.421+0000] {logging_mixin.py:188} INFO - [2026-08-29T16:05:34.421+0000] {dag.py:3947} INFO - Setting next_dagrun for lakehouse_pipeline to None, run_after=None
[2026-08-29T16:05:34.440+0000] {processor.py:183} INFO - Processing /opt/airflow/dags/lakehouse_pipeline.py took 0.105 seconds
[2026-08-29T16:06:04.753+0000] {processor.py:161} INFO - Started process (PID=1717) to work on /opt/airflow/dags/lakehouse_pipeline.py
[2026-08-29T16:06:04.754+0000] {processor.py:830} INFO - Processing file /opt/airflow/dags/lakehouse_pipeline.py for tasks to queue
[2026-08-29T16:06:04.756+0000] {logging_mixin.py:188} INFO - [2026-08-29T16:06:04.756+0000] {dagbag.py:545} INFO - Filling up the DagBag from /opt/airflow/dags/lakehouse_pipeline.py
[2026-08-29T16:06:04.775+0000] {processor.py:840} INFO - DAG(s) 'lakehouse_pipeline' retrieved from /opt/airflow/dags/lakehouse_pipeline.py
[2026-08-29T16:06:04.814+0000] {logging_mixin.py:188} INFO - [2026-08-29T16:06:04.814+0000] {dag.py:3089} INFO - Sync 1 DAGs
[2026-08-29T16:06:04.826+0000] {logging_mixin.py:188} INFO - [2026-08-29T16:06:04.826+0000] {dag.py:3947} INFO - Setting next_dagrun for lakehouse_pipeline to None, run_after=None
[2026-08-29T16:06:04.854+0000] {processor.py:183} INFO - Processing /opt/airflow/dags/lakehouse_pipeline.py took 0.107 seconds
[2026-08-29T16:06:35.010+0000] {processor.py:161} INFO - Started process (PID=1722) to work on /opt/airflow/dags/lakehouse_pipeline.py
[2026-08-29T16:06:35.011+0000] {processor.py:830} INFO - Processing file /opt/airflow/dags/lakehouse_pipeline.py for tasks to queue
[2026-08-29T16:06:35.013+0000] {logging_mixin.py:188} INFO - [2026-08-29T16:06:35.012+0000] {dagbag.py:545} INFO - Filling up the DagBag from /opt/airflow/dags/lakehouse_pipeline.py
[2026-08-29T16:06:35.033+0000] {processor.py:840} INFO - DAG(s) 'lakehouse_pipeline' retrieved from /opt/airflow/dags/lakehouse_pipeline.py
[2026-08-29T16:06:35.074+0000] {logging_mixin.py:188} INFO - [2026-08-29T16:06:35.073+0000] {dag.py:3089} INFO - Sync 1 DAGs
[2026-08-29T16:06:35.086+0000] {logging_mixin.py:188} INFO - [2026-08-29T16:06:35.086+0000] {dag.py:3947} INFO - Setting next_dagrun for lakehouse_pipeline to None, run_after=None
[2026-08-29T16:06:35.105+0000] {processor.py:183} INFO - Processing /opt/airflow/dags/lakehouse_pipeline.py took 0.103 seconds
[2026-08-29T16:07:05.344+0000] {processor.py:161} INFO - Started process (PID=1727) to work on /opt/airflow/dags/lakehouse_pipeline.py
[2026-08-29T16:07:05.347+0000] {processor.py:830} INFO - Processing file /opt/airflow/dags/lakehouse_pipeline.py for tasks to queue
[2026-08-29T16:07:05.349+0000] {logging_mixin.py:188} INFO - [2026-08-29T16:07:05.349+0000] {dagbag.py:545} INFO - Filling up the DagBag from /opt/airflow/dags/lakehouse_pipeline.py
[2026-08-29T16:07:05.373+0000] {processor.py:840} INFO - DAG(s) 'lakehouse_pipeline' retrieved from /opt/airflow/dags/lakehouse_pipeline.py
[2026-08-29T16:07:05.419+0000] {logging_mixin.py:188} INFO - [2026-08-29T16:07:05.419+0000] {dag.py:3089} INFO - Sync 1 DAGs
[2026-08-29T16:07:05.434+0000] {logging_mixin.py:188} INFO - [2026-08-29T16:07:05.434+0000] {dag.py:3947} INFO - Setting next_dagrun for lakehouse_pipeline to None, run_after=None
[2026-08-29T16:07:05.459+0000] {processor.py:183} INFO - Processing /opt/airflow/dags/lakehouse_pipeline.py took 0.121 seconds
[2026-08-29T16:07:35.632+0000] {processor.py:161} INFO - Started process (PID=1732) to work on /opt/airflow/dags/lakehouse_pipeline.py
[2026-08-29T16:07:35.633+0000] {processor.py:830} INFO - Processing file /opt/airflow/dags/lakehouse_pipeline.py for tasks to queue
[2026-08-29T16:07:35.635+0000] {logging_mixin.py:188} INFO - [2026-08-29T16:07:35.635+0000] {dagbag.py:545} INFO - Filling up the DagBag from /opt/airflow/dags/lakehouse_pipeline.py
[2026-08-29T16:07:35.655+0000] {processor.py:840} INFO - DAG(s) 'lakehouse_pipeline' retrieved from /opt/airflow/dags/lakehouse_pipeline.py
[2026-08-29T16:07:35.696+0000] {logging_mixin.py:188} INFO - [2026-08-29T16:07:35.695+0000] {dag.py:3089} INFO - Sync 1 DAGs
[2026-08-29T16:07:35.707+0000] {logging_mixin.py:188} INFO - [2026-08-29T16:07:35.707+0000] {dag.py:3947} INFO - Setting next_dagrun for lakehouse_pipeline to None, run_after=None
[2026-08-29T16:07:35.734+0000] {processor.py:183} INFO - Processing /opt/airflow/dags/lakehouse_pipeline.py took 0.109 seconds
[2026-08-29T16:08:06.024+0000] {processor.py:161} INFO - Started process (PID=1737) to work on /opt/airflow/dags/lakehouse_pipeline.py
[2026-08-29T16:08:06.025+0000] {processor.py:830} INFO - Processing file /opt/airflow/dags/lakehouse_pipeline.py for tasks to queue
[2026-08-29T16:08:06.027+0000] {logging_mixin.py:188} INFO - [2026-08-29T16:08:06.027+0000] {dagbag.py:545} INFO - Filling up the DagBag from /opt/airflow/dags/lakehouse_pipeline.py
[2026-08-29T16:08:06.046+0000] {processor.py:840} INFO - DAG(s) 'lakehouse_pipeline' retrieved from /opt/airflow/dags/lakehouse_pipeline.py
[2026-08-29T16:08:06.087+0000] {logging_mixin.py:188} INFO - [2026-08-29T16:08:06.086+0000] {dag.py:3089} INFO - Sync 1 DAGs
[2026-08-29T16:08:06.098+0000] {logging_mixin.py:188} INFO - [2026-08-29T16:08:06.098+0000] {dag.py:3947} INFO - Setting next_dagrun for lakehouse_pipeline to None, run_after=None
[2026-08-29T16:08:06.126+0000] {processor.py:183} INFO - Processing /opt/airflow/dags/lakehouse_pipeline.py took 0.108 seconds
[2026-08-29T16:08:36.290+0000] {processor.py:161} INFO - Started process (PID=1742) to work on /opt/airflow/dags/lakehouse_pipeline.py
[2026-08-29T16:08:36.292+0000] {processor.py:830} INFO - Processing file /opt/airflow/dags/lakehouse_pipeline.py for tasks to queue
[2026-08-29T16:08:36.294+0000] {logging_mixin.py:188} INFO - [2026-08-29T16:08:36.294+0000] {dagbag.py:545} INFO - Filling up the DagBag from /opt/airflow/dags/lakehouse_pipeline.py
[2026-08-29T16:08:36.317+0000] {processor.py:840} INFO - DAG(s) 'lakehouse_pipeline' retrieved from /opt/airflow/dags/lakehouse_pipeline.py
[2026-08-29T16:08:36.361+0000] {logging_mixin.py:188} INFO - [2026-08-29T16:08:36.361+0000] {dag.py:3089} INFO - Sync 1 DAGs
[2026-08-29T16:08:36.376+0000] {logging_mixin.py:188} INFO - [2026-08-29T16:08:36.376+0000] {dag.py:3947} INFO - Setting next_dagrun for lakehouse_pipeline to None, run_after=None
[2026-08-29T16:08:36.402+0000] {processor.py:183} INFO - Processing /opt/airflow/dags/lakehouse_pipeline.py took 0.122 seconds
[2026-08-29T16:09:06.663+0000] {processor.py:161} INFO - Started process (PID=1747) to work on /opt/airflow/dags/lakehouse_pipeline.py
[2026-08-29T16:09:06.665+0000] {processor.py:830} INFO - Processing file /opt/airflow/dags/lakehouse_pipeline.py for tasks to queue
[2026-08-29T16:09:06.667+0000] {logging_mixin.py:188} INFO - [2026-08-29T16:09:06.666+0000] {dagbag.py:545} INFO - Filling up the DagBag from /opt/airflow/dags/lakehouse_pipeline.py
[2026-08-29T16:09:06.686+0000] {processor.py:840} INFO - DAG(s) 'lakehouse_pipeline' retrieved from /opt/airflow/dags/lakehouse_pipeline.py
[2026-08-29T16:09:06.725+0000] {logging_mixin.py:188} INFO - [2026-08-29T16:09:06.725+0000] {dag.py:3089} INFO - Sync 1 DAGs
[2026-08-29T16:09:06.738+0000] {logging_mixin.py:188} INFO - [2026-08-29T16:09:06.738+0000] {dag.py:3947} INFO - Setting next_dagrun for lakehouse_pipeline to None, run_after=None
[2026-08-29T16:09:06.756+0000] {processor.py:183} INFO - Processing /opt/airflow/dags/lakehouse_pipeline.py took 0.099 seconds
[2026-08-29T16:09:36.964+0000] {processor.py:161} INFO - Started process (PID=1752) to work on /opt/airflow/dags/lakehouse_pipeline.py
[2026-08-29T16:09:36.965+0000] {processor.py:830} INFO - Processing file /opt/airflow/dags/lakehouse_pipeline.py for tasks to queue
[2026-08-29T16:09:36.967+0000] {logging_mixin.py:188} INFO - [2026-08-29T16:09:36.966+0000] {dagbag.py:545} INFO - Filling up the DagBag from /opt/airflow/dags/lakehouse_pipeline.py
[2026-08-29T16:09:36.986+0000] {processor.py:840} INFO - DAG(s) 'lakehouse_pipeline' retrieved from /opt/airflow/dags/lakehouse_pipeline.py
[2026-08-29T16:09:37.027+0000] {logging_mixin.py:188} INFO - [2026-08-29T16:09:37.027+0000] {dag.py:3089} INFO - Sync 1 DAGs
[2026-08-29T16:09:37.039+0000] {logging_mixin.py:188} INFO - [2026-08-29T16:09:37.039+0000] {dag.py:3947} INFO - Setting next_dagrun for lakehouse_pipeline to None, run_after=None
[2026-08-29T16:09:37.057+0000] {processor.py:183} INFO - Processing /opt/airflow/dags/lakehouse_pipeline.py took 0.100 seconds
[2026-08-29T16:10:07.260+0000] {processor.py:161} INFO - Started process (PID=1757) to work on /opt/airflow/dags/lakehouse_pipeline.py
[2026-08-29T16:10:07.261+0000] {processor.py:830} INFO - Processing file /opt/airflow/dags/lakehouse_pipeline.py for tasks to queue
[2026-08-29T16:10:07.263+0000] {logging_mixin.py:188} INFO - [2026-08-29T16:10:07.263+0000] {dagbag.py:545} INFO - Filling up the DagBag from /opt/airflow/dags/lakehouse_pipeline.py
[2026-08-29T16:10:07.284+0000] {processor.py:840} INFO - DAG(s) 'lakehouse_pipeline' retrieved from /opt/airflow/dags/lakehouse_pipeline.py
[2026-08-29T16:10:07.342+0000] {logging_mixin.py:188} INFO - [2026-08-29T16:10:07.341+0000] {dag.py:3089} INFO - Sync 1 DAGs
[2026-08-29T16:10:07.356+0000] {logging_mixin.py:188} INFO - [2026-08-29T16:10:07.356+0000] {dag.py:3947} INFO - Setting next_dagrun for lakehouse_pipeline to None, run_after=None
[2026-08-29T16:10:07.379+0000] {processor.py:183} INFO - Processing /opt/airflow/dags/lakehouse_pipeline.py took 0.126 seconds
[2026-08-29T16:10:37.584+0000] {processor.py:161} INFO - Started process (PID=1762) to work on /opt/airflow/dags/lakehouse_pipeline.py
[2026-08-29T16:10:37.585+0000] {processor.py:830} INFO - Processing file /opt/airflow/dags/lakehouse_pipeline.py for tasks to queue
[2026-08-29T16:10:37.587+0000] {logging_mixin.py:188} INFO - [2026-08-29T16:10:37.587+0000] {dagbag.py:545} INFO - Filling up the DagBag from /opt/airflow/dags/lakehouse_pipeline.py
[2026-08-29T16:10:37.607+0000] {processor.py:840} INFO - DAG(s) 'lakehouse_pipeline' retrieved from /opt/airflow/dags/lakehouse_pipeline.py
[2026-08-29T16:10:37.646+0000] {logging_mixin.py:188} INFO - [2026-08-29T16:10:37.646+0000] {dag.py:3089} INFO - Sync 1 DAGs
[2026-08-29T16:10:37.658+0000] {logging_mixin.py:188} INFO - [2026-08-29T16:10:37.658+0000] {dag.py:3947} INFO - Setting next_dagrun for lakehouse_pipeline to None, run_after=None
[2026-08-29T16:10:37.685+0000] {processor.py:183} INFO - Processing /opt/airflow/dags/lakehouse_pipeline.py took 0.108 seconds
[2026-08-29T16:11:07.937+0000] {processor.py:161} INFO - Started process (PID=1767) to work on /opt/airflow/dags/lakehouse_pipeline.py
[2026-08-29T16:11:07.938+0000] {processor.py:830} INFO - Processing file /opt/airflow/dags/lakehouse_pipeline.py for tasks to queue
[2026-08-29T16:11:07.940+0000] {logging_mixin.py:188} INFO - [2026-08-29T16:11:07.940+0000] {dagbag.py:545} INFO - Filling up the DagBag from /opt/airflow/dags/lakehouse_pipeline.py
[2026-08-29T16:11:07.963+0000] {processor.py:840} INFO - DAG(s) 'lakehouse_pipeline' retrieved from /opt/airflow/dags/lakehouse_pipeline.py
[2026-08-29T16:11:08.002+0000] {logging_mixin.py:188} INFO - [2026-08-29T16:11:08.002+0000] {dag.py:3089} INFO - Sync 1 DAGs
[2026-08-29T16:11:08.014+0000] {logging_mixin.py:188} INFO - [2026-08-29T16:11:08.014+0000] {dag.py:3947} INFO - Setting next_dagrun for lakehouse_pipeline to None, run_after=None
[2026-08-29T16:11:08.042+0000] {processor.py:183} INFO - Processing /opt/airflow/dags/lakehouse_pipeline.py took 0.111 seconds
[2026-08-29T16:11:38.233+0000] {processor.py:161} INFO - Started process (PID=1772) to work on /opt/airflow/dags/lakehouse_pipeline.py
[2026-08-29T16:11:38.234+0000] {processor.py:830} INFO - Processing file /opt/airflow/dags/lakehouse_pipeline.py for tasks to queue
[2026-08-29T16:11:38.237+0000] {logging_mixin.py:188} INFO - [2026-08-29T16:11:38.236+0000] {dagbag.py:545} INFO - Filling up the DagBag from /opt/airflow/dags/lakehouse_pipeline.py
[2026-08-29T16:11:38.261+0000] {processor.py:840} INFO - DAG(s) 'lakehouse_pipeline' retrieved from /opt/airflow/dags/lakehouse_pipeline.py
[2026-08-29T16:11:38.320+0000] {logging_mixin.py:188} INFO - [2026-08-29T16:11:38.319+0000] {dag.py:3089} INFO - Sync 1 DAGs
[2026-08-29T16:11:38.332+0000] {logging_mixin.py:188} INFO - [2026-08-29T16:11:38.332+0000] {dag.py:3947} INFO - Setting next_dagrun for lakehouse_pipeline to None, run_after=None
[2026-08-29T16:11:38.352+0000] {processor.py:183} INFO - Processing /opt/airflow/dags/lakehouse_pipeline.py took 0.130 seconds
[2026-08-29T16:12:08.617+0000] {processor.py:161} INFO - Started process (PID=1777) to work on /opt/airflow/dags/lakehouse_pipeline.py
[2026-08-29T16:12:08.618+0000] {processor.py:830} INFO - Processing file /opt/airflow/dags/lakehouse_pipeline.py for tasks to queue
[2026-08-29T16:12:08.619+0000] {logging_mixin.py:188} INFO - [2026-08-29T16:12:08.619+0000] {dagbag.py:545} INFO - Filling up the DagBag from /opt/airflow/dags/lakehouse_pipeline.py
[2026-08-29T16:12:08.639+0000] {processor.py:840} INFO - DAG(s) 'lakehouse_pipeline' retrieved from /opt/airflow/dags/lakehouse_pipeline.py
[2026-08-29T16:12:08.678+0000] {logging_mixin.py:188} INFO - [2026-08-29T16:12:08.678+0000] {dag.py:3089} INFO - Sync 1 DAGs
[2026-08-29T16:12:08.690+0000] {logging_mixin.py:188} INFO - [2026-08-29T16:12:08.690+0000] {dag.py:3947} INFO - Setting next_dagrun for lakehouse_pipeline to None, run_after=None
[2026-08-29T16:12:08.708+0000] {processor.py:183} INFO - Processing /opt/airflow/dags/lakehouse_pipeline.py took 0.098 seconds
[2026-08-29T16:12:38.919+0000] {processor.py:161} INFO - Started process (PID=1782) to work on /opt/airflow/dags/lakehouse_pipeline.py
[2026-08-29T16:12:38.921+0000] {processor.py:830} INFO - Processing file /opt/airflow/dags/lakehouse_pipeline.py for tasks to queue
[2026-08-29T16:12:38.924+0000] {logging_mixin.py:188} INFO - [2026-08-29T16:12:38.923+0000] {dagbag.py:545} INFO - Filling up the DagBag from /opt/airflow/dags/lakehouse_pipeline.py
[2026-08-29T16:12:38.944+0000] {processor.py:840} INFO - DAG(s) 'lakehouse_pipeline' retrieved from /opt/airflow/dags/lakehouse_pipeline.py
[2026-08-29T16:12:38.983+0000] {logging_mixin.py:188} INFO - [2026-08-29T16:12:38.982+0000] {dag.py:3089} INFO - Sync 1 DAGs
[2026-08-29T16:12:38.995+0000] {logging_mixin.py:188} INFO - [2026-08-29T16:12:38.994+0000] {dag.py:3947} INFO - Setting next_dagrun for lakehouse_pipeline to None, run_after=None
[2026-08-29T16:12:39.014+0000] {processor.py:183} INFO - Processing /opt/airflow/dags/lakehouse_pipeline.py took 0.102 seconds
[2026-08-29T16:13:09.189+0000] {processor.py:161} INFO - Started process (PID=1787) to work on /opt/airflow/dags/lakehouse_pipeline.py
[2026-08-29T16:13:09.190+0000] {processor.py:830} INFO - Processing file /opt/airflow/dags/lakehouse_pipeline.py for tasks to queue
[2026-08-29T16:13:09.192+0000] {logging_mixin.py:188} INFO - [2026-08-29T16:13:09.192+0000] {dagbag.py:545} INFO - Filling up the DagBag from /opt/airflow/dags/lakehouse_pipeline.py
[2026-08-29T16:13:09.217+0000] {processor.py:840} INFO - DAG(s) 'lakehouse_pipeline' retrieved from /opt/airflow/dags/lakehouse_pipeline.py
[2026-08-29T16:13:09.266+0000] {logging_mixin.py:188} INFO - [2026-08-29T16:13:09.266+0000] {dag.py:3089} INFO - Sync 1 DAGs
[2026-08-29T16:13:09.281+0000] {logging_mixin.py:188} INFO - [2026-08-29T16:13:09.280+0000] {dag.py:3947} INFO - Setting next_dagrun for lakehouse_pipeline to None, run_after=None
[2026-08-29T16:13:09.304+0000] {processor.py:183} INFO - Processing /opt/airflow/dags/lakehouse_pipeline.py took 0.122 seconds
[2026-08-29T16:13:39.527+0000] {processor.py:161} INFO - Started process (PID=1792) to work on /opt/airflow/dags/lakehouse_pipeline.py
[2026-08-29T16:13:39.528+0000] {processor.py:830} INFO - Processing file /opt/airflow/dags/lakehouse_pipeline.py for tasks to queue
[2026-08-29T16:13:39.530+0000] {logging_mixin.py:188} INFO - [2026-08-29T16:13:39.530+0000] {dagbag.py:545} INFO - Filling up the DagBag from /opt/airflow/dags/lakehouse_pipeline.py
[2026-08-29T16:13:39.549+0000] {processor.py:840} INFO - DAG(s) 'lakehouse_pipeline' retrieved from /opt/airflow/dags/lakehouse_pipeline.py
[2026-08-29T16:13:39.588+0000] {logging_mixin.py:188} INFO - [2026-08-29T16:13:39.588+0000] {dag.py:3089} INFO - Sync 1 DAGs
[2026-08-29T16:13:39.600+0000] {logging_mixin.py:188} INFO - [2026-08-29T16:13:39.600+0000] {dag.py:3947} INFO - Setting next_dagrun for lakehouse_pipeline to None, run_after=None
[2026-08-29T16:13:39.618+0000] {processor.py:183} INFO - Processing /opt/airflow/dags/lakehouse_pipeline.py took 0.098 seconds
[2026-08-29T16:14:09.805+0000] {processor.py:161} INFO - Started process (PID=1797) to work on /opt/airflow/dags/lakehouse_pipeline.py
[2026-08-29T16:14:09.806+0000] {processor.py:830} INFO - Processing file /opt/airflow/dags/lakehouse_pipeline.py for tasks to queue
[2026-08-29T16:14:09.808+0000] {logging_mixin.py:188} INFO - [2026-08-29T16:14:09.808+0000] {dagbag.py:545} INFO - Filling up the DagBag from /opt/airflow/dags/lakehouse_pipeline.py
[2026-08-29T16:14:09.826+0000] {processor.py:840} INFO - DAG(s) 'lakehouse_pipeline' retrieved from /opt/airflow/dags/lakehouse_pipeline.py
[2026-08-29T16:14:09.867+0000] {logging_mixin.py:188} INFO - [2026-08-29T16:14:09.867+0000] {dag.py:3089} INFO - Sync 1 DAGs
[2026-08-29T16:14:09.879+0000] {logging_mixin.py:188} INFO - [2026-08-29T16:14:09.879+0000] {dag.py:3947} INFO - Setting next_dagrun for lakehouse_pipeline to None, run_after=None
[2026-08-29T16:14:09.898+0000] {processor.py:183} INFO - Processing /opt/airflow/dags/lakehouse_pipeline.py took 0.099 seconds
[2026-08-29T16:14:40.134+0000] {processor.py:161} INFO - Started process (PID=1802) to work on /opt/airflow/dags/lakehouse_pipeline.py
[2026-08-29T16:14:40.136+0000] {processor.py:830} INFO - Processing file /opt/airflow/dags/lakehouse_pipeline.py for tasks to queue
[2026-08-29T16:14:40.137+0000] {logging_mixin.py:188} INFO - [2026-08-29T16:14:40.137+0000] {dagbag.py:545} INFO - Filling up the DagBag from /opt/airflow/dags/lakehouse_pipeline.py
[2026-08-29T16:14:40.156+0000] {processor.py:840} INFO - DAG(s) 'lakehouse_pipeline' retrieved from /opt/airflow/dags/lakehouse_pipeline.py
[2026-08-29T16:14:40.195+0000] {logging_mixin.py:188} INFO - [2026-08-29T16:14:40.195+0000] {dag.py:3089} INFO - Sync 1 DAGs
[2026-08-29T16:14:40.207+0000] {logging_mixin.py:188} INFO - [2026-08-29T16:14:40.207+0000] {dag.py:3947} INFO - Setting next_dagrun for lakehouse_pipeline to None, run_after=None
[2026-08-29T16:14:40.225+0000] {processor.py:183} INFO - Processing /opt/airflow/dags/lakehouse_pipeline.py took 0.097 seconds
[2026-08-29T16:15:10.392+0000] {processor.py:161} INFO - Started process (PID=1807) to work on /opt/airflow/dags/lakehouse_pipeline.py
[2026-08-29T16:15:10.393+0000] {processor.py:830} INFO - Processing file /opt/airflow/dags/lakehouse_pipeline.py for tasks to queue
[2026-08-29T16:15:10.396+0000] {logging_mixin.py:188} INFO - [2026-08-29T16:15:10.395+0000] {dagbag.py:545} INFO - Filling up the DagBag from /opt/airflow/dags/lakehouse_pipeline.py
[2026-08-29T16:15:10.417+0000] {processor.py:840} INFO - DAG(s) 'lakehouse_pipeline' retrieved from /opt/airflow/dags/lakehouse_pipeline.py
[2026-08-29T16:15:10.457+0000] {logging_mixin.py:188} INFO - [2026-08-29T16:15:10.457+0000] {dag.py:3089} INFO - Sync 1 DAGs
[2026-08-29T16:15:10.469+0000] {logging_mixin.py:188} INFO - [2026-08-29T16:15:10.469+0000] {dag.py:3947} INFO - Setting next_dagrun for lakehouse_pipeline to None, run_after=None
[2026-08-29T16:15:10.487+0000] {processor.py:183} INFO - Processing /opt/airflow/dags/lakehouse_pipeline.py took 0.102 seconds
[2026-08-29T16:15:40.797+0000] {processor.py:161} INFO - Started process (PID=1812) to work on /opt/airflow/dags/lakehouse_pipeline.py
[2026-08-29T16:15:40.798+0000] {processor.py:830} INFO - Processing file /opt/airflow/dags/lakehouse_pipeline.py for tasks to queue
[2026-08-29T16:15:40.800+0000] {logging_mixin.py:188} INFO - [2026-08-29T16:15:40.799+0000] {dagbag.py:545} INFO - Filling up the DagBag from /opt/airflow/dags/lakehouse_pipeline.py
[2026-08-29T16:15:40.819+0000] {processor.py:840} INFO - DAG(s) 'lakehouse_pipeline' retrieved from /opt/airflow/dags/lakehouse_pipeline.py
[2026-08-29T16:15:40.857+0000] {logging_mixin.py:188} INFO - [2026-08-29T16:15:40.857+0000] {dag.py:3089} INFO - Sync 1 DAGs
[2026-08-29T16:15:40.869+0000] {logging_mixin.py:188} INFO - [2026-08-29T16:15:40.869+0000] {dag.py:3947} INFO - Setting next_dagrun for lakehouse_pipeline to None, run_after=None
[2026-08-29T16:15:40.896+0000] {processor.py:183} INFO - Processing /opt/airflow/dags/lakehouse_pipeline.py took 0.107 seconds
[2026-08-29T16:16:11.036+0000] {processor.py:161} INFO - Started process (PID=1817) to work on /opt/airflow/dags/lakehouse_pipeline.py
[2026-08-29T16:16:11.037+0000] {processor.py:830} INFO - Processing file /opt/airflow/dags/lakehouse_pipeline.py for tasks to queue
[2026-08-29T16:16:11.039+0000] {logging_mixin.py:188} INFO - [2026-08-29T16:16:11.038+0000] {dagbag.py:545} INFO - Filling up the DagBag from /opt/airflow/dags/lakehouse_pipeline.py
[2026-08-29T16:16:11.059+0000] {processor.py:840} INFO - DAG(s) 'lakehouse_pipeline' retrieved from /opt/airflow/dags/lakehouse_pipeline.py
[2026-08-29T16:16:11.098+0000] {logging_mixin.py:188} INFO - [2026-08-29T16:16:11.098+0000] {dag.py:3089} INFO - Sync 1 DAGs
[2026-08-29T16:16:11.110+0000] {logging_mixin.py:188} INFO - [2026-08-29T16:16:11.110+0000] {dag.py:3947} INFO - Setting next_dagrun for lakehouse_pipeline to None, run_after=None
[2026-08-29T16:16:11.136+0000] {processor.py:183} INFO - Processing /opt/airflow/dags/lakehouse_pipeline.py took 0.109 seconds
[2026-08-29T16:16:41.420+0000] {processor.py:161} INFO - Started process (PID=1822) to work on /opt/airflow/dags/lakehouse_pipeline.py
[2026-08-29T16:16:41.421+0000] {processor.py:830} INFO - Processing file /opt/airflow/dags/lakehouse_pipeline.py for tasks to queue
[2026-08-29T16:16:41.423+0000] {logging_mixin.py:188} INFO - [2026-08-29T16:16:41.423+0000] {dagbag.py:545} INFO - Filling up the DagBag from /opt/airflow/dags/lakehouse_pipeline.py
[2026-08-29T16:16:41.443+0000] {processor.py:840} INFO - DAG(s) 'lakehouse_pipeline' retrieved from /opt/airflow/dags/lakehouse_pipeline.py
[2026-08-29T16:16:41.482+0000] {logging_mixin.py:188} INFO - [2026-08-29T16:16:41.482+0000] {dag.py:3089} INFO - Sync 1 DAGs
[2026-08-29T16:16:41.494+0000] {logging_mixin.py:188} INFO - [2026-08-29T16:16:41.494+0000] {dag.py:3947} INFO - Setting next_dagrun for lakehouse_pipeline to None, run_after=None
[2026-08-29T16:16:41.511+0000] {processor.py:183} INFO - Processing /opt/airflow/dags/lakehouse_pipeline.py took 0.097 seconds
[2026-08-29T16:17:11.697+0000] {processor.py:161} INFO - Started process (PID=1827) to work on /opt/airflow/dags/lakehouse_pipeline.py
[2026-08-29T16:17:11.698+0000] {processor.py:830} INFO - Processing file /opt/airflow/dags/lakehouse_pipeline.py for tasks to queue
[2026-08-29T16:17:11.700+0000] {logging_mixin.py:188} INFO - [2026-08-29T16:17:11.699+0000] {dagbag.py:545} INFO - Filling up the DagBag from /opt/airflow/dags/lakehouse_pipeline.py
[2026-08-29T16:17:11.719+0000] {processor.py:840} INFO - DAG(s) 'lakehouse_pipeline' retrieved from /opt/airflow/dags/lakehouse_pipeline.py
[2026-08-29T16:17:11.759+0000] {logging_mixin.py:188} INFO - [2026-08-29T16:17:11.759+0000] {dag.py:3089} INFO - Sync 1 DAGs
[2026-08-29T16:17:11.771+0000] {logging_mixin.py:188} INFO - [2026-08-29T16:17:11.770+0000] {dag.py:3947} INFO - Setting next_dagrun for lakehouse_pipeline to None, run_after=None
[2026-08-29T16:17:11.789+0000] {processor.py:183} INFO - Processing /opt/airflow/dags/lakehouse_pipeline.py took 0.099 seconds
[2026-08-29T16:17:42.048+0000] {processor.py:161} INFO - Started process (PID=1832) to work on /opt/airflow/dags/lakehouse_pipeline.py
[2026-08-29T16:17:42.049+0000] {processor.py:830} INFO - Processing file /opt/airflow/dags/lakehouse_pipeline.py for tasks to queue
[2026-08-29T16:17:42.051+0000] {logging_mixin.py:188} INFO - [2026-08-29T16:17:42.051+0000] {dagbag.py:545} INFO - Filling up the DagBag from /opt/airflow/dags/lakehouse_pipeline.py
[2026-08-29T16:17:42.070+0000] {processor.py:840} INFO - DAG(s) 'lakehouse_pipeline' retrieved from /opt/airflow/dags/lakehouse_pipeline.py
[2026-08-29T16:17:42.110+0000] {logging_mixin.py:188} INFO - [2026-08-29T16:17:42.109+0000] {dag.py:3089} INFO - Sync 1 DAGs
[2026-08-29T16:17:42.121+0000] {logging_mixin.py:188} INFO - [2026-08-29T16:17:42.121+0000] {dag.py:3947} INFO - Setting next_dagrun for lakehouse_pipeline to None, run_after=None
[2026-08-29T16:17:42.140+0000] {processor.py:183} INFO - Processing /opt/airflow/dags/lakehouse_pipeline.py took 0.098 seconds
[2026-08-29T16:18:12.326+0000] {processor.py:161} INFO - Started process (PID=1837) to work on /opt/airflow/dags/lakehouse_pipeline.py
[2026-08-29T16:18:12.327+0000] {processor.py:830} INFO - Processing file /opt/airflow/dags/lakehouse_pipeline.py for tasks to queue
[2026-08-29T16:18:12.330+0000] {logging_mixin.py:188} INFO - [2026-08-29T16:18:12.329+0000] {dagbag.py:545} INFO - Filling up the DagBag from /opt/airflow/dags/lakehouse_pipeline.py
[2026-08-29T16:18:12.350+0000] {processor.py:840} INFO - DAG(s) 'lakehouse_pipeline' retrieved from /opt/airflow/dags/lakehouse_pipeline.py
[2026-08-29T16:18:12.390+0000] {logging_mixin.py:188} INFO - [2026-08-29T16:18:12.390+0000] {dag.py:3089} INFO - Sync 1 DAGs
[2026-08-29T16:18:12.401+0000] {logging_mixin.py:188} INFO - [2026-08-29T16:18:12.401+0000] {dag.py:3947} INFO - Setting next_dagrun for lakehouse_pipeline to None, run_after=None
[2026-08-29T16:18:12.419+0000] {processor.py:183} INFO - Processing /opt/airflow/dags/lakehouse_pipeline.py took 0.100 seconds
[2026-08-29T16:18:42.707+0000] {processor.py:161} INFO - Started process (PID=1842) to work on /opt/airflow/dags/lakehouse_pipeline.py
[2026-08-29T16:18:42.708+0000] {processor.py:830} INFO - Processing file /opt/airflow/dags/lakehouse_pipeline.py for tasks to queue
[2026-08-29T16:18:42.711+0000] {logging_mixin.py:188} INFO - [2026-08-29T16:18:42.710+0000] {dagbag.py:545} INFO - Filling up the DagBag from /opt/airflow/dags/lakehouse_pipeline.py
[2026-08-29T16:18:42.735+0000] {processor.py:840} INFO - DAG(s) 'lakehouse_pipeline' retrieved from /opt/airflow/dags/lakehouse_pipeline.py
[2026-08-29T16:18:42.782+0000] {logging_mixin.py:188} INFO - [2026-08-29T16:18:42.782+0000] {dag.py:3089} INFO - Sync 1 DAGs
[2026-08-29T16:18:42.796+0000] {logging_mixin.py:188} INFO - [2026-08-29T16:18:42.796+0000] {dag.py:3947} INFO - Setting next_dagrun for lakehouse_pipeline to None, run_after=None
[2026-08-29T16:18:42.817+0000] {processor.py:183} INFO - Processing /opt/airflow/dags/lakehouse_pipeline.py took 0.122 seconds
[2026-08-29T16:19:12.973+0000] {processor.py:161} INFO - Started process (PID=1847) to work on /opt/airflow/dags/lakehouse_pipeline.py
[2026-08-29T16:19:12.974+0000] {processor.py:830} INFO - Processing file /opt/airflow/dags/lakehouse_pipeline.py for tasks to queue
[2026-08-29T16:19:12.976+0000] {logging_mixin.py:188} INFO - [2026-08-29T16:19:12.976+0000] {dagbag.py:545} INFO - Filling up the DagBag from /opt/airflow/dags/lakehouse_pipeline.py
[2026-08-29T16:19:12.997+0000] {processor.py:840} INFO - DAG(s) 'lakehouse_pipeline' retrieved from /opt/airflow/dags/lakehouse_pipeline.py
[2026-08-29T16:19:13.039+0000] {logging_mixin.py:188} INFO - [2026-08-29T16:19:13.038+0000] {dag.py:3089} INFO - Sync 1 DAGs
[2026-08-29T16:19:13.051+0000] {logging_mixin.py:188} INFO - [2026-08-29T16:19:13.051+0000] {dag.py:3947} INFO - Setting next_dagrun for lakehouse_pipeline to None, run_after=None
[2026-08-29T16:19:13.072+0000] {processor.py:183} INFO - Processing /opt/airflow/dags/lakehouse_pipeline.py took 0.107 seconds
[2026-08-29T16:19:43.378+0000] {processor.py:161} INFO - Started process (PID=1852) to work on /opt/airflow/dags/lakehouse_pipeline.py
[2026-08-29T16:19:43.379+0000] {processor.py:830} INFO - Processing file /opt/airflow/dags/lakehouse_pipeline.py for tasks to queue
[2026-08-29T16:19:43.381+0000] {logging_mixin.py:188} INFO - [2026-08-29T16:19:43.381+0000] {dagbag.py:545} INFO - Filling up the DagBag from /opt/airflow/dags/lakehouse_pipeline.py
[2026-08-29T16:19:43.400+0000] {processor.py:840} INFO - DAG(s) 'lakehouse_pipeline' retrieved from /opt/airflow/dags/lakehouse_pipeline.py
[2026-08-29T16:19:43.439+0000] {logging_mixin.py:188} INFO - [2026-08-29T16:19:43.438+0000] {dag.py:3089} INFO - Sync 1 DAGs
[2026-08-29T16:19:43.450+0000] {logging_mixin.py:188} INFO - [2026-08-29T16:19:43.450+0000] {dag.py:3947} INFO - Setting next_dagrun for lakehouse_pipeline to None, run_after=None
[2026-08-29T16:19:43.469+0000] {processor.py:183} INFO - Processing /opt/airflow/dags/lakehouse_pipeline.py took 0.097 seconds
[2026-08-29T16:20:13.684+0000] {processor.py:161} INFO - Started process (PID=1857) to work on /opt/airflow/dags/lakehouse_pipeline.py
[2026-08-29T16:20:13.685+0000] {processor.py:830} INFO - Processing file /opt/airflow/dags/lakehouse_pipeline.py for tasks to queue
[2026-08-29T16:20:13.686+0000] {logging_mixin.py:188} INFO - [2026-08-29T16:20:13.686+0000] {dagbag.py:545} INFO - Filling up the DagBag from /opt/airflow/dags/lakehouse_pipeline.py
[2026-08-29T16:20:13.706+0000] {processor.py:840} INFO - DAG(s) 'lakehouse_pipeline' retrieved from /opt/airflow/dags/lakehouse_pipeline.py
[2026-08-29T16:20:13.751+0000] {logging_mixin.py:188} INFO - [2026-08-29T16:20:13.751+0000] {dag.py:3089} INFO - Sync 1 DAGs
[2026-08-29T16:20:13.764+0000] {logging_mixin.py:188} INFO - [2026-08-29T16:20:13.763+0000] {dag.py:3947} INFO - Setting next_dagrun for lakehouse_pipeline to None, run_after=None
[2026-08-29T16:20:13.791+0000] {processor.py:183} INFO - Processing /opt/airflow/dags/lakehouse_pipeline.py took 0.115 seconds
[2026-08-29T16:20:43.975+0000] {processor.py:161} INFO - Started process (PID=1862) to work on /opt/airflow/dags/lakehouse_pipeline.py
[2026-08-29T16:20:43.976+0000] {processor.py:830} INFO - Processing file /opt/airflow/dags/lakehouse_pipeline.py for tasks to queue
[2026-08-29T16:20:43.978+0000] {logging_mixin.py:188} INFO - [2026-08-29T16:20:43.978+0000] {dagbag.py:545} INFO - Filling up the DagBag from /opt/airflow/dags/lakehouse_pipeline.py
[2026-08-29T16:20:43.997+0000] {processor.py:840} INFO - DAG(s) 'lakehouse_pipeline' retrieved from /opt/airflow/dags/lakehouse_pipeline.py
[2026-08-29T16:20:44.037+0000] {logging_mixin.py:188} INFO - [2026-08-29T16:20:44.037+0000] {dag.py:3089} INFO - Sync 1 DAGs
[2026-08-29T16:20:44.049+0000] {logging_mixin.py:188} INFO - [2026-08-29T16:20:44.048+0000] {dag.py:3947} INFO - Setting next_dagrun for lakehouse_pipeline to None, run_after=None
[2026-08-29T16:20:44.067+0000] {processor.py:183} INFO - Processing /opt/airflow/dags/lakehouse_pipeline.py took 0.099 seconds
[2026-08-29T16:21:14.229+0000] {processor.py:161} INFO - Started process (PID=1867) to work on /opt/airflow/dags/lakehouse_pipeline.py
[2026-08-29T16:21:14.230+0000] {processor.py:830} INFO - Processing file /opt/airflow/dags/lakehouse_pipeline.py for tasks to queue
[2026-08-29T16:21:14.232+0000] {logging_mixin.py:188} INFO - [2026-08-29T16:21:14.232+0000] {dagbag.py:545} INFO - Filling up the DagBag from /opt/airflow/dags/lakehouse_pipeline.py
[2026-08-29T16:21:14.260+0000] {processor.py:840} INFO - DAG(s) 'lakehouse_pipeline' retrieved from /opt/airflow/dags/lakehouse_pipeline.py
[2026-08-29T16:21:14.306+0000] {logging_mixin.py:188} INFO - [2026-08-29T16:21:14.306+0000] {dag.py:3089} INFO - Sync 1 DAGs
[2026-08-29T16:21:14.321+0000] {logging_mixin.py:188} INFO - [2026-08-29T16:21:14.321+0000] {dag.py:3947} INFO - Setting next_dagrun for lakehouse_pipeline to None, run_after=None
[2026-08-29T16:21:14.346+0000] {processor.py:183} INFO - Processing /opt/airflow/dags/lakehouse_pipeline.py took 0.124 seconds
[2026-08-29T16:21:44.663+0000] {processor.py:161} INFO - Started process (PID=1872) to work on /opt/airflow/dags/lakehouse_pipeline.py
[2026-08-29T16:21:44.664+0000] {processor.py:830} INFO - Processing file /opt/airflow/dags/lakehouse_pipeline.py for tasks to queue
[2026-08-29T16:21:44.666+0000] {logging_mixin.py:188} INFO - [2026-08-29T16:21:44.666+0000] {dagbag.py:545} INFO - Filling up the DagBag from /opt/airflow/dags/lakehouse_pipeline.py
[2026-08-29T16:21:44.685+0000] {processor.py:840} INFO - DAG(s) 'lakehouse_pipeline' retrieved from /opt/airflow/dags/lakehouse_pipeline.py
[2026-08-29T16:21:44.724+0000] {logging_mixin.py:188} INFO - [2026-08-29T16:21:44.724+0000] {dag.py:3089} INFO - Sync 1 DAGs
[2026-08-29T16:21:44.736+0000] {logging_mixin.py:188} INFO - [2026-08-29T16:21:44.736+0000] {dag.py:3947} INFO - Setting next_dagrun for lakehouse_pipeline to None, run_after=None
[2026-08-29T16:21:44.755+0000] {processor.py:183} INFO - Processing /opt/airflow/dags/lakehouse_pipeline.py took 0.097 seconds
[2026-08-29T16:22:14.943+0000] {processor.py:161} INFO - Started process (PID=1877) to work on /opt/airflow/dags/lakehouse_pipeline.py
[2026-08-29T16:22:14.944+0000] {processor.py:830} INFO - Processing file /opt/airflow/dags/lakehouse_pipeline.py for tasks to queue
[2026-08-29T16:22:14.946+0000] {logging_mixin.py:188} INFO - [2026-08-29T16:22:14.946+0000] {dagbag.py:545} INFO - Filling up the DagBag from /opt/airflow/dags/lakehouse_pipeline.py
[2026-08-29T16:22:14.967+0000] {processor.py:840} INFO - DAG(s) 'lakehouse_pipeline' retrieved from /opt/airflow/dags/lakehouse_pipeline.py
[2026-08-29T16:22:15.009+0000] {logging_mixin.py:188} INFO - [2026-08-29T16:22:15.009+0000] {dag.py:3089} INFO - Sync 1 DAGs
[2026-08-29T16:22:15.022+0000] {logging_mixin.py:188} INFO - [2026-08-29T16:22:15.021+0000] {dag.py:3947} INFO - Setting next_dagrun for lakehouse_pipeline to None, run_after=None
[2026-08-29T16:22:15.043+0000] {processor.py:183} INFO - Processing /opt/airflow/dags/lakehouse_pipeline.py took 0.107 seconds
[2026-08-29T16:22:45.297+0000] {processor.py:161} INFO - Started process (PID=1882) to work on /opt/airflow/dags/lakehouse_pipeline.py
[2026-08-29T16:22:45.299+0000] {processor.py:830} INFO - Processing file /opt/airflow/dags/lakehouse_pipeline.py for tasks to queue
[2026-08-29T16:22:45.302+0000] {logging_mixin.py:188} INFO - [2026-08-29T16:22:45.301+0000] {dagbag.py:545} INFO - Filling up the DagBag from /opt/airflow/dags/lakehouse_pipeline.py
[2026-08-29T16:22:45.331+0000] {processor.py:840} INFO - DAG(s) 'lakehouse_pipeline' retrieved from /opt/airflow/dags/lakehouse_pipeline.py
[2026-08-29T16:22:45.376+0000] {logging_mixin.py:188} INFO - [2026-08-29T16:22:45.375+0000] {dag.py:3089} INFO - Sync 1 DAGs
[2026-08-29T16:22:45.393+0000] {logging_mixin.py:188} INFO - [2026-08-29T16:22:45.393+0000] {dag.py:3947} INFO - Setting next_dagrun for lakehouse_pipeline to None, run_after=None
[2026-08-29T16:22:45.421+0000] {processor.py:183} INFO - Processing /opt/airflow/dags/lakehouse_pipeline.py took 0.131 seconds
[2026-08-29T16:23:15.609+0000] {processor.py:161} INFO - Started process (PID=1887) to work on /opt/airflow/dags/lakehouse_pipeline.py
[2026-08-29T16:23:15.611+0000] {processor.py:830} INFO - Processing file /opt/airflow/dags/lakehouse_pipeline.py for tasks to queue
[2026-08-29T16:23:15.612+0000] {logging_mixin.py:188} INFO - [2026-08-29T16:23:15.612+0000] {dagbag.py:545} INFO - Filling up the DagBag from /opt/airflow/dags/lakehouse_pipeline.py
[2026-08-29T16:23:15.635+0000] {processor.py:840} INFO - DAG(s) 'lakehouse_pipeline' retrieved from /opt/airflow/dags/lakehouse_pipeline.py
[2026-08-29T16:23:15.674+0000] {logging_mixin.py:188} INFO - [2026-08-29T16:23:15.674+0000] {dag.py:3089} INFO - Sync 1 DAGs
[2026-08-29T16:23:15.686+0000] {logging_mixin.py:188} INFO - [2026-08-29T16:23:15.686+0000] {dag.py:3947} INFO - Setting next_dagrun for lakehouse_pipeline to None, run_after=None
[2026-08-29T16:23:15.703+0000] {processor.py:183} INFO - Processing /opt/airflow/dags/lakehouse_pipeline.py took 0.101 seconds
